mean radius,mean texture,mean perimeter,mean area,mean smoothness,mean compactness,mean concavity,mean concave points,mean symmetry,mean fractal dimension,radius error,texture error,perimeter error,area error,smoothness error,compactness error,concavity error,concave points error,symmetry error,fractal dimension error,worst radius,worst texture,worst perimeter,worst area,worst smoothness,worst compactness,worst concavity,worst concave points,worst symmetry,worst fractal dimension
1.2348803223463358,0.2295676113803604,1.206152254175466,1.2197704652751473,-0.1460243441685778,0.03235202320579956,0.7550408523462506,0.7157691138195733,-0.43408465979900557,-0.842719430537337,1.6452265191150175,1.1309532178818462,1.3719552976273401,1.2631301893653206,1.243796481384667,0.08851917129478015,0.5727327753488713,1.117749382808063,0.3281301466362801,0.13616108420008532,1.0319170382833847,0.25697330340454366,0.9672865257872371,0.929025131806985,0.0508970147109339,-0.2760562676752544,0.344756012321369,0.5155091816925447,-0.9581122876139397,-0.5520755503538837
-0.2879295314818249,2.0845245165832123,-0.3182887346078555,-0.35620264391289197,-0.7111370420534546,-0.6823364283970225,-0.7485196185332474,-0.4327194028866929,-0.6926149770273796,-0.7227191192903126,-0.6376010464233799,0.6764097948887795,-0.6661969197048881,-0.5351752164635832,-0.6915711767247826,-0.6474728614105157,-0.5226354967592326,-0.41422791622716015,-0.399631823425731,-0.9109576640859153,-0.41727674969807466,1.8884141877720475,-0.46050697061207746,-0.4667973449672987,-1.1206649954682144,-0.7356022738001613,-0.7951271692551358,-0.5358475210852028,-0.7313037716377241,-1.089351457610867
0.5298757603888539,-0.29295546050776683,0.5098734575791073,0.42270703172252133,0.060473273654115,0.16648599112491222,0.06680822851464628,0.2549303642973999,0.1803931956423481,-0.039302712554211514,1.098352968290021,0.1984177032492451,0.824696737439674,0.8007834698854622,-0.089553575613015,-0.33890138695777683,-0.042972415838882345,-0.022840140340346923,-0.20649991221419545,-0.14911865828701928,0.7416606455896924,-0.07063187922828536,0.639092744455467,0.6222112954330152,-0.05480782831274925,-0.2017546715762545,0.036834548841809756,0.1005398118263638,-0.18318319136186897,-0.14719585337188276
-0.35278995118191336,0.015808172880672242,-0.33303346206519013,-0.42541384597226584,-0.04387783570824228,0.14381546133576656,-0.22852724549341433,-0.5164848355459247,-0.19428842352920836,0.38801546895958167,-0.5145544974877556,-1.1825285056535009,-0.20508552140299627,-0.46865050862475477,-0.43897169356492005,0.3790997293925007,0.3624025014972454,-0.3078342160840154,0.9139209766686195,0.2655024744720163,-0.4068358722630496,-0.6171892693493866,-0.2578698927806272,-0.45831484478519496,-0.16932140825507164,0.4332430026479714,0.3414090398922432,-0.2480950383312817,1.1982868604932633,0.40656090993592875
0.23941388086237145,1.5335001862284596,0.21907466605945194,0.14926605309450305,0.4418692297038563,-0.13597666047860815,0.4332009127220821,0.4121516379039581,-0.6214254693847833,0.27679566829160857,0.9080557529691607,0.5122691143635054,0.6459289275148584,0.5463264624019432,1.166743588643595,-0.07012800019947266,0.5210673447079922,0.8647960611420851,0.10685981127471976,0.372983348078269,0.44722790192198947,1.2381425941038695,0.4042384789153015,0.2919352245128007,1.4691036586120085,-0.12682869231675875,0.6235110017756903,0.5700307047406564,-0.42030118533700334,0.5559873381301
0.20557366188841253,-0.04356944892479678,0.1793458170771892,0.06615588012976285,-0.4752447455371404,-0.12577492207349256,-0.37581634727435725,-0.034769162807143,0.2478358870932293,-0.6188164107715475,-0.4432392303869284,-0.4942198936925712,-0.3514859005614803,-0.3683882703819489,-0.5713016615332831,-0.2424046537808604,-0.5110184176802185,0.007820868346438373,-0.6579937178941425,-0.37464632188793595,-0.024699758141137385,0.0808237830944297,0.03991327211581357,-0.14157467841089086,-0.05921219677206887,0.2940055578574087,-0.4403480917678177,0.5139946949412084,0.10891868527416682,0.025303773293447535
-0.7109322686563141,-0.910482727284645,-0.7217208608710395,-0.69119620797896,1.367801608552939,-0.6060123114402315,-0.6199098544246091,-0.4391628977066338,0.734921992016253,0.3382592423449629,-0.23298852064407502,-0.8703004639070727,-0.2598611734690957,-0.3764662706195209,0.8370912127426605,-0.7973971643690019,-0.4758614678358333,-0.09336046031995297,-0.10673640840956132,-0.270808867725963,-0.6908277384957274,-1.241120747831005,-0.7110181871882544,-0.6710992642469069,0.5882299667479864,-0.9016881944920435,-0.7831736962939728,-0.5500836965477652,-0.2295758423570037,-0.34057123103492765
-0.1807688380642879,-0.34283266282436103,-0.2625864308801468,-0.2600444574451553,-1.2424458594406664,-1.2160384838498302,-0.8734692421520422,-0.9577353608154775,-0.8986898675717363,-1.1046713294790116,-0.5529834497078906,-0.10100375792872775,-0.5944906115456305,-0.4313491545865545,-1.104306671755221,-1.1079312842422882,-0.6550090557385263,-1.0386393581335411,-0.8856591496534358,-0.9900198660267857,-0.18131291966651125,0.06600746830199024,-0.2669027491475566,-0.2691731385970064,-1.2175611015732573,-1.1219705735149608,-0.796083447092029,-0.9558146972307939,-0.9684217656128584,-1.188236593915833
-0.4120103343863421,0.5050797765577367,-0.4354274027411252,-0.44413490882439166,-0.6538174186008922,-0.7344786469120578,-0.7327431509046117,-0.5386504577265213,-0.4453251083741521,0.017770606209616246,1.1951643671522838,0.9487750999362125,1.1160036143366574,0.31539069090429556,-0.8262462327330911,-0.4195879209136168,-0.3153623489810315,0.8816596159198168,1.7094709685466003,0.740240028061668,-0.5467436298923836,-0.36201940347959527,-0.5640837236195351,-0.5572171873339804,-1.7073268742496526,-1.0373042169517306,-1.054947857538975,-1.018211551385855,-1.23646819358475,-0.854224577952392
-0.9619138927131778,1.1701091407789899,-0.973200379171136,-0.8577002063758964,-1.0631383194095734,-0.7342897258304816,-0.9301383138741016,-1.06650155337608,0.6112770576896392,0.07777076183312943,0.4136525022908868,1.2554115360823288,0.3421730387846703,-0.17522902940706467,0.41062020204968325,-0.37597357823478433,-0.5901979829819206,-0.9048040552157235,0.5494004819978409,-0.3156229268906039,-0.6970922649567426,0.9467550698525595,-0.7188466627062596,-0.6905909667930179,-0.5392883588379608,-0.5782577173552204,-1.006751454559566,-1.2467476021625217,0.27558857959002214,-0.4394563673398945
0.050472658257766284,0.10606215802498492,0.13838824080681517,-0.03680996555692858,-0.647938482862168,1.184770620820712,0.5934898238290208,0.424780887751042,-0.3703887845398406,1.3421642852164077,1.7494281010965371,0.988457462261004,0.7385495755538993,0.8727727072967659,0.24277890090500023,4.405248737932212,2.0643045865728284,2.436172756339827,2.609900541347401,6.928587954170824,-0.12493218151737674,-0.5875566397645077,-0.18289718493511253,-0.2182781375043833,-1.4452669509201064,-0.05440024569924625,-0.24144230169406516,-0.19478510468423954,-1.076671284601507,0.20494510424746934
2.498248497374144,0.12981320674717203,2.4348795422866867,2.8876469739190767,-0.2180413069679505,0.42719708370008924,0.9897946906603501,1.3083128974613385,-1.153473368608395,-1.1573543929533148,3.2640461313881994,-0.8600191245774678,3.3652910723600327,3.3220698969770632,-0.43026136655940755,0.4341628370245264,0.23492034423543143,1.4933467392211819,0.21046037291799352,-0.344770282444842,3.01150739996411,-0.3011078871106772,3.1231282453610647,3.417826780981717,-0.5613102011345608,0.6655135383524081,0.5111483559407581,1.6877219272269393,0.01613338328389643,-0.6311836593978565
-1.2845239802649218,-1.4591319527671784,-1.16856801798082,-1.110434554879594,2.1394119242605076,2.1822739315431283,0.3738813944384119,0.5371554374108114,0.9147691692186004,4.829490403529317,-0.49238394812998565,0.30303484028733163,-0.5427027223195002,-0.5394518048246507,4.935635081413426,1.2693774993241658,0.6057497369418591,0.411013132577664,0.761717682402575,2.7823766265804686,-1.2045189082989538,-1.2608758342209243,-1.1533270539555662,-1.010940707712898,2.993015145536765,0.6892400984512486,0.08990796878937352,-0.11300282011207244,-0.08696139670529268,2.864405908982701
-0.5586512832734982,-0.31908161410217306,-0.5890183137550278,-0.5777352209963798,-0.7236297804982431,-0.7197428025491129,-0.6351814750891284,-0.6760257672876613,0.5887961605393462,-0.0685710811510465,-0.693396928973768,-0.43235148334073714,-0.6935847457379378,-0.5670120409293082,-0.5089893221861551,-0.5438887975482889,-0.3710020435173628,-0.5971208330438339,-0.30370537745973647,-0.4952435054935956,-0.5801544376844634,-0.0788631652240852,-0.637550955403895,-0.5848304326076377,-0.48203156886679904,-0.4814783274783718,-0.37388678210375137,-0.4975310062763912,0.36837388158029255,-0.16147926194926657
-0.7898927795955524,-0.4687132210519556,-0.777832740361452,-0.7544507082217485,0.9415787674954248,-0.18944132656467705,-0.8691780429570533,-0.7971634699025503,-0.6289191017682146,0.42021067441610005,-0.4558025416896649,1.237374098661969,-0.46800865132027364,-0.45130656693820304,-0.12506490878933524,-0.44957278150531393,-0.6265777832556757,-0.35244598372328784,0.3140609345612677,-0.11559919939964555,-0.7492966521318672,0.17466044344654652,-0.7561824690229015,-0.6952834137022669,0.3812246491599422,-0.47898079483638856,-0.9343612223067628,-0.771501659593151,-0.540578428657724,-0.18125628921025977
1.3984413807204723,-0.7941025885459256,1.378174074511037,1.3984715197727113,-0.6942351018046217,0.2571681102814955,0.38019198148986616,1.2147533526757968,-0.26922474736351987,-1.6080872693445762,2.1887744875363486,-1.061316926188683,2.0387243714137693,1.8751575014825428,0.793539577715098,0.27006387269541976,0.347422583737464,2.47143291632963,1.431923784884989,-0.1753512782858335,1.1822656733477441,-1.2987397498016031,1.1690203179819945,1.0950655609034863,-0.8916378355835691,-0.3391189668853299,-0.22040418928241834,0.9501668793260993,-0.7828511616323186,-1.1948289363361646
0.6934368187629902,0.2176920870192664,0.5917886101198554,0.5492160322080983,-1.573870861711251,-0.6379399742266118,-0.6649674459719926,-0.6822115223148046,0.12419095276661447,-1.3900379232981546,-0.592520929395914,-1.179822890040447,-0.5486782479994383,-0.41400521290000275,-1.464110179598314,-0.6071295944325957,-0.5455639423099186,-0.9998531821447578,-0.09650425417318856,-0.7808875899251281,0.5871356595513231,0.14173529946334718,0.5879065583762001,0.35329799178759463,-1.3981402084053811,0.22532341020287086,-0.11856059965330941,-0.41786900315609515,3.055711146631819,-0.44110445294497663
-0.16102871032947833,-0.9817358734512076,-0.1794425510512875,-0.2365013026462697,-1.0072884298916924,-0.5555703826593819,-0.5892404013545413,-0.6399421962959922,-0.07813712158602595,-0.5529625814286685,-0.9882652354321108,-1.2270809760817896,-0.8843036070226296,-0.689607573946578,-0.6115031707894948,0.23135614356795592,-0.23373708282058953,-0.5308930542803778,-0.2794040111483509,0.373347690022697,-0.38177776641898997,-0.9974746823553332,-0.2955067943094999,-0.417346173692906,-0.22657819822623285,0.34020991173409776,-0.07457181915622946,-0.1448070418901375,0.8391733768642553,0.6658597118022841
-0.6150516482300966,-1.105241326806583,-0.5984385562972134,-0.6089369924165893,0.49330991741769364,-0.2638762327057058,-0.2935262921233933,-0.5682905338982495,-0.5165146160167474,-0.3393034906717724,-0.5322909369739718,-0.8885182757016361,-0.5123271334464814,-0.4871823915227141,-0.5190396995002082,-0.6174880008188185,-0.2707283083090295,-0.9442034513782426,-0.7782215301715222,-0.51783270604813,-0.5446554544053787,-0.8229714192443794,-0.538791725792133,-0.5516223467883374,0.7379784943648707,-0.2517053244159182,0.15541300061654678,-0.7493901530236391,-0.26050427635376083,-0.06863710619627061
2.0808857966953145,0.7117139004407691,2.1195062050048072,2.1076026884138375,1.4927289930008307,1.9612362660989562,2.4210358339301825,2.749078339200124,1.3081848693487357,0.4846010853291368,0.8001590794280128,-0.5431013491017461,0.6379615599416076,0.9649569453019996,-0.6104981330580893,0.6358791719141261,0.4617590988835513,0.16265896221470377,0.010933365308725258,0.06730045670319806,2.0592993778898374,0.5006193688802147,1.9338021570486876,2.152670902757288,0.7732134420394313,1.9717231101096164,2.0694030911579686,1.927010833938095,1.5969200097847942,0.9031840389342034
-0.5276310825473691,0.5977088665742685,-0.5271723735867628,-0.5612833778839056,-0.6369154783520591,-0.19718709090930173,-0.36635046669717586,-0.3115817002718041,0.4389235128707232,0.18899056250110258,-0.405918805634682,0.5050541393953615,-0.33555116541497865,-0.4615228613563088,0.025020725767187946,-0.03632688462337746,-0.15425180491154492,0.17032421438640002,-0.10034131201182818,0.2257892025293671,-0.5300382259963436,0.790360635932365,-0.4912186822596379,-0.565880166243363,-0.09885151290595036,-0.0600196941437085,-0.13912057314650977,0.08388045756166304,0.12610114860569832,0.45875028743021606
-0.925253655491389,0.4908291473244244,-0.84991807459731,-0.8307532219675337,1.9336491734051562,0.3195120672016467,0.1921364873565285,0.18430966107084765,0.3077849461606781,0.8709435508073614,-0.6320584090839374,0.3715771024846989,-0.5252741057530139,-0.556082981784358,0.3439526991997993,-0.43376258228423725,-0.1872687665045326,-0.22213669680445067,-0.8690318990193301,-0.2926693843916414,-0.7367675992098373,1.5871491203257782,-0.6188830522455739,-0.6754307537015982,2.5657914049827144,0.08671034857280385,0.6206421682650112,0.4155530561043406,0.11235517794047273,0.6482801320147352
-0.7334924146389535,2.37666241586612,-0.7282740730742991,-0.7059461362866953,-0.20701830245784256,-0.3617373529621853,-0.22183802321887275,-0.756956062226119,-0.05190940824401672,-0.15930302380123587,-0.34790586814851693,2.171713357036607,-0.361943070501372,-0.4097286245389352,0.9459703003115669,-0.07721533088478282,0.326328413830833,-0.39920402197063554,0.5609116555137602,-0.6249492377099547,-0.6782986855736978,2.158400368434278,-0.6544122872888295,-0.6505246893371232,0.3503940699447012,-0.32975321947789293,0.09468935797383873,-0.7059243832602837,-0.025104528711779404,-0.6624972858944292
-0.6460718489562262,0.35069795986351754,-0.605401344263177,-0.6324801472154747,-0.7596382618979299,-0.07155457166111887,-0.2957981034619169,-0.29972566980311277,-0.8424876246960027,0.7187480341038187,-0.4931229664419112,0.30303484028733163,0.15991950554655748,-0.4387143900972819,-0.10663921704690484,1.4154855472982542,0.3605682258531906,0.6915613620617487,-0.21033697005283505,1.5199317891375346,-0.6532405797296378,0.2619120750020231,-0.468937636554545,-0.6174970822451016,-0.9268727832581297,0.1585144120298206,-0.17211215851931977,0.008156119994841836,-0.7450497423029492,0.8542908326500811
-1.282549967491441,0.01343306800845311,-1.2943077771308684,-1.0729924291753425,-0.8434130961747519,-1.0312736660682917,-0.8305572502021531,-1.0290004135240238,-0.8724621542297271,-0.0583271521421541,-0.4136784979099016,0.25433375925236035,-0.409747275940877,-0.5259092750146036,0.1349048510674995,-0.7832225029983814,-0.26614261919889237,-0.3378820045970649,0.21301841147708703,0.1132075417011227,-1.1356091172277893,-0.01795164885516713,-1.1644675768081127,-0.9457878871652494,-0.5613102011345608,-1.0018392534355693,-0.855850811897844,-1.1586044732347418,-0.5955623113186254,-0.2779439780417822
0.06175273124908576,0.22244229676370383,0.0753135733504389,-0.06035312035581385,0.17143818572253663,0.29684153741250074,0.36378445515608493,0.26446673663091247,0.5138598367050347,0.27972250515129093,-0.7333039178177543,-1.0301121594514606,-0.7125072437244085,-0.49787386242538295,-1.0027978608832868,-0.5248075226262997,-0.3691677678733079,-0.6923232650163021,-0.6579937178941425,-0.680329213263007,0.4096407431558991,0.7278028623642874,0.3048770588790777,0.2811065008760723,0.9934318650054369,0.934622680526097,1.0720053072785265,1.0425505711576213,3.1862978679514584,0.9361457510358591
-0.6122316299822667,-0.09107154636917267,-0.65496001155033,-0.6202830911148474,-0.9205741277455085,-0.8869379597440634,-1.030729071474283,-1.0580476881723173,-0.9661325590226164,-0.3319863985225634,-0.608409823102316,-0.12625617031723146,-0.6562377102383246,-0.5311362163447972,0.047801581012374306,-0.7979423436524874,-0.8023013899561329,-0.9694987835448404,-0.06964484930270988,-0.3968711804980424,-0.5697135602494383,0.22404815942134435,-0.6393575266772804,-0.5877180922440985,-0.164917039795752,-0.7537093854545395,-1.0874613039933385,-0.9697479753430892,-0.031977514044392204,-0.18839799349895206
0.12661315094917422,0.201066352913735,0.0855529674180324,0.05821361104098236,0.16776385088583332,-0.6213149190479049,-0.19217826407703756,0.07863634602381689,-0.849981257079434,-0.5163771206826245,0.24035270814431717,0.032473278981934854,0.1584256241265729,0.11938039102203299,-0.44198680675913604,-0.7619605109424507,-0.36977919308799284,-0.11175706553202415,-0.8012438772033608,-0.6406159413203577,0.5641657291942683,0.8529184095004427,0.47047942560611755,0.45075650451814975,0.6058474405852674,-0.4296545251572206,0.09038610770781999,0.6957331051015795,0.2240411895954276,-0.11533286500694932
0.2506939538536909,-0.6183448280017373,0.2510215755503437,0.14926605309450305,-0.5604893137486429,-0.17017137624390297,-0.17261544421752933,-0.22549660947739356,-0.8200067275457096,-0.42271834117275275,-0.5045777502767591,-1.5510333521514514,-0.4495841138071311,-0.3310869163437486,-0.5243999007343696,-0.34925979334399965,-0.3572449761869513,-0.5456103384500348,-0.6567146986145957,-0.35059975355568956,0.2927029158836202,-0.8986992504057371,0.29885515463445794,0.1827455945091232,0.7247653889869106,0.4819448891666438,0.28785748102623293,0.15506133487447527,0.887284274192544,0.7218946223750987
-1.0070341846784567,-0.9817358734512076,-1.03054098594966,-0.8917385024706705,-0.6222181390052489,-1.1688082134557762,-1.1255140889871265,-1.2768172242989508,0.43142988048729186,-0.4388159439010119,-0.28361127501098343,1.268037742276581,-0.35945326813473116,-0.4370512724013112,0.5613758617604767,-0.8410115070478342,-0.9805929825582669,-1.8119099972142643,1.5713368863555677,-1.0351982671358546,-1.0082304125204853,-1.069909999118371,-1.04101853979341,-0.8661967684352959,-1.1030475216309341,-1.1738568141521615,-1.3029107006453406,-1.7410760777987315,-0.324079390680427,-1.2426234188835648
-0.8378330898086611,0.16068957008601653,-0.7753752857852295,-0.76551315445255,-1.1895354377921477,0.2496112670184469,0.044973597316614516,0.16343273785423917,2.9305562803615786,-0.061253989001837504,0.29171448082315116,1.2319628674358611,7.419360821259257e-05,-0.13531420470376757,2.9155092412887966,3.1088124018039203,1.4953734243084746,3.5338368673267375,1.7670268361261967,0.9741475563844281,-0.9414087969363258,-0.5546314957813089,-0.8883632671923025,-0.8133165013426058,-1.3144572076782992,-0.4471372536511029,-0.56370793272702,-0.33048311760398336,0.09689096094209418,-0.7784126401185842
-0.7024722139128244,-1.0909906975732708,-0.6692951632449606,-0.6750280173339424,-1.1314809473722438,-0.15638013728883934,-0.2766139188254959,-0.5966419111059894,-1.175954265758688,0.7070406866650851,-0.7953814560195107,-1.0467066018781914,-0.7628012515305544,-0.6494551610009994,-0.01853090926037451,0.7394632357763529,0.2474545611364731,0.5305910664561263,0.2859225104112425,1.0852718494349605,-0.8182064432030317,-1.3333111509839615,-0.7986368939474698,-0.7479832020676781,-1.1162606270088942,0.14602674881990466,-0.01671701002420048,-0.14177806838746454,-0.506213501994661,0.7982559220772673
-0.2512692942600361,-0.8131034275236758,-0.2523470368125533,-0.4083946979248788,0.8386973920677491,0.9183918957982485,0.3499011636428856,0.524010707978132,0.4838853071713103,0.9177729405622979,-0.44952088603829676,-0.3715653192341245,-0.6681887615982008,-0.6513558669392516,-0.0815132737617728,0.5535571001078298,0.23614319466480152,0.3082987534769335,0.12476608118837221,0.2767970747492837,-0.17504839320549642,-0.4130533766535533,-0.3346491718995274,-0.49332771787728324,0.9229619696563144,1.3935443034905082,1.019888165167856,0.845667293483886,1.0797278635056966,0.9526266070866864
1.350501070507363,1.2603631259233026,1.2020564965484286,1.1687130211329864,-0.4480546677455407,0.29684153741250074,0.7272742693198521,0.8549486019302968,0.5251002852801813,-0.9451587206262599,0.5241357399237747,-1.0072046139276036,0.08871115786062829,0.41042598781690776,-1.0604200241505233,-0.3912385981723758,0.153600790682332,0.027750523992848747,-0.0926671963345485,-0.1844598268965328,1.7105740715600046,0.7755443211399256,1.358710301687513,1.3260783318203577,-0.34109177816855585,0.403896994104669,1.4487787750143848,1.2212600078153197,1.816855540428398,0.4735830578759614
-0.2174290752860767,-0.12669811945245374,-0.2134373393556979,-0.32017878054592264,0.8166513830475322,0.16837520194067443,-0.5952985649239374,-0.4644213974008022,-0.33666743881440003,0.06167315910487024,-0.7680377784782608,-1.1096572584752473,-0.7140011251443931,-0.5774659235896956,-0.8791782199204363,-0.6087651322830521,-0.5192726580784653,-0.6822051321496629,-0.87286895685797,-0.7491898407598943,-0.2126355519715861,-0.08874070841904465,-0.1768752806904928,-0.30400553296181604,1.3105463940764839,0.3526975749440137,-0.03393001108827518,0.4200965163583498,1.064263646507318,0.1313306138871059
3.242733314801245,-0.4330866479686737,3.3400419778619526,3.818027067176235,1.3604529388795334,2.48265845124931,3.1252973488724805,3.6537450119198263,0.5363407338553278,-0.22515685314411482,2.169560011426281,-0.6693634110442648,2.163712450219142,2.6782057603941154,-0.2238936190441886,0.9177368614760801,0.32357700036475046,0.49993005776934096,0.381848956377237,-0.16697141356399006,3.500140463923277,-0.348849345886316,3.6590777231322122,4.2335906282819185,0.8965357589003942,2.1090874054186917,1.7815634622531629,2.432849408884462,1.3598020158096598,0.21373489414124452
1.5676424755902674,1.3862436841508972,1.5461001372195706,1.497749883382469,0.37573120264320764,1.020409279849405,2.0865747202031053,1.684612994945887,1.4580575170173589,-0.23686420058284943,0.323861777391918,-0.04148021444154017,-0.05569737940454306,0.545376109432817,-0.6714704220966767,0.3376661038476098,0.4730704653552231,-0.21293839419841523,-0.5863686382395334,-0.2256304666168941,1.3075562025680427,1.2974078532736273,1.2322503125505004,1.2647155645455637,-0.22657819822623285,0.8128679642294163,1.40957138370177,0.8820149755159601,0.6982771775456973,0.021458240214921032
-0.519171027803879,-0.4283364382242363,-0.49194885799424115,-0.5703602568425121,0.5741452838251535,0.46875972164685675,-0.3818745108437534,-0.5345266210417592,-0.12684573207832822,0.4582595535919852,-0.5426371933409313,-0.6295006743452696,-0.3783757661212018,-0.5031008037555766,-0.1079792673554454,0.6244304069609325,0.47368189056990806,-0.2006739907237011,-0.2538236255574192,1.107861049989495,-0.45695208395116926,-0.42293091984851333,-0.3777057872485576,-0.5193166546054312,0.442885807590423,0.6455332772165427,0.23000267189420398,-0.2562732667884984,-0.13679054036673427,1.5129757128148287
-0.3020296227209747,0.29844565267470424,-0.35187394714956194,-0.3553516865105224,-1.6929193104204183,-0.984988001082119,-0.8983329551347721,-0.95309604454512,-0.3741356007315558,-0.5661333472972443,-0.31021593424030774,0.4527455708763182,-0.27430202719561275,-0.33987768130816526,0.2561794039904041,-0.2767509486404408,-0.570632376112002,-0.9589207355478995,0.06337315577013562,-0.4161813035527251,-0.3901304683670097,0.45452416730373674,-0.3758992159751716,-0.4330478229661622,-0.9180640463394899,-0.5701407362687749,-0.9348393612252092,-1.1057488856131004,-0.3635990563429499,-0.5476806554069965
-1.119834914591654,-1.086240487828833,-1.083376259338442,-0.9711611933584766,0.17878685539594227,-0.2512185202400993,-0.6735498443619705,-0.7518012663701663,-0.6738808960688017,1.0685050388359993,-0.25737612493762213,2.3214240876255925,-0.2404407150092967,-0.5000121566059168,3.4582296162476522,1.1510735948078332,-0.18237736478705294,0.17492336568941763,2.0957347909696704,1.0619539649915701,-1.146049994662814,-1.0238147975418923,-1.1105715338187667,-0.9586018768020445,0.1477931208159766,-0.5763845678737329,-0.9604676072539425,-1.1240741753042711,-0.7983153786306967,0.034093563187221954
1.7706837894340228,2.0251468947777433,1.7099304423010668,1.8579885170521613,-0.35252196199126956,0.047465709731896684,0.8358163666048657,0.8727326476333336,-1.3670418915361822,-0.9993052025304053,0.4299109051532518,-0.05951765186189998,0.4432590148702902,0.7040850552768795,-0.6758255855994331,-0.2712991558055868,0.07625550102468456,-0.13935197335013078,-0.9444940365125791,-0.34841370188912174,1.69178049217696,1.9229855889544065,1.6537836096738745,1.775470362744584,-0.4556053581108782,0.12604648768403925,0.6794532552339334,0.6260667145401039,-0.7931606396312374,-0.05380433575052532
1.573282512085927,0.6808375371019246,1.5297171067114208,1.6906335612528554,0.14130864006157387,-0.041327198608924365,0.7411575608330513,1.1711953276929958,-0.8649685218462957,-1.2875986332092315,1.2953013484182123,-0.3697615754920887,1.4879800879128056,1.711221614308287,-0.18201704690230158,-0.36343445471462016,0.05607846894008111,0.5198597134157513,-0.8703109182988769,-0.6726780324300194,2.2869105059733807,0.8529184095004427,2.3794230711505406,2.7247884682311025,0.8172571266326325,0.3689315371169044,1.2656515692493673,1.8755182843926566,-0.2244211033575448,-0.44549934789186457
0.34657457427990895,1.1083564141013018,0.4566286084276212,0.1909629658106011,1.6103077077753176,1.5512775190785695,1.4365842539033138,0.919125810336908,-0.021934878710292326,1.182651676363657,-0.27548207357980115,1.332972516989876,0.029951822007903237,-0.18663326503657807,0.8377612378969308,1.2977268220654068,0.8594912010361171,1.3170459392721672,0.08767452208152077,0.7857827711151649,0.15488333374129118,1.7501285830426117,0.29885515463445794,0.03818213395879973,1.7862181876830556,1.5034357397377682,1.5233684462920416,1.53475876534196,0.19654924826497736,1.232801159950758
1.7904239171688314,0.6784624322297064,1.7222177151821783,1.7757293014897906,-0.40322778273776766,0.5651094732507264,0.9443584638898793,1.1874329346392472,-0.17930115876234667,-1.8305268706805236,1.6718311783443416,0.4653717770705699,2.067606078866804,1.6945904373485796,0.3640534538279048,0.5731835543133047,0.697463519144603,2.426974453733792,1.4575041704759208,-0.5386001968805247,1.4349349072753466,0.35245622095582013,1.5213017162922433,1.3856363118223636,-0.6538019387802833,0.22532341020287086,0.5431836634766749,1.1667384847672084,0.017851629617049388,-1.406882617523481
1.0205589355112619,-1.4377560089172097,0.8989704321476606,0.9307286009370244,-1.3232812258481252,-0.8070243422373243,-0.5645029001128404,-0.19998036999042765,-2.221315983247333,-1.5100382345451788,0.27989018783234054,-0.31745300697304507,0.14249088898007123,0.2512418654882825,-0.8939187733143807,-0.9443774991966669,-0.6281063462923882,-0.6717803891961559,-0.9393779593943927,-0.9233452901964663,0.7207788907196422,-1.198318060652846,0.5818846541315803,0.5807011881588899,-1.4985598092778798,-0.9749907775342499,-0.8018211141133872,-0.47784267850901774,-1.9168937415133978,-1.4035864463133154
0.5073156144062149,-0.8962320980513323,0.5385437609683692,0.36654384316614425,-0.1085461288342104,0.6085613220132557,0.3940752730030655,0.5379286567892043,-0.11560528350318171,-0.43735252547116976,-0.2607017073412877,-0.8556901395965814,-0.12342000377717519,-0.16881414686546328,-0.40145028492578955,0.3736479365576465,0.15512935371904446,0.4248105864867173,-0.7283397782692049,-0.2631576868929755,0.4994322890971141,-0.6122504977519065,0.4975779947069056,0.32803096996856185,0.47812075526498365,1.1981123742553232,1.0667457791756148,1.2591221765987304,0.2068587262638961,0.38348771146476973
-0.26818940374701583,0.23669292599701694,-0.21835224850814297,-0.3369142761258531,0.5667966141517479,0.7313600250377957,0.11729292492628061,0.3103444197488918,0.6037834253062079,0.742162728981288,-0.1376551584056635,-0.7162607483372002,-0.2240080193894669,-0.2149062658680803,-0.6584049315884081,-0.2249589167093274,-0.3126109355149492,-0.34631378198593077,-0.4060269198234637,-0.19174666578509234,0.21126407189042568,0.37879633614237923,0.16035135700820619,0.03421160195866613,0.8965357589003942,0.7273274712414922,0.4489902965427104,0.5185381551952176,1.4439960861341643,1.0130564126063883
1.2010401033723765,-0.4188360187353614,1.1733861931591667,1.1460208237364702,0.3536851936229907,0.5065439379620998,0.7563029697565417,1.0900072929617406,0.07173552608259705,0.617772162444738,1.4213039706015393,-0.31925675071508125,0.9830481679580341,1.3161123673941015,0.3138015672576407,0.3567473787695991,0.37524243100562965,0.5995783360013931,-0.5364868863372161,0.5143480225163235,1.3326143084121027,-0.4640873498275119,1.162998413737375,1.2845682245462324,0.37682028070062135,0.3308441643266608,0.3863540982262162,0.7775153896737468,-0.6677286573110573,0.5598328712086266
-0.5276310825473691,-0.17657532176904794,-0.5587097073149506,-0.559581463079167,-0.8537012337175196,-0.6940495354547477,-0.7919364574472529,-0.7816990823346921,-0.7900321980119842,-0.3056448667854118,-1.0632755940925662,-0.5909005582656996,-1.010088422585327,-0.740047557782947,-1.1994502436615881,-0.8246561285432721,-0.6238263697895934,-0.9598405658085031,-1.0046079426512688,-0.9062212188083516,-0.642799702294613,0.29483721898522186,-0.6688648574759167,-0.6211066567906777,-0.6273757280243625,-0.37221127439160717,-0.37675561561443044,-0.4625463623205199,0.1450018582703828,-0.6817249512870618
1.787603898921002,-0.3594583969298924,1.6484940778955057,1.8778441897741127,-0.8559058346195414,-0.495871320881298,-0.028734059444371515,0.531742901762061,-0.0032007977517144503,-0.8895488202922733,0.5019651905660045,-0.8804014288624743,0.259511600212193,0.8007834698854622,-0.6071480072867386,-0.6823643355535817,-0.4119675329012551,0.24237758480034527,-0.8281032820738392,-0.11341314773307773,1.800365617501219,-0.3768357182720347,1.5363564769037923,1.927072493658781,-0.38953983122107716,-0.4327764409596996,-0.14772707367854712,1.0758692796870228,-0.255349537354301,0.2615293766886447
-0.6855521044258448,-0.48058874541304875,-0.7123006183288533,-0.6582925217540119,-0.40543238363978845,-0.8041905260136811,-0.7654319918311449,-0.8546394436964231,0.12793776895833067,-0.37442553298797415,-0.2359445938917778,-0.14790109522166325,-0.32459603500175865,-0.36387409377859986,-0.5274150139285856,-0.3247267255871563,-0.3450164718932521,-0.9843693727579312,-0.715549585473739,-0.2813747841143743,-0.6093888945025333,-0.19903994076276113,-0.6556166681377537,-0.5888009646077714,-0.3631136204651564,-0.5201900834291111,-0.6100874078163324,-0.9299169737829411,-0.20552039369286035,-0.16752224250123668
-0.33304982344710377,0.006307753391796556,-0.4112624327416044,-0.38797172026801424,-1.160140759098525,-1.2657247283043747,-1.1167802365079138,-1.1694170526401761,0.023026915590294784,-1.1324762796460044,-0.013500082002150726,-0.014424058311000652,-0.1403506598703331,-0.17617938237619077,0.15199049250138935,-0.9269862800534825,-0.9594376701301673,-1.1730878812250942,0.19639116084298114,-0.3108864816130402,-0.44651120651614423,-0.5678015533745882,-0.5279522981518177,-0.476723674967633,-1.3452877868935402,-1.2113198037819093,-1.2940890376000025,-1.5728165997252546,-0.789724146964931,-1.1739531853384493
0.4368151582104662,-0.3309571384632671,0.44843709317354624,0.3319382421364572,0.05238973701336912,0.459313667568046,0.13079758121639282,0.4258118469222325,0.1092036879997528,-0.28223017190794364,0.3626602387680158,-0.4276617496114435,0.3421730387846703,0.3275076912606536,-0.4242311401709759,0.8185142318817364,-0.12734909546540665,0.15346065960866806,-0.036390348034498504,0.10956412225684309,0.8460694199399416,0.2602658178028635,0.8649141536287032,0.741327255437027,0.3063503853515001,1.90428972877607,0.5929101109951131,1.0001449421202013,1.5350631417912808,1.1284224049621825
-0.8180929620738516,-1.216871255800865,-0.8544234079870511,-0.7584218427661388,-0.19085122917635078,-1.2500442785335488,-1.1067464030961014,-1.1909125513594987,0.5288471014718964,-0.6641823820966426,-0.6287328266802719,0.1046230286633741,-0.6532499473983555,-0.5532319228769795,0.4652272521227039,-0.9049065190723236,-0.9351335178464403,-1.3009442874489887,0.41126639980680874,-0.8074845518683703,-0.8704108303781564,-1.10448140030073,-0.9154618362930906,-0.7764988409777295,-0.2970480935753541,-1.1390786721125457,-1.2792189172363155,-1.5728165997252546,-0.24160356668907634,-1.1206650841074397
-0.5671113380169878,0.1796904090637662,-0.5398692222305789,-0.5981581986532442,0.9709734461890462,0.19482415336134454,-0.09373310607435067,-0.7185528330992713,1.165805854063544,0.9060655931235643,-0.837135990643311,-0.7685693168562435,-0.9417184495973684,-0.6603842201459498,-0.2563898390262929,-0.1971547732515718,0.23186321816200675,-0.29510989747899957,-0.916355612362554,-0.011033061348816715,-0.6699459836256776,-0.25172017113587875,-0.6818119516018492,-0.6730845302469738,0.3327765961074203,-0.1524284018970864,0.38731037606310914,-0.5161591933178294,-0.32579763701358094,0.22691957898190615
-0.14974863733815885,-0.3903347602687361,-0.2003309149491779,-0.2634482870546325,0.22875780917509914,-0.47830166029471,-0.5515030907868446,-0.462359479058421,-0.3029460930889605,-0.2734496613288934,-0.608040313946353,-0.4974666324282358,-0.6537479078716837,-0.46888809686703625,-1.2704729100142285,-0.9491750768913384,-0.4614929752907368,-0.3964445311888248,-0.9611212871466848,-0.8450117721444517,-0.29407439596478024,-0.35708063188211525,-0.3611455505758537,-0.3641049491456583,-0.5613102011345608,-0.7574556844175142,-0.469992704711502,-0.3663764536106566,-0.6539826866458318,-0.8053313716682697
-1.0324143489089261,0.22244229676370383,-0.9215938330704645,-0.9237912312932495,-0.4157205211825561,1.1545432477685178,1.7521136064760277,0.2544148847118046,1.4056020903333404,3.1831446699573402,-1.0943143631934447,0.016239585303611227,-0.25587748968247026,-0.7875414474150249,0.48968317025356595,2.771346425326455,3.712095540148793,2.663064220622038,-0.5364868863372161,3.0447028265686114,-1.1523145211238293,-0.47396489302247136,-0.941356024544955,-0.9679867706205424,-0.8079548348564871,0.6617672393894334,1.5802669775871776,0.47764701290913403,-0.5182412263267335,1.9634524448707862
1.7819638624253422,0.3744490085857047,1.8491862016203386,1.8267867456319515,0.603539962518775,1.3037909022137275,1.5060007114693106,2.1305028364857974,1.1770463026386906,-0.034912457264686926,1.0750738914643625,-0.4182822821528564,0.9108438993254486,1.1262793618111588,-0.8239011446931457,0.03073016724532719,0.2437860098483635,0.3665546699818254,-0.11313150480729402,-0.42055340688586074,1.6562815088978755,-0.03606047804592641,1.5785098066161292,1.6617687645589365,-0.25740877744147383,0.35956578970946745,0.8166791248280848,1.5120414640719138,0.3065170135867783,-0.4707699938364672
-1.0577945131393953,0.13693852136382859,-1.0620783196778476,-0.9254931460979883,0.779908034680505,-0.8534989283050733,-0.5157851680756134,-0.48555606041020827,-0.2842120121303826,0.24167362597540576,-0.13211252106622098,2.507209693055299,-0.17919157678993106,-0.4075903303584014,3.016013014429325,-0.63984035144172,-0.41043896986454265,-0.0749638551078818,1.8412099543398988,-0.10321157328909449,-1.020759465442515,0.6191498872197311,-1.0265659696063227,-0.8761230984356302,0.8304702320105926,-0.9572582957761694,-0.73822863796,-0.7209178020985142,-0.026822775044932367,-0.3724342193998619
0.3211944100494391,0.8257189343072697,0.30918133385427493,0.18216973931945138,-0.3223924163303078,-0.024324301267065036,0.2905816453592152,0.6518496452057593,-0.3591483359646941,-0.26027889546031663,-0.3501229230842939,-0.6866793509678101,-0.39929010600098513,-0.25981044365928946,0.9530055644314039,-0.06304066951416232,0.4045908413105077,0.8908579185258525,0.5557955783955736,-0.6198484504879632,0.012887400624952281,0.023204781123831453,-0.008261961841143313,-0.10349366695506279,-0.3058568304939946,-0.3509822469347501,0.05787266125345673,0.49430636717383497,-0.5886893259860126,-0.8778471382919117
-1.8335815331174086,1.4741225644229907,-1.829623298984657,-1.376216916886288,-1.132215814339585,-1.0599896704678766,-1.1255140889871265,-1.2768172242989508,0.2141145413677887,1.478262199191691,-0.11068099002037662,0.43290438971392226,-0.19164058862313543,-0.5045263332092658,1.8836705037127006,-0.8670710767984366,-0.9805929825582669,-1.8119099972142643,1.0814725022892229,1.103488946656359,-1.5225480349698128,0.859503438297083,-1.5236741649996735,-1.1555041682632214,-0.31026119895331544,-1.0771398625913624,-1.3029107006453406,-1.7410760777987315,0.2738703332568692,0.8306682723105614
0.1801934976579427,-0.6207199328739557,0.24528751487249134,0.05254056169185335,1.4559856446338035,1.1337619287951337,1.0074643344044223,1.0229949468343553,1.2894507883901578,0.7216748709635031,0.07000898724544992,-0.4925965243247388,0.05584576662096846,0.01911815277922719,-0.017525871528969377,0.001835665220600801,-0.06009232185006114,0.13659710483093634,-0.5556721755304151,0.014835216705569474,0.5098731665321384,0.27508213259530295,0.5818846541315803,0.3731506517882633,2.429255982743791,1.199361140576315,0.9462547717270916,1.328788567160206,1.1793861508285788,1.2218139225835392
1.2912806873029343,0.16543977983045394,1.1570031626510173,1.2424626626716635,-0.5259505662836375,-0.869935062402204,-0.11329592593385909,0.22915638501763644,-0.9848666399811943,-1.871502586716093,-0.2932185130660173,-0.7106691427368887,-0.25587748968247026,-0.08637102679377226,0.17879149867219682,-0.78812911654975,-0.17870881349894321,0.4309427882240744,-0.13615385183913262,-0.7896317965913995,0.7500133475377121,-0.23031882754679966,0.639092744455467,0.6276256572513794,-0.3675179889244766,-0.8735909522697326,-0.24622369087853038,0.21866977843060492,-0.5697886163213282,-1.4772009366736794
-0.7814327248520623,-0.2668293069133606,-0.780699770700378,-0.7399844323814695,-0.5773912539974759,-0.5279879047492547,-0.7034620269858638,-0.8896920555169017,-1.5056740906296586,-0.04661980470342052,-0.29506605884583154,-0.2940043383265775,-0.2001059166697144,-0.41448038938456583,-0.12908505971495635,0.0503566214508017,-0.30160528165061995,-0.6150575231256034,-0.1821985459028103,-0.15749852300886272,-0.770178407001917,-0.6731620141208247,-0.7552791833862086,-0.7191066057030692,-0.8035504663971669,-0.4808539443178759,-0.7167123866299066,-0.9067453264874938,-1.1866390499233088,-0.43286402491956294
-0.7306723963911237,-0.22645252408564212,-0.7159868001931871,-0.7133211004405632,1.309012251165695,-0.060219306766545896,-0.23319707991149044,-0.37859404639918937,-0.04441577586058536,0.3587471003627457,-0.3756190548457296,0.7846344194109384,-0.35945326813473116,-0.46936327335159933,0.5034186859161053,-0.13609469350120654,-0.0802693539346648,0.33129450999202226,-0.6029958888736389,-0.001195828849261346,-0.6741223345996875,0.5862247432365323,-0.6703703335370715,-0.6615338917011301,1.5924259754729715,0.06298378847396374,0.07078241205151269,0.10356878532903674,-0.15912774269772467,0.36865494101902446
-0.31612971396012457,0.7734666271184564,-0.23063952138925506,-0.3817313659839725,0.2801984968889365,0.8201529333786165,-0.026840883328935264,0.03817119855458816,0.1391782175334772,1.5148476599377352,-0.7927948919277709,-0.5405761078628958,-0.6900990224246405,-0.6007495713332857,-0.598437680281226,0.26243136272662404,-0.20836293641116369,-0.538864916538942,0.610793407416077,0.12923858725595383,-0.3796895909319846,0.5697621712449327,-0.2497403220503904,-0.4492909084212547,0.09934506776345463,1.1506592540576426,0.20896455948255702,-0.035763995793914545,2.1123939097307396,1.282243728103241
0.8034175304283565,1.868389973211305,0.7597146728283892,0.7571332908536765,0.19054472687339047,0.11547729909933425,0.14543814317576667,0.3807073831826465,-0.0743903053943108,0.00899009563056707,1.9267924959586984,-0.12625617031723146,1.5806007359518466,1.7777463221471153,0.570421201343124,-0.18570600829837822,-0.1487489779793802,0.42327753605237783,0.010933365308725258,0.20902947308568023,1.3764659936392076,1.4472172583971827,1.3346226847090343,1.3711980136400592,1.2048415510528019,-0.07188297419312856,-0.041102094864972995,0.6139508205294125,0.19139450926551752,0.34832855188967055
0.008172384540317263,0.0870613190472344,0.21211187809348828,-0.09666063619023971,-1.3240160928154667,2.2370610452002304,2.664624494116318,0.7330376799370146,-0.4078569464569963,2.1865567192351016,-0.165737854258839,0.4834092144909297,0.2600095606855211,-0.2643246202626386,-0.5826920891558764,2.66394610647983,3.4063829328063133,1.7018415982913213,0.6773024099524998,3.3288895432224317,-0.2230764294066108,-0.32415548789891646,-0.02331672245269239,-0.323497235507927,-1.9006786496138055,1.020163173514021,1.9403055831774079,0.5382264829625911,-0.86017224662421,1.3152054402048967
-0.23434918477305638,0.29369544293026684,-0.16428824783124893,-0.30429424236836133,1.0444601429231006,0.7937039819579467,0.698245568883162,0.8294323624433307,1.1358313245298197,1.5367989363853611,-0.06301430890117077,-0.5256050348039972,0.10763365584709891,-0.1593106171742021,-0.5438306302082051,-0.16062776125804967,0.07472693798797234,0.23317928219430956,-0.42393318973711613,0.05892059198135447,0.008711049650942401,0.6520750312029299,0.1663732612528259,-0.07912903877242401,1.0903279711104796,0.8097460484269373,1.1384666169425932,1.3651362491922805,1.1793861508285788,1.4635331446623456
0.707536910002139,0.5478316642576743,0.7146613389309775,0.582970675835416,-0.02109695972068514,0.5424389434615804,0.5758201800849491,0.2742608487572226,0.3115317623523932,-0.9056464230205326,0.19896768267647966,-0.5452658415921894,0.06530701561420389,0.11439103793412084,-0.4225560772853005,-0.033055808922465166,0.1490151015721947,0.02008527182115249,0.9625237092913902,-0.4292976135521322,0.7604542249727372,0.5467145704566934,0.7745855899594087,0.6149921463418629,1.0418799180579577,0.7966340020565257,1.2833427092318888,1.0046884023742106,3.375304964598305,0.11375103409955628
0.1548133334274734,1.1059813092290836,0.19450012029722777,0.01226191131303724,1.5294723413678577,0.8125960901155682,0.47358866985138964,1.0503153648709047,0.5251002852801813,0.5548451699615424,-0.18458282121294356,0.10642677240540988,-0.21255492850291877,-0.12200926313600181,-0.1119994182810665,-0.13609469350120654,-0.2728682965604269,0.0032217170434205114,-0.1745244302255306,-0.2256304666168941,0.19664684348139072,1.2661289664895887,0.20551563884285343,0.06651729414157231,1.416251237100167,0.5350174578087866,0.14298138873693728,0.7033055388582616,0.7257691188761475,0.2664736335038926
-0.4120103343863421,2.409913884077183,-0.46286897884227585,-0.4427166464871094,-1.0014094941529683,-1.1816548470029589,-0.8734692421520422,-0.8904652748952944,-1.0260816180900652,-0.9334513731875254,-0.6161695153775354,0.26154873422050423,-0.697070469051235,-0.5135546864159639,0.6022473961709587,-0.7232527818149869,-0.5746066400074541,-0.3854065680615819,-0.17836148806417024,-0.7714146993700007,-0.5216855240483239,1.695802095470334,-0.5923866735692477,-0.5297844207876019,-0.4071573050583575,-0.933531735677329,-0.8891770945135665,-0.7569625867803212,-0.8447080296258319,-1.0668276210080694
-0.8744933270304499,0.7497155783962693,-0.8667106808681637,-0.8100465918432129,-0.053431106283669705,-0.43352736396114705,-0.5166686502628169,-0.6950985119546864,0.8136051320422807,0.40557649011768204,-0.47169143539606667,0.4419231084241024,-0.43962490434056756,-0.5351752164635832,-1.1867197657304547,0.26788315556147807,0.07258694973657497,-0.24206635245086106,1.1198430806756208,0.3205181080806406,-0.907997989144246,0.421599023320538,-0.9025147421671587,-0.8151212886153938,-1.0545994685784128,-0.4852246264413465,-0.5551014321949825,-0.7698357241666808,0.4645956762368688,-0.21641544878535898
1.6776231872556346,1.1131066238457392,2.0908359016155447,1.6480856911343877,2.367220684136075,4.543787451245817,3.6124746692447514,2.8573290521751304,4.095816115985122,2.732411793566079,1.9363997340137318,1.1958879925951416,2.87430204565845,1.806256911220899,1.1198418278446818,2.330841564270248,2.3547315635481842,2.1632897790274392,7.493196150656291,0.7810463258376013,1.462081188606412,0.9912040142298779,1.8826159709694212,1.3260783318203577,1.3766119209662855,2.2508223828512377,2.369674331942383,2.0572566945530277,4.366733098827673,0.8449516808879459
-0.5530112467778385,-0.3238318238466105,-0.5832842530771755,-0.5612833778839056,-0.700848904510687,-0.7486477280302739,-0.7202481885427322,-0.5930335540068224,0.5738088957724835,-0.9919881103811963,-0.27141747286421,1.0082986434233996,-0.39729826410767244,-0.3465301520920481,-0.3850346686461697,-0.13609469350120654,-0.35113072404010165,-0.16388078029955902,0.6926506413070591,-0.5743057074344663,-0.4736574878472092,0.523666969668454,-0.5652881044684592,-0.501810218059387,-0.38073109430243673,-0.4771076453549012,-0.644513409944482,-0.2974673064248492,0.9560141275186691,-0.8404905312433689
-1.0577945131393953,-1.0221126562789264,-1.03054098594966,-0.9371228972637026,0.13028563555146594,-0.06777615002959446,-0.3259627095678684,-0.7051503638737943,0.4201894319121453,0.9367973801502415,-0.2958050771577571,-0.1713497638681308,-0.15578743454350666,-0.46579944971737636,0.10944389520523203,0.7127494508855682,0.6283724698852027,0.12586575179056142,0.15929960173613014,0.35950269613443403,-0.8850280587871909,-0.6797470429174642,-0.7938193705517743,-0.8082630969787993,0.0024489616584131685,0.27277653040055144,0.10233958066898301,-0.33108891230451787,0.20857697259704905,0.670254606749172
-0.8152729438260217,-0.15994958766351652,-0.8146945590047884,-0.7737390760087872,0.6255859715389909,-0.3759064340804015,-0.5825511790799996,-0.608240201781883,0.4276830642955767,-0.0934491944583569,-0.608409823102316,-0.38238778168634036,-0.6900990224246405,-0.5270972162260111,0.5158141512701034,-0.500819634152942,-0.3389022197464024,-0.11482316640070254,0.5084718650523498,-0.95686474908384,-0.8140300922290215,-0.4393934918401124,-0.8618668885159758,-0.7393202231582954,0.6895304413123488,-0.6150963238244723,-0.5264130970881914,-0.4474014948071556,0.2773068259231751,-0.9025684223681528
2.9325313075399526,0.5502067691298934,2.983711064309699,3.3386543971748335,0.485961247744288,1.9971312715984373,1.7899771287847535,2.514535127754275,0.6674793005653729,0.6792357364980923,2.1573662092795076,-0.5800780958134838,2.078063248806695,2.3645892805824955,-0.6862109754906209,0.35565702020262835,0.11110673826172729,0.6363715464255355,-0.20138383509600885,0.33399876002447587,2.8298361325946773,0.20264681583226524,2.9484930222670953,3.1651565627913887,0.06851448854821483,1.0170412577115422,0.9242603814785517,2.0072786317589255,0.44397672023903045,0.6839886534581952
-1.1846953342917423,0.47420341321889303,-1.206658563912268,-1.0117234962047492,-1.1182533419601142,-1.2424874352705002,-1.0943397889529423,-1.1438492651946506,-0.6851213446439482,0.24021020754556457,-0.8223556244047977,0.21465139692756874,-0.8429728877363909,-0.6836678678895397,-0.4399767312963255,-1.0848702005508555,-0.9171881877954366,-1.2712031090228069,-0.7564782024192301,-0.5218404674368379,-1.0980219584616997,0.5335445128634141,-1.1397777694051718,-0.9239499611645138,-0.8828290986649286,-1.1549380043891389,-1.2438605442171955,-1.3504899446290668,-0.9443663169487146,-0.20048395460289228
-0.8547531992956409,2.3956632548438703,-0.9002958934098702,-0.7884890043165226,-1.6091444761435965,-1.3093654981484804,-1.1255140889871265,-1.2768172242989508,-2.8208065739218244,-1.1310128612161632,-0.3456888132127399,4.823216657829496,-0.41622076209414327,-0.4173314482919442,0.18649678794630417,-0.9114486704741485,-0.9805929825582669,-1.8119099972142643,-0.060691714345883656,-0.7542906279818858,-0.9288797440142957,2.07444125127712,-0.9811005925594448,-0.8097069267970297,-1.760619732607426,-1.2548393100684665,-1.3029107006453406,-1.7410760777987315,-2.2897531958076316,-1.3849081427890442
-1.23630166822703,-0.8558553152236134,-1.214440503403639,-1.0517184941161086,-0.10781126186686912,-0.3910201206064986,-0.8314407323893567,-0.6541178848998622,-1.5955976792308328,0.9016753378340386,-0.5832832004968431,-0.01081657082692869,-0.44858819286047474,-0.5971857476990626,0.5677411007260436,-0.2822027414752948,-0.6559261935605538,-0.769282396820133,-0.2717298954710717,-0.12725814162134072,-1.0708756771306347,-0.4459785206367526,-1.0072958760235402,-0.9235890037099561,0.40765085991586236,-0.19738398945278388,-0.8996483368275453,-0.7524191265263118,-0.681474627976283,0.43018347027544845
-1.3609464747811129,0.5739578178520806,-1.3536962627229108,-1.114122036956528,0.5888426231719648,-0.8179817649687449,-0.867158655100588,-0.9528383047523225,0.7948710510837028,0.47728399317992887,0.08331131686011217,2.9870055284368693,-0.05868514224451223,-0.36126062311350293,2.5804966641537006,-0.4828287177979236,-0.5626838483210974,-0.4821420504683895,1.2886736255757707,0.27206062947172005,-1.1523145211238293,0.9121836686702006,-1.1756080996606586,-0.9544508660746319,0.8789182850631145,-0.852986307973371,-1.0092855908273324,-1.1701145725448985,-0.045723484709616846,-0.06698902059118772
-1.119834914591654,-0.6420958767239253,-1.0977114110330732,-0.9734304130981283,-0.5597544467813026,-0.45770926240290266,-0.5754833215823709,-0.6484476094583143,-0.5389955131670415,0.6426502757520484,-1.0835985976705222,-0.3589391130398728,-0.9402245681773838,-0.7852130826406658,1.082990444359821,0.2858740719164964,-0.181765939572368,-0.13015367074409506,0.30766583816353454,0.7457051572280877,-1.156490872097839,-0.6023729545569471,-1.1048507247863781,-0.9580604406202081,0.5926343352073072,-0.19551083997129654,-0.4503890090551947,-0.4790542679100868,-0.3567260710103371,0.5785111747328976
0.24505391735803117,-0.6872228692960812,0.28378763656664285,0.029848364295337305,1.367801608552939,1.4322572376855538,0.310775523923869,0.9227341674360748,0.7049474624825286,0.28118592358113415,0.08589788095185194,-0.27777064464825346,-0.04026060473136972,-0.012718671686497797,0.6595345468610598,0.8861164630339265,-0.001089788632962666,1.6497178835237865,0.4048713034090756,0.41561135557634205,-0.05393421495920729,-1.2131343754452861,-0.05643719579810019,-0.22676063768648705,0.262306700758299,0.20222123326452648,-0.36575842049016044,0.41403856935300437,-0.5302689506588053,-0.35540400148067297
2.0667857054561645,0.7378400540351754,2.021208021955909,2.311832464982482,1.073854821616722,0.2080486290716797,1.9527902747122743,2.3031884976602135,-0.3254269902392535,-0.9539392312053101,2.8391106020309387,0.06133317885451055,2.3882926236901496,2.8112551760717723,1.093040821673874,0.1806544702038135,0.6085011504079414,1.9501957686542815,-1.179833583949152,0.1441766069775006,1.8964216899034485,0.11539518427678806,1.7561559818324084,2.055212390026733,0.3680115437819809,-0.27855380031723764,0.660805837414519,1.6150265631627907,-1.440939507229975,-0.720180282072326
-0.9929340934393069,0.26281907959142314,-0.9482162576462079,-0.9050701684411238,0.8680920707613705,0.4536460351207591,-0.05927730077341033,-0.5378772383481284,-0.5427423293587567,0.8592362033686278,-0.3246267913228584,0.4816054707488939,-0.3221062326351178,-0.466512214444221,0.6246932388390098,1.213224033125169,1.26303184272819,0.8632630107077458,0.8845035332390477,1.3723733016442046,-0.9769077802154105,-0.08050942242324481,-0.941356024544955,-0.862406715162441,0.03768390933297381,-0.005698359180574044,-0.09130668130185769,-0.43861747164940434,-0.504495255661508,0.1511076411480991
0.11533307795785475,-0.9603599296012387,0.1277392709765177,-0.034257093349820585,1.2355255544316408,0.5481065759088668,0.13231212210874177,0.5438566720235498,1.1358313245298197,0.10411229357028103,0.3837222606578971,-0.8744490745137556,0.4666631571167146,0.05665709505970895,-0.5123394479575063,1.0098721603851133,0.375548143612972,0.6762308577183562,0.49951873009552356,0.36351045752314165,-0.005906178758092552,-1.2279506902377257,0.04894612848274335,-0.15276435950217668,-0.21776946130759237,0.3308441643266608,-0.05783695701060122,0.374661913818257,0.4336672422401117,0.025853135161808243
0.008172384540317263,-0.26445420204114145,-0.05861770105368402,-0.08758375723163317,-2.2506833386318896,-0.9953786605688109,-0.8131400299401392,-0.9226827489949989,-0.6663872636853704,-1.0080857131094554,-0.6564460133774844,-0.9974643977206094,-0.6054457419588505,-0.47078880280528856,-1.2959338658764958,-0.6447469649930887,-0.6507290792357315,-1.0081316544901897,-1.1939027960241646,-0.6872517102071385,-0.030964284602152576,-0.07227813642744498,-0.05944814792041026,-0.12370728441028891,-1.682221974031528,-0.24483710965046446,-0.554623293276536,-0.6006675540424018,-0.45122961933376043,-0.4119882739218483
-0.5332711190430289,0.697463271207456,-0.524305343247837,-0.5658218173632089,0.3536851936229907,-0.06399772839807004,-0.44775703966093616,-0.5494755290240221,-0.9811198237894792,0.7114309419546108,-0.4166345711576043,0.7828306756689022,-0.45904536280036645,-0.447267566819417,1.4414539018943737,0.3354853867136683,-0.025241084613018515,-0.07189775423920312,-0.20138383509600885,0.5482318233481253,-0.5822426131714683,0.4907418256852553,-0.6146677192743402,-0.605044050062864,0.5529950190734259,-0.13806758920568307,-0.495812206307614,-0.5001056337536632,-1.0835442699341198,0.3604145129936107
-0.6009515569909473,-0.3713339212909864,-0.5972098290091027,-0.6177302189077394,0.47861257807088337,-0.1380547923759465,-0.5218433316450095,-0.41957467345401356,0.4651512262127324,-0.16662011595044487,-0.45654156000159046,0.7756157007007582,-0.5018699635065896,-0.4313491545865545,0.3714237305248773,-0.5062714269877959,-0.41716464722607727,-0.6601292058951777,-0.027437213077672277,-0.7451820793711865,-0.5864189641454782,0.01661975232719182,-0.585461483687935,-0.5933129327897416,0.4649076498870236,-0.4908440748858086,-0.5364540143755683,-0.7920986794113264,0.25840611625849064,-0.7388585855965978
-0.31612971396012457,-0.8843565736902383,-0.22285758189788407,-0.37946214624432073,3.190271687557483,1.3529103834235432,1.4883310677252388,1.1977425263511525,0.4201894319121453,2.0738735001372874,-0.06227529058924517,-0.537870492249842,-0.23247334743604586,-0.1357893811883307,0.04177135462394265,0.19210323515700692,0.6925721174271233,0.3159640056486297,-0.6260182359054777,1.1858302260970817,-0.012170705219107745,-0.5431076953871893,-0.04138243518655111,-0.11017137986437849,2.35878608739467,0.9614711564274161,1.7457030433696736,1.2666946103554126,0.42679425690749895,3.089644275010681
0.2083936801362424,-0.5542169964518309,0.14617018029818613,0.062184745585372604,0.15894544727774718,-0.4919039781681974,-0.7971111388294454,-0.302303067731089,-0.12309891588661306,-0.9144269335995827,-0.5038387319648335,-0.009012827084892509,-0.4899189121467134,-0.3824059766765592,-0.6557248309713272,-0.6485632199774866,-0.7581564894558788,-0.420973338138253,-0.8779850339761563,-0.7787015382585603,-0.05393421495920729,-0.4443322634375924,-0.09557957338812813,-0.17063175350277843,-0.4864359373261193,-0.5757601847132371,-0.9850439476620939,-0.45603406928977325,-0.8498627686252913,-1.0975918856362807
-0.8068128890825321,-0.09344665124139097,-0.8388595290043092,-0.7601237575708775,-0.6802726294251517,-1.0354299298629686,-0.8227321222583498,-0.7167486545496878,0.7499092567831157,-0.46808431249784693,-0.5249007538547151,1.3564211856363437,-0.4595433232736947,-0.5437283931857184,-0.16727649350835713,-0.6349337378903513,-0.5599324348550151,-0.2905107461759817,1.7644687975671036,-0.33347568216757467,-0.8370000225860765,0.07259249709862986,-0.857651555544742,-0.7741526175231049,-0.9180640463394899,-0.9917242462355373,-0.9429199089469554,-0.8016399459447457,0.6329838168858771,-0.7866530681439979
-0.8406531080564911,-1.069614753723302,-0.8712160142579048,-0.7771429056182645,-0.9793634851327525,-1.1393365247298868,-1.1132248517631245,-1.201015951237166,-0.14932662922862125,-0.2836935903377848,-0.7140894417076868,-0.40745981970064055,-0.6711765244381699,-0.6012247478178487,-0.4758230770497809,-1.0070731167974882,-0.9508257459813296,-1.3610398644750876,-0.43032828613484886,-0.6606547482638963,-0.7534730031058771,-0.5990804401586273,-0.7736459913322985,-0.7138727226119839,-0.7066543602921248,-0.9863545510552735,-1.2765269951254614,-1.488611136350949,-0.14366352569934707,-0.5537236359589666
-0.08206819939024051,-1.4520066381505223,-0.09588909545972424,-0.19792456707219236,2.0879712365466694,-0.1386215556206752,0.14922449540663935,0.4281315050574114,0.6112770576896392,0.26655173928271614,0.5115724286210385,2.5486957991221257,0.6045982082286196,0.10369956703145207,1.0059375516187492,0.37473829512461726,0.47551616621396287,2.5618828919556464,-0.4111429969416503,0.6138133733451606,-0.36507236252295006,-1.698780249197469,-0.3990835473169575,-0.42402388660222184,0.29754164843285963,-0.7462167875285899,-0.5574921267872152,-0.20387202519225794,-1.26911487391466,-0.644368344238519
0.21403371663190213,0.6713371176130498,0.1998246052123762,0.08430963804697594,-0.8257762889585786,-0.04510562024044877,-0.25982775726862756,-0.2778177874153136,0.4913789395547406,-0.5295478865512003,-0.32906090119441234,0.20563267821738904,-0.2822693947688636,-0.2819061501914718,-0.867117767143573,0.1354045896745249,0.03192717296002505,0.02161832225549169,-0.16685031454825092,0.06256401142563439,0.08179719169611717,0.9632176418441591,0.0730337454612218,-0.038160367680135025,-1.0986431531716139,0.490686253413585,0.18601389139712415,0.2398725929493151,0.45428619823795013,0.4532566687466067
-0.34996993293408346,-1.2002455216953336,-0.3510547956241546,-0.4245628885698966,-0.129857270887086,-0.09894812848966993,-0.653734601020404,-0.7360791390095106,-0.6026913884262054,1.4094815329891288,-0.8360274631754225,-1.0476084737492095,-0.9734883277957062,-0.6169055718084298,-0.6051379318239277,-0.13882058991863344,-0.028909635901128227,-0.6904836044950949,-0.5083484621871913,0.6768445297312005,-0.5530081563533984,-1.446902897725998,-0.6140655288498783,-0.5635339427887387,-0.8123592033158074,-0.36471867646565753,-0.609609268897886,-0.8551013282669216,-0.8017518712970031,0.9141712763014223
-0.1807688380642879,0.6072092860631433,-0.22490546071140266,-0.29209718626773407,-1.2365669237019414,-0.4212474936586931,-0.6115798795166895,-0.7247385881264145,-0.6663872636853704,-0.6085724817626551,-0.25737612493762213,1.251804048598257,-0.14234250176364582,-0.3234840925907396,-0.5364603535112332,-0.08375748228660759,-0.03318961240392298,-0.29127727139315135,-0.008251923884473732,-0.3039639846689087,-0.32748520375686,0.7146328047710075,-0.30453965067642924,-0.4092246309653597,-1.4157576822426616,-0.5176925507871281,-0.6081748521425463,-0.8037602273966168,-0.7776964226328588,-0.7701722120931704
-0.8998734912609198,-1.0339881806400204,-0.9002958934098702,-0.8262147824882305,-1.2137860477143851,-0.6441743699186268,-0.6779672552979885,-0.7422648940366537,0.71244109486596,-0.042229549413894917,-0.8995830380010302,-0.344509163103585,-0.7946707218235578,-0.6817671619512875,-0.5833621143101465,-0.35798266187976613,-0.45385016010717477,-0.7449068949141386,-0.2001048158164623,-0.6930811813179861,-0.8933807607352111,-0.8015700756553004,-0.844403366206579,-0.7961710222511192,-1.0193645209038522,-0.3603479943421871,-0.5603609602978944,-0.7181917259461086,0.5212978052309223,-0.6256900407142472
0.23095382611888185,-0.05069476354145333,0.18876605961937537,0.10756914037840469,-0.31136941182019984,-0.3573921680859322,-0.18069299564339084,-0.15951522252119876,-0.9436516618723234,-0.5266210496915169,-0.08001173007546117,-0.043283958183576346,-0.12292204330384707,-0.04479308439450444,-0.6986064408446196,-0.5068166062712814,-0.07354367657313032,-0.36731657293637865,-1.1312308513263816,-0.7743294349254246,0.25302758163052524,0.38867387933733866,0.18142802186437498,0.1421378808713919,-0.35430488354651596,-0.28604639824318706,0.06743543962238714,-0.04485091630193316,-1.0594888212699758,-0.8086275428784347
-0.33304982344710377,-0.16469979740795396,-0.30968764359107664,-0.4310868953213949,0.8680920707613705,0.4819841973571914,0.08649726011518373,0.16729883474620383,0.8323392130008576,0.3309421501957529,-0.3586216336714392,0.5194840893316494,-0.14284046223697416,-0.4467923903348539,0.2578544668760795,0.7481861043121193,0.5822098661764882,1.064092617606189,1.053334078139198,0.6819453169531918,-0.45486390846416436,-0.1397746815930027,-0.40811640368388685,-0.5361011762423601,0.07291885700753445,0.061735022152971934,-0.07265926348244359,0.16414825538249367,0.36837388158029255,-0.059847316302496185
-0.7419524693824436,-0.21932720946898557,-0.7688220735819699,-0.7127537955056503,-0.8309203577299624,-0.8754137737679143,-0.7005591569421948,-0.8188136124975517,-1.1122583904995231,-0.6085724817626551,-0.8352884448634968,-0.8232227522399339,-0.7837155914103379,-0.6530189846352223,-0.10998934281825595,-0.46810887714381766,-0.3447107592859096,-0.6625820865901204,0.11197588839290593,-0.3917703932760507,-0.7513848276188722,-0.2764140291232783,-0.7555802785984393,-0.7095412331572925,0.06851448854821483,-0.4689906642684558,-0.41357231233481256,-0.48586945829110084,0.5350437758961478,-0.30925760453835494
-0.4712307175907703,-0.05069476354145333,-0.43952316036816236,-0.5054038417949849,-0.6457338819601462,-0.020545879635540623,0.17446684361245635,-0.14508179412453118,-1.0485625152403593,-0.13296149206408428,-0.17534509231387269,0.46176428958649796,0.16689095217315209,-0.30614015090418795,0.9432901996944864,0.9133754272081968,0.936530778086422,1.2020671566967225,0.7706708173594011,0.13178898086694968,-0.6260942983985731,-0.5381689237897093,-0.5646859140439974,-0.6151508587904772,-1.014960152444532,-0.34786033113227116,-0.1611149633950497,-0.3379041026855319,-1.3361264809076328,-0.6800768656819789
0.9331383698285335,0.00868285826401569,0.9194492202828476,0.8158493516171619,-0.4928815527533137,0.2817278508864036,0.18203954807420153,0.6531383441697477,-1.1497265524166789,-1.1471104639444225,-0.03899621376358644,-0.7103083939884813,0.10514385348045809,0.008426681876558253,-0.31736212806488034,0.005106740921513283,-0.15119467883812002,0.25004283697204155,-0.5659043297667878,-0.4318480071631279,0.8460694199399416,0.023204781123831453,0.9552427172979977,0.6330400190697436,0.24028485846169842,0.5375149904507699,0.3744006252650532,1.1955137330426004,0.05049830994695946,-0.30706015706491135
-0.7024722139128244,-1.2501227240119277,-0.7540773461246352,-0.6713405352570084,-1.3416529000316388,-1.1616292123558802,-0.842168730376829,-0.5646821767990826,1.079629081654086,-0.23686420058284943,0.5699548752631662,0.08297810375894232,0.41836099120388137,-0.06047390838508553,0.33390232188574626,-0.6093103115665374,-0.5177440950417529,1.0181011045760113,1.1313542541915402,-0.6697632968745958,-0.6386233513206028,-1.2246581758394053,-0.6947590457277811,-0.6398764444276734,-1.2792222600037386,-1.0671497320234296,-0.9808841390716091,-0.48556656094083345,0.34775492558245413,-0.954757799862441
-1.0098542029262867,1.4099947328730842,-1.009243046289065,-0.8991134666245383,0.013441787744320198,-0.6148916022743135,-0.8252563570789316,-0.8605674589307688,0.31527857854410946,0.07923418026297063,-0.5836527096528059,0.48882044571703787,-0.6871112595846715,-0.5639233937796484,0.05081669420659028,-0.831198279945097,-0.6501176540210466,-0.8545200009693958,0.15546254389749006,-0.44605734299581906,-0.8599699529431313,1.562455262338378,-0.8970950283470007,-0.780649851705142,0.7600003366614713,-0.7249877600717327,-0.7650044173930052,-0.8117870071786999,0.8769747961936243,-0.15323883392385285
-0.14692861909032848,0.3673236939690481,-0.10039442884946537,-0.244159919267594,1.6543997258157503,1.1262050855320855,0.05658507749129028,0.2657554355949007,1.4355766198670648,1.7211896585454243,0.6497688529511388,0.2795861716408641,0.4875774969964979,0.25147945373056396,0.5921970188569056,0.25588921132479925,-0.21998001549017798,0.40794703170898533,-0.7040384119578198,0.5715497077915156,0.14444245630626612,0.40184393693061854,0.0850775539504608,0.015802771776227856,1.4426774478560873,0.7011033785006688,-0.02245467704555889,0.6154653072807489,0.5109883272320036,1.6942651293739335
-0.4543106081037911,1.1131066238457392,-0.46286897884227585,-0.4753366802446012,-1.2755148729709902,-0.5591598832093302,-0.43917464127095834,-0.752059006162964,-1.1197520228829545,-0.37442553298797415,-0.601389149139022,-0.28137813213232543,-0.7130052041977367,-0.5194943924730022,-0.6259087116063038,-0.14481756203697305,-0.0585637588133488,-0.47953586473001253,-0.8587997447829573,-0.15895589078657466,-0.4527757329771594,0.9237074690643202,-0.5150052040258852,-0.4769041536949119,-0.4379878842735979,0.5587440179076267,0.5670906093990009,0.046018288778252335,-0.12476281603466163,0.6367435327791557
-0.38663017015587275,-0.3048309848688608,-0.3875070385047875,-0.4472550859664125,0.21699993769764991,-0.17810606167010407,-0.634676628125012,-0.6801496039724235,-0.3554015197729779,-0.40662073844449254,-0.5252702630106779,-0.2290695636132822,-0.5471843665794538,-0.4757781558932006,-0.5843671520415519,-0.4899160484832339,-0.3474621727519919,-0.5580280469681828,-0.3689353607166127,-0.36262303772181276,-0.44442303102913927,-0.14471345319048268,-0.4785726833459366,-0.48033324951320916,-0.164917039795752,-0.26107107182335515,-0.4752522328144137,-0.5406938786894795,-0.20552039369286035,-0.27904270177850443
0.0843128772317252,0.01343306800845311,0.06548375504554933,-0.012132200888217249,-0.919104393810828,-0.5079622701021758,-0.012705168333677715,-0.5229283303658655,-1.2733714867432937,-0.7739387643347746,-0.5696113617262182,0.23810006557403668,-0.43962490434056756,-0.411866918719469,-0.968291565438372,-0.27893166577438233,0.05240991765197129,-0.4554669729108863,-0.8217081856761064,-0.5524451907687877,-0.014258880706112313,0.4430003669096171,0.009803750892715409,-0.10421558186417798,-1.045790731659773,0.05611557370851002,0.5039762721640603,-0.2880774885665634,-0.7347402643040305,-0.5290023518827247
0.7949574756848674,-0.048319658669235044,0.8498213406232122,0.6553020550368108,1.3016635814922894,0.9882926959814483,1.2851301646684108,1.5325465171952817,1.1920335674055533,0.07338050654360383,-0.41293947959797594,-0.9794269603002494,-0.3604491890813874,-0.19946303011978078,-0.504299146106264,-0.30073883711379856,-0.046640967126992054,0.3098318039112727,-1.099255369337717,-0.5491661132689359,0.6727508545185275,-0.13318965279636305,0.7745855899594087,0.5428006554303407,1.658491502362773,0.8584479349456098,1.0963903921192992,2.110263730849803,0.3615008962476797,0.34887791375803123
-0.7137522869041445,-0.04119434405257849,-0.7503911642603014,-0.6957346474582633,-0.6060510657237571,-0.9891442648767957,-0.9257209029380837,-0.9809319421672646,0.46140441002101623,-0.21491292413522245,-0.9147329133955066,0.37518458996877085,-0.8803199232360042,-0.6912706916425487,-0.32607245507039284,-0.8988005110972871,-0.6620404457074033,-0.6409660754659369,0.39975522629088944,-0.7950969257578191,-0.784795635410952,0.14008904226418756,-0.8085730359510922,-0.7311986804307492,-0.4556053581108782,-0.9191709229859256,-0.9244637466949197,-0.8716092338564887,1.0109980101795706,-0.8064300954049911
2.2670070010520895,0.09181152879167266,2.4635498456759493,2.3969282052194174,2.661167471072292,3.2477888316329815,4.256154548493089,3.421779198401954,2.7844304488846707,1.118261265450618,2.9832191728564452,0.5826151203029085,3.5719446687912266,3.079729889849902,-0.1749817827824645,3.330155190898994,2.1988181338035195,1.9900550799471024,1.375646936584939,0.43492147863102476,2.5124334585699186,0.3804425933415394,2.9816134956125038,2.6562065518651563,1.6496827654441326,2.770933555544237,3.291048027788828,2.6660803685902708,1.98696192741056,0.7488133539247842
0.569356015858473,0.05380985083617245,0.7023740660498654,0.4306493008113018,0.4565665690506665,1.5947293678410988,1.6965804404232299,1.0928424306825146,1.2669698912398648,0.44362536929356927,-0.34347175827696297,-0.42621875461781467,0.09618056496055077,-0.17237797049968637,0.7235219490938632,1.586671842312671,1.4892591721616248,1.5837967148471983,0.9420594008186447,0.9151241613870962,0.213352247377431,-0.4361009774417926,0.4313370480160896,0.092867188324278,0.22266738462441749,1.1881222436873906,1.5166745014337906,0.9471379058234264,0.7206143798766876,0.39008005388510053
-1.2560417959618397,-0.5447165769629561,-1.234919291538826,-1.0602280681398022,0.5374019354581264,-0.39385393683014175,-0.578512403367069,-0.8185558727047539,-0.8574748894628643,1.1563101446265054,-0.017195173561779083,0.36436212751655495,-0.06466066792445035,-0.41590591883825495,2.282335470503465,0.20300682082671492,-0.14844326537203772,-0.24359940288520052,1.5918011948283133,0.2895490428042627,-1.1105510113837294,-0.696209614909064,-1.086785012052519,-0.9407344828014427,0.6190605459632275,-0.4958391401697751,-0.681330106664864,-0.9332488446358813,-0.6282089916485345,0.02310632582000393
-0.5332711190430289,1.7995119319169612,-0.4710604940963502,-0.5292306490613268,0.5153559264379105,0.5745555273295371,0.24388330117845355,-0.10100828955613535,0.48763212336302547,0.9689925856067598,-0.008696462974633983,1.058803468200407,-0.11694651762390894,-0.14101632251852436,0.6903557039574887,0.700755506648889,0.1698035588714833,0.2132496265478992,-0.20266285437555537,0.666278613342789,-0.1499902873614364,2.2456519999897555,-0.18289718493511253,-0.21539047786792237,2.019649716027021,1.3404717348483652,0.8128540134805124,0.4685600924011156,0.5436350075619136,1.9909205382888324
-0.4994309000690695,1.1297323579512706,-0.3555601290138957,-0.5334854360731736,1.6323537167955335,2.545002408169461,1.743278784603992,0.9250538255712538,0.8136051320422807,2.880217054980096,-0.4066578239466078,0.6800172823728514,-0.4172166830407995,-0.3904839769141312,0.0374161911211864,2.5391000505616725,1.3865397360945517,0.3834182247595571,-0.31649557025520236,2.2722979043813036,-0.26692811463371563,2.4662504646771874,-0.30484074588865995,-0.31916574605323567,2.3191467712607885,5.008098419600679,3.9805243481887103,1.6059396426547723,2.521336537021189,6.770368793028869
-0.8660332722869604,0.5050797765577367,-0.8888277720541654,-0.8046571949615402,0.3977772116634235,-0.8521764807340398,-1.01249147489558,-0.9994892072486946,-0.7413235875196819,-0.19149822925775425,-0.44767334025848254,0.8225130379936938,-0.4525718766471002,-0.5080901568434888,-0.04332183996837171,-0.8807005588855715,-0.7674501527190902,-0.8677042347047135,0.8410168777344635,-0.649724489931057,-0.8370000225860765,0.5302519984650943,-0.8585548411814351,-0.7764988409777295,-0.19574761901099183,-0.9060588766155139,-1.131641340057797,-1.088938082673266,0.13297413393831017,-0.7157853871254387
1.5394422931119687,0.4670780986022365,1.5297171067114208,1.5289516548026785,0.9709734461890462,1.039301388007026,1.3659056789270254,2.019674725582814,0.9597309635191875,-0.40369390158480917,1.2487431947668952,-0.7848030105345674,0.8505906820527389,1.2747720132371154,-0.2972613734367745,0.7885293712900391,0.19089772877811448,1.3431077966559346,0.27313231761577667,0.26513813252758855,1.5038446983465115,-0.02782919205012658,1.3466664931982737,1.4812900372801308,0.5177600713988652,1.0526310978598026,0.8506269880377877,1.9391267279487863,1.2274970481568674,0.18242126764467181
-0.05386801691194133,-0.7846021690570504,-0.11759661088302252,-0.14970364760459576,-0.8676637060969896,-0.8678569305048656,-0.6794817961903374,-0.5180312743027105,-0.3703887845398406,-0.5514991629988273,-0.0681874370846505,-0.31745300697304507,-0.11595059667725247,-0.18140632370638443,0.31447159241191097,-0.6894516662388919,-0.4890071099515599,-0.4251125743109689,-0.04022740587313857,-0.3691811927215162,-0.14790211187443145,-0.6781007857183047,-0.1979519455466616,-0.24950095732361663,-0.5789276749718417,-0.8161477015041191,-0.7688295287405773,-0.6123291020276924,-0.29830569568312976,-0.6548062197373762
-0.4007302613950221,-1.4781327917449285,-0.46532643341849783,-0.44016377428000125,-0.6611660882742978,-1.268558544528018,-1.009487635459088,-0.934023299878095,-1.299599200085302,-0.20759583198601345,-0.43880512051537446,-0.4186430309012636,-0.5471843665794538,-0.44156544900466027,0.5014086104532944,-1.0485067423423793,-0.7916625912206147,-0.6762262354557399,-1.242505528646935,-0.17935903967454128,-0.5718017357364432,-1.5720184448621537,-0.6345400032815849,-0.5730993153345153,-0.7242718341294051,-1.257898787554896,-1.1710399869377903,-1.1367958640154971,-1.9168937415133978,-0.6081104609266975
0.38887484799735744,0.02293348749732795,0.3009898186002,0.2684000894262123,-1.321811491913445,-0.9205659122646297,-0.5942888709957046,-0.5430320342040812,-0.9961070885563408,-1.217354548576827,-0.6571850316894102,-0.40258971159714335,-0.6686867220715289,-0.4322995075556806,-1.4108431798338337,-0.8990731007390299,-0.5798037543322763,-1.0187097024871308,-1.3090145311833579,-0.9102289801970593,0.3219373727016901,0.9829727282340787,0.24465801643288138,0.181121285963614,-1.0678125739563735,-0.46961504742895155,-0.22231674495620432,-0.4434638292536807,-0.3704720416755627,-0.8772977764235502
-0.15256865558598873,-0.7632262252070816,-0.19705430884754804,-0.24075608965811646,-0.9823029530021146,-0.7773637324298585,-0.8029168789167833,-0.753347705126952,0.22160817375122005,-0.8866219834325899,-0.8763039611753716,-1.2903923814272524,-0.7493563187506936,-0.6266466897419725,-0.9404855215361588,-0.5302593154611539,-0.6232149445749084,-0.8407225470603424,-0.11952660120502716,-0.607096482432984,-0.3191325018088403,-0.9036380220032164,-0.25937536884178203,-0.3928010667829884,-0.975320836310651,-0.28916831404566606,-0.659335716416324,-0.6829041846399699,0.7292056115424534,-0.39825422721282516
-1.0549744948915656,0.001557543647359136,-1.0338175920512898,-0.9300315855772914,0.2574176209013804,-0.3609816686358805,-0.7475099246050146,-0.9672717331489901,1.5142597598930925,0.30167378159891894,-0.19455956842394026,0.5627739391405129,-0.28625307855548904,-0.4097286245389352,0.1868318005234393,-0.18570600829837822,-0.10014067341192602,-0.491340353074425,0.861481186207209,-0.14292484523174367,-1.0082304125204853,-0.3932982902636344,-1.01030682814585,-0.8761230984356302,-0.4732228319481592,-0.6700420419481025,-0.9210211464821048,-1.2559859713456738,-0.12476281603466163,-0.48010914559860235
0.2083936801362424,0.11318747264164147,0.11668072538351687,0.07438180168600017,-0.8948537838885903,-0.9704410778007505,-0.8797798292034965,-0.7770597660643346,-1.1160052066912394,-1.4763796106588183,-0.8264202251203888,-0.2831818758743616,-0.7921809194569168,-0.5639233937796484,-1.1401530175086763,-0.9602422163460922,-0.727829798807505,-0.8258519578472516,-0.1438279675164123,-0.8464691399221637,-0.08108049629027188,0.019912266725511635,-0.1648314722012538,-0.19156728586711994,-1.2395829438698578,-0.9738044495293081,-0.9323530388492872,-0.8696404010797514,-0.43404715600222893,-1.2860230064840776
-0.8265530168173412,-0.25970399229670404,-0.7667741947684507,-0.7788448204230033,-0.034324565132814865,0.521657624488197,0.8282436621431203,-0.5412278556544977,0.9035287206434539,2.040214876250926,-0.6091488414142416,0.7575782632803985,-0.2528897268425011,-0.5698630998366867,-0.12539992136647038,1.8287314441801907,1.734134970642951,0.20251827350752452,-0.053017598668604414,1.7603974724599984,-0.7910601618719668,0.3722113073457396,-0.6206896235189598,-0.7496075106131874,0.09053633084481416,1.4291341436387686,2.252530296922986,0.10356878532903674,0.7034319165451561,2.496333457180883
0.3578546472712284,0.42670131577451714,0.4197667897842849,0.3946254374443328,1.1473415183507762,0.9864034851656859,0.7954286094755582,0.9090739584178001,1.0196800225866363,0.8621630402283122,3.55595836459884,-0.016227802053036432,3.2602214124877875,3.2341622473328973,0.3888443845359023,0.724743395122247,0.39297376223149333,1.4672848818374145,-0.02360015523903266,0.7183795113959894,1.4203176788663123,0.32117733417178096,1.485170290824525,1.551676740918865,0.839278968929233,0.9009059898593238,0.710532284932957,1.490838649553204,0.17936678493344585,1.1284224049621825
0.34657457427990895,-1.7560200617945236,0.40338375927613507,0.2068475039881624,2.154109263607319,0.9561761121134916,1.4391084887238952,1.5505883026911165,0.5738088957724835,1.1621638183458722,0.048946965355568355,-1.0167644557603943,-0.03577896047141596,0.10132368460863674,-0.5508658943280422,-0.13009772138286696,0.33488836683642226,0.21171657611355998,-0.31265851241656273,0.1183083289231144,0.5056968155581285,-1.4255015541369187,0.5186546595630744,0.38578416269777965,0.9009401273597151,0.6392894456115847,1.4846391938978736,1.0258912168929208,0.5453532538950666,0.9196648949850316
2.6166892637830013,1.184359770012302,2.557752271097809,3.0720210777657697,0.7725593650070994,0.44231077022618637,1.787452893964172,2.3573138541477165,-0.05940304062744808,-1.1251591874967963,2.222030311573003,-0.5366078716304167,1.785262490489727,2.9395528269037987,-0.24968958748359096,-0.3209104706027586,0.11446957694249454,0.18258861786111416,-0.712991546914646,-0.2642507127262594,2.986449294120051,0.8282245515130437,2.8491316022308717,3.641620402807436,0.8304702320105926,0.0742226853628879,1.0012407473484415,1.4226867457430648,-0.5251142116593464,-0.37792783808347047
1.6776231872556346,0.060935165452828156,1.6853558965388427,1.6622683145072104,1.2428742241050463,0.8314881982731898,1.5665823471632716,1.968126767023287,-0.33292062262268485,-0.3246693063733544,0.09402708238303424,-0.3986214753646644,0.06530701561420389,0.28783045479963815,0.6866705656090024,0.08470291631038228,0.7148891377631243,1.1162163323737238,0.5302151928046419,0.05892059198135447,1.1822656733477441,-0.1035570232114841,1.1509546052481356,1.0661889645388773,1.491125500908609,0.23905983973377862,1.2350506784687902,1.5499036328553244,0.22919592859488744,-0.19279288844583928
-0.5586512832734982,0.7497155783962693,-0.592704495619361,-0.5601487680140799,-1.0631383194095734,-0.9991570822003353,-0.9091871648632734,-0.951807345581132,-1.0073475371314873,-0.43735252547116976,-0.6789860718912175,-0.14970483896369902,-0.6472744217184174,-0.5306610398602342,-0.6503646297371658,-0.7385178017525783,-0.6929174190489936,-1.1142187445464666,-0.5479980598531354,-0.5262125707699735,-0.4590402594381742,1.0356529586071963,-0.45267849509407226,-0.4788894196949788,-0.31026119895331544,-0.4714881969104389,-0.7147998309561204,-0.7816487208271049,0.3460366792493012,-0.12247456929564085
-1.426370898130767,-1.288124401967428,-1.3700792932310601,-1.1433382411045423,-1.4092606610269691,-0.3282983215231951,-0.36975818370496116,-0.7149444760001044,1.978864967665823,1.0070414647826451,0.007931449043693627,1.881310614568814,-0.13387717371706687,-0.40046268308995553,0.5697511761888537,0.7514571800130316,0.3376397803025046,0.5796486803549825,2.7569877584952587,0.7209299050069853,-1.3277212620322478,-1.064971227520891,-1.270151996301187,-1.0434268786230831,-1.510011167272112,-0.5501604751329094,-0.6349506315755515,-0.9706566673938911,0.6587575118831744,0.03519228692394414
-0.35842998767757306,-0.23595294357451696,-0.34695903799711686,-0.39364476961714323,-1.6811614389429692,-0.4892590830261304,-0.6134730556321256,-0.7914931944610023,0.22910180613465142,-0.5500357445689851,-0.6353839914876029,0.13889415976205755,-0.23894683358931235,-0.47910439128514204,-1.1418280803943517,0.6287918412288159,0.07472693798797234,-0.17921128464295152,0.761717682402575,-0.05038199134703804,-0.46739296138619396,-0.17928485437284164,-0.3451875043276116,-0.4806942069677668,-1.7333126481596417,-0.15055525241559903,-0.5359758754571219,-0.7403032325156205,0.529889036896688,-0.647664515448684
-0.10180832712505009,0.33644733063020443,-0.11800618664572647,-0.22458789901309897,-0.04461270267558254,-0.058330095950783686,-0.6600451880718583,-0.6662316551613512,-0.722589506561104,0.6046013965761612,-0.5012521678730936,-0.3156492632310093,-0.398792145527657,-0.4099662127812167,-0.2476795120207804,-0.2113294346221923,-0.18115451435768307,-0.4228129986594601,-0.6989223348396334,-0.08900223745640332,-0.2752808165817354,-0.15623725358460233,-0.2590742736295509,-0.3603148958728033,-0.2750262512787536,-0.3260069205149182,-0.644513409944482,-0.7044098965089473,-1.1161909502640297,0.03629101066066556
0.30145428231463006,1.4218702572341781,0.3992880016490979,0.1940831429526221,0.8680920707613705,1.224444047951717,0.9986295125323862,0.978663702473162,0.4239362481038605,0.38801546895958167,0.1158281225848416,-0.37878029420226844,0.3093076475450107,0.07423862498854225,-0.6044679066696577,0.2711542312623905,0.11263530129843974,-0.15161637682484488,-0.3433549751256806,-0.31926634633488366,0.8147467876348664,1.8126863566106899,1.25031602528436,0.6871836372533853,1.385420657884926,2.2171056921844645,1.7260993477133664,1.324245106906197,1.9388510300822714,0.7966078364721844
0.5749960523541328,0.3388224355024236,0.583597094865781,0.4246925989947166,1.507426332347642,0.5103223595936237,0.7398954434227603,0.9108781369673836,0.5063662043216034,0.003136421911200276,0.11028548524539905,0.018043329045647007,0.19577265962618626,0.09585915503616144,-0.11400949374387706,-0.2598503908523932,0.01236156609010652,0.32209620738598677,-0.6400874479804901,-0.3841192124430633,0.6080174144213732,0.7706055495424455,0.6631803614339459,0.4200751208807528,1.1607978664596008,0.24218175553625762,0.4169549890067936,0.6563564495668325,0.351191418248761,-0.12412265490072374
-1.269013879901857,-0.9366088808790513,-1.1824935939127472,-1.0318628213941572,0.7946053740273162,1.039301388007026,4.059264232487715,0.7482443277120754,2.7544559193509475,4.421196661603467,1.5402859188215723,2.60100436764117,0.5956349197087125,0.2251071588373141,1.3174992483543886,3.8306297731385954,11.125626268203922,6.281063245662693,1.9307413039081602,9.471694726278091,-1.1168155378447444,-1.0221685403427327,-1.1060551056353018,-0.9163698546188039,-0.1517039344177907,0.13291470244949297,2.6254786533112715,0.6381826085507952,0.3597826499145268,2.2875759472037323
0.216853734879732,-0.8962320980513323,0.19654799911074633,0.05821361104098236,-0.9315971322556165,0.08902834767866416,-0.3045067135929239,-0.30256080752388675,0.2553295194766596,-0.5383283971302515,-0.6497948485701535,-1.3084298188476124,-0.2992000508620218,-0.4869448032804326,-0.9776719175981545,0.35293112378520125,0.13342375859772834,-0.0412367455524181,-0.825545243514746,-0.23291730550545361,0.008711049650942401,-1.0518011699276117,0.1934718303536144,-0.1444623380473516,-0.8387854140717275,0.6667623046733999,0.32371789990972205,0.3474011522942013,0.09517271460894122,-0.03512603222625429
-0.8321930533130014,-1.3997543309617095,-0.8048647406998988,-0.791892833926,1.4706829839806148,0.1645967803091503,-0.5405226693173141,-0.04069717804148847,-0.15682026161205262,-0.2968643562063606,-0.255898088313771,0.2182588844116407,-0.5108332520264969,-0.3337003870088455,1.4180030214949173,0.5115782952794536,-0.31199951030026424,1.2005341062623833,-0.5838105996804399,-0.1462039227315954,-0.9288797440142957,-1.6345762184302315,-0.9407538341204932,-0.8198137355246429,0.1786237000312164,-0.4602493000215146,-0.888412072244052,-0.4369515362229341,-1.3687731612375427,-0.9020190604997922
3.6629160337279036,0.6143346006797998,3.6636068303979075,4.498792989071716,0.956276106842235,1.6344027949721038,2.498024995957925,3.5635360844406536,-0.048162592052301556,-0.7388167220185718,1.583148980913261,0.4671755208126061,1.4655718666130377,2.098490449227181,-0.8061454781049856,-0.012338996150019701,-0.0301324863304982,0.09060559180075826,-0.5902056960781731,-0.3994215741090382,3.4980522884362713,1.177231077734952,3.403146792735878,4.201104457371733,0.641082388259828,0.9208862509951892,1.2503511238590788,2.3298643097935843,-0.07321542604006707,-0.18894735536731277
1.6635230960164848,2.129651509155369,1.5788661982358692,1.6934700859274199,0.10383042472720648,-0.028102722898589186,0.6919349818317077,1.2467130869827032,-0.22800976925464894,-1.085646889891069,1.3222755168034992,2.238451875491938,1.1583302545695524,1.3938037226201623,-0.4249011653252462,-0.07448943446735572,0.22697181644452707,0.7605486316070152,-0.1770824687846237,-0.49014271827160405,1.5289028041905715,2.0662099652813213,1.421940296256019,1.5209953572814678,-0.7066543602921248,-0.3978109839719348,0.23430592216022272,0.7245083533769717,-0.5611973846555623,-0.9827752551488479
0.41707503047565714,-1.2714986678618965,0.38290497114094807,0.27719331591736235,-0.129857270887086,-0.1939754325225063,-0.2249933167445999,0.2523529663694236,0.011786467015148266,-0.8075973882211341,-0.354557032955848,-0.7332159395123384,-0.4505800347537875,-0.295448680001519,-0.609828107903819,-0.5695122238721029,-0.4676072274375863,0.1319979535279185,-0.46997788380079336,-0.5513521649355038,0.23632217773448572,-1.0616787131225711,0.19648278247592404,0.06236628341415966,-0.4556053581108782,-0.3809526386385484,-0.48577128902023714,0.33982871853751917,-0.30174218834943667,-0.7443522042802072
0.9500584793155137,0.9610999120237383,1.0791837677373066,0.897824914712076,-0.2569892562369994,1.8044317683906976,1.5703686993941446,1.3057354995333619,-0.43783147599072075,1.6011893472984,1.9260534776467724,0.4383156209400304,1.4561106176198022,1.5330304325971391,-0.09089362592155527,2.4344256281324754,1.0343588124360152,1.730969556543767,-0.4648618066826072,2.7167950765834328,1.0862096009455144,0.5220207124692945,1.0786917543127,0.9903878990817789,-0.5260752534600002,1.389798004527533,1.1666768131309373,1.281839477868777,-1.0268421409400659,2.095299293277408
-1.1452150788221234,-1.045863705001114,-1.1509562601845593,-0.9986754827017525,1.250222893778452,-0.4586538678107836,-0.9887005617115975,-0.9443328915900003,3.485085076735482,1.0026512094931195,0.39961115436429934,0.3950257711311668,0.2166869995059696,-0.13673973415745683,0.15969578177549643,-0.7963068058020312,-0.7462642690302564,-0.5558817763601077,2.7454765849793397,0.76865869972705,-1.1168155378447444,-1.3580050089713611,-1.141584340678558,-0.9378468231649818,-0.22657819822623285,-0.9818589922997037,-1.199250183126135,-1.3504899446290668,1.1312752535002912,-0.2230077912056906
1.3899813259769822,1.7377592052392739,1.3740783168839996,1.3445775509559856,0.4124745510102337,0.7634766089057524,1.29901345618161,1.2139801332974036,0.3340126595026873,-0.0802784285897811,0.8441306689875903,-0.3986214753646644,0.7191291170941001,0.6955318785547444,0.11882424736501479,-0.06031477309673522,0.23858889552354123,0.17032421438640002,-0.7692683952146959,-0.14474655495388364,1.535167330651586,1.6793395234787343,1.5664659981268905,1.5083618463719515,2.006436610649061,0.8003803010195004,1.4483006360959383,1.09404312070306,0.6175195998874986,0.71090738500788
1.4999620376423495,0.9325986535571138,1.4846637728140097,1.4466924392403078,0.3389878542761805,0.5084331487778617,1.2169758245127043,1.3547060601649128,0.6599856681819415,-0.571987021016611,0.7502753433730301,2.9112482912713578,1.2479631397686242,0.706223349457413,1.4079526441808643,0.8381406860872109,1.3027744816827125,3.4633165473471323,0.9356643044209115,0.8732248377778788,0.9295964394201407,0.7804830927374056,1.0305165203557431,0.7665942772560598,-0.332283041249916,-0.0906144690080025,0.5278832180863864,1.022862243390248,-0.5543243993229495,-0.4526410521805561
0.05329267650559615,-0.6515962962128001,0.06138799741851217,-0.0646079073676606,0.08251928267433087,0.17026441275643664,-0.11493667856723709,-0.18838207931453407,0.37148082141984307,0.20069790993983616,-0.2163606086257474,-0.814204033529754,-0.09951790105742267,-0.19566161824327627,-0.8242361572702805,0.268973514128449,0.19334342963685422,0.09367169266943694,-0.20905795077328854,-0.1713435168971257,0.06300361231307233,-0.6896245861124237,0.10916517092893967,-0.047184304044075316,-0.14289519749915147,0.5069202155864757,0.49250093812134377,0.4004081885909763,0.2652791015911034,0.18571743885483685
-0.8716733087826201,-1.2382471996508337,-0.8769500749357573,-0.7924601388609128,-1.7377461954281914,-0.8359292677184853,-0.5569301956510953,-0.8976819890936283,-0.46031237314101375,-0.2807667534781014,0.053750584383085304,-0.744579525087165,0.22565028802587692,-0.27406573819618135,-0.501284032912048,0.4510633948125738,0.39664231351960316,0.44320719169878847,1.3628567437894732,0.35986703807886206,-0.8871162342741963,-1.6263449324344317,-0.8477154135411198,-0.7846203837052758,-1.9381157815180265,-0.813650168862136,-0.7286658595910697,-1.1470943739245847,-0.5543243993229495,-0.7734683833033356
-0.43175046212115165,-1.6895171253723984,-0.4821190396893516,-0.4793078147889914,-0.6273622077766328,-0.8869379597440634,-0.8276543801584841,-0.6577262419990292,-0.8612217056545806,0.00020958505151586398,-0.6738129437077378,-1.0394916269100476,-0.6721724453848262,-0.5465794520930967,-0.3036266124023413,-0.7068974033104247,-0.7031587913949667,-0.5500561847096186,-0.4137010355007434,0.20793644725239646,-0.5676253847624333,-1.4452566405268377,-0.5917844831447854,-0.57995750697111,-0.05480782831274925,-0.594491679528111,-0.8541773256832812,-0.495562173499654,-0.21239337902547217,0.5702707467074838
-0.16102871032947833,-0.03644413430814107,-0.13070303528954252,-0.2515348834214618,-0.4274783926600053,0.18537809928253376,0.09331269413075434,-0.03657334135672628,0.13168458515004583,-0.1373517473536099,-0.6771385261114033,-0.589818312020478,-0.5342373942729212,-0.4992993918790722,-1.024238665819933,0.13594976895801028,0.14106657378129034,0.14119625613395395,-0.5825315804008934,0.041067836704383846,-0.2564872371986906,-0.0327679636476066,-0.1919300413020419,-0.3238581929624847,-0.7903373610192068,0.3795460508453328,0.44707774086892427,0.3898067813316213,-0.2656590153532207,0.22691957898190615
-0.19768894755126762,-1.9816550246553062,-0.19418727850862214,-0.2972029306819501,2.403964032503102,-0.0035429822936812977,-0.257555945930104,0.4129248572823507,2.211167571552189,0.5358207303735988,0.009039976511582216,-0.37517280671819647,-0.11196691289062705,-0.18354461788691828,2.131579810792672,0.15230514746257232,-0.6253549328263058,-0.5488297443621473,0.6849765256297794,0.8455348500013529,-0.47783383882121905,-2.174548579754693,-0.49422963438194756,-0.5102927182414909,0.5485906506141062,-0.7368510401211529,-0.8946278781838568,-0.61929574108384,-0.324079390680427,-0.6784287800768959
-0.4261104256254914,-0.38320944565207954,-0.47802328206231387,-0.46143770933923506,-1.2806589417423742,-1.127245575509009,-0.9485652280643482,-0.8038647045152888,-1.3258269134273113,-1.069549287162809,-0.41478702537779016,-0.6103809906796881,-0.3823594499078272,-0.4071151538738384,0.10039855562258439,-0.7554183595406258,-0.8160278860258102,-0.9498757379852978,-0.12336365904366678,-0.9703454010276752,-0.5321264014833487,-0.7801687320662207,-0.5692023422274618,-0.5440422402426277,-1.1382824693054947,-0.9981553927886441,-1.1370443098362426,-1.194043463216014,-1.2605236422488943,-1.3189847185857333
-0.2992096044731449,-0.2525786776800483,-0.3428632803700797,-0.359322821054913,-1.596651737698807,-0.8491537434288203,-0.512251239326799,-0.5371040189697355,-1.3445609943858892,-1.0622321950136009,-0.7588000495791899,-0.9686044978480336,-0.8170789431233257,-0.5579836877226102,-0.35789864989822684,-0.5815061681087818,-0.502458464674629,-0.5144894146329478,-1.2066929888196305,-0.7910891643691115,-0.30660344888681024,-0.29781537271235736,-0.3816200250075606,-0.3621196831455914,-0.19574761901099183,-0.37096250807061554,-0.40592208963966825,-0.1584374226521653,-1.1402463989281737,-0.8245590370609014
0.6680566545325208,2.0892747263276497,0.6409377016443043,0.5506342945453806,-0.8698683069990114,-0.04888404187197292,0.04207072727294544,0.08971915711411522,-0.8349939923125713,-0.9173537704592661,0.18012271572237484,-0.2651444384540018,0.2729565329920536,0.19422068734071504,-0.3800094799891432,0.6386050683315532,0.4654276501716611,0.5750495290519648,-0.9189136509216471,0.017749952260993348,0.5453721498112235,1.386305742028264,0.5698408456423414,0.42548948269911696,-0.8255723086937674,0.3339660801291398,0.3241960388281685,0.4064661355963222,-1.1694565865917772,-0.33288016487787464
1.7086433879817637,-1.1741193681009274,1.738600745690328,1.795584974211742,0.28754716656234214,0.5273252569354833,1.3734783833887707,1.411408814580393,-0.014441246326860967,-0.5734504394464532,1.291606256858584,-0.7949039754899689,1.2753509658016737,1.2845131311706581,1.4917057884646385,-0.05377262169491044,0.7583003280057564,1.0778900715152422,-0.35870320648023996,0.4633401502964068,1.2887626231849978,-1.4864130705058363,1.337633636831344,1.239448542726531,0.2094542792464574,-0.3178899394284729,0.6096449731407414,0.7199648931229625,-0.9185926219514173,-0.4108895501851261
-0.8942334547652595,-1.057739229362208,-0.9150406208672048,-0.8106138967781258,-1.3945633216801578,-1.08077098944126,-0.783227847316246,-1.0900589704377837,-1.041068882856928,-0.0890589391688313,-0.8208775877809463,-0.9630128922477221,-0.8036340103434649,-0.6508806904546885,-0.9307701567992412,-0.5945904709124316,-0.3875105243138567,-1.1729345761816603,-1.0813490994240644,-0.11159143801093777,-0.770178407001917,-0.8805904212149771,-0.8124872737100949,-0.7066535735208317,-0.9092553094208494,-0.4246594598732541,-0.30885988919502455,-0.8996272387562126,-0.5302689506588053,0.40216601498904075
-0.21178903879041694,0.3649485890968298,-0.1741180661361385,-0.2972029306819501,0.3830798723166122,0.3894128673848462,0.21611671815205477,0.12502950872739144,-0.3479078873895476,0.21094183894872856,-0.7192625698911665,-1.1374349121026013,-0.6632091568649191,-0.5192568042307207,-0.5595762213335547,-0.17480242262867018,-0.048475242771046964,0.12279965092188276,-0.8434515134283984,-0.23911111856072906,-0.17504839320549642,0.05283741070871038,-0.01428386608576303,-0.266826915142382,1.2488852356460032,1.0401434346498866,1.1021280591406573,1.6786350067189209,-0.15740949636457172,1.2547756346851948
-0.3471499146862536,1.3886187890231154,-0.4112624327416044,-0.4078273929899658,-0.933066866190298,-1.0231500595605145,-0.973302729306049,-0.8226797093895163,-0.5464891455504728,-1.2085740379977767,-0.5378335743134144,0.018043329045647007,-0.6074375838521632,-0.45582074354155205,-0.32942258084174364,-0.9062149493526886,-0.8069176503270044,-0.8405692420169086,-1.0506526367149462,-0.8486551915887316,-0.4235412761590895,1.0175441294164371,-0.503262490748877,-0.4687826109673656,-0.4776272004074788,-0.9154246240229509,-1.0895651152345032,-0.844348472332433,-1.0182509092743,-1.1728544616017278
-1.1423950605742934,-0.4164609138631423,-1.127610441710446,-0.9952716530922749,0.7137700076198564,-0.37533967083567277,-0.9023717308477028,-0.7832455210914779,0.3639871890364117,0.926553451141349,-0.594737984331691,-0.009012827084892509,-0.6154049514254141,-0.6016999243024117,0.2886756239725084,-0.6322078414729244,-0.7196978434521949,-0.6431123460740118,0.7681127788003081,-0.029978842459071408,-1.0854929055396696,-0.4706723786241515,-1.0789565365345137,-0.9252133122554653,0.3503940699447012,-0.6987636673309093,-0.9886778034422874,-0.8967497139286734,0.2687155942574094,0.2038463805107479
-1.122654932839484,-0.7371000716126753,-1.0702698349319226,-0.963786229204609,0.7137700076198564,0.11736650991509645,-0.2766139188254959,-0.25487894585632415,-0.2617311149800885,1.46948168861264,-0.14763190561665998,0.44913808339224626,-0.6373152122518538,-0.4204200954416041,1.156693211329542,0.9297308057127589,0.24348029724102094,0.5551198734055545,0.8729923597231284,1.3672725144222133,-1.0625229751826148,-0.8377877340368189,-1.091301440235984,-0.8985024606182022,0.3327765961074203,-0.12433115967477566,-0.3954030334338448,-0.265360187296517,-0.4993405166620491,0.7010188713773833
-0.5445511920343484,-0.8036030080348006,-0.5660820710436183,-0.5680910371028605,-1.145443419751715,-0.6113021017243655,-0.6403561564713209,-0.850515607011661,-0.5464891455504728,-1.1719885772517329,-0.626146262588532,-0.6971410646716187,-0.5924987696523178,-0.5240085690763513,-0.3488533103155795,-0.18952226328277608,-0.3333993928142378,-0.8256986528038177,-0.014647020282206434,-0.7717790413144288,-0.630270649372583,-1.0057059683511331,-0.6360454793427397,-0.6164142098814287,-1.014960152444532,-0.5676432036267918,-0.6225190196959419,-1.0118507070302418,-0.7158395546393456,-1.1646140335763133
0.22813380787105147,-0.6040941987684251,0.24897369673682515,0.07211258194634837,0.17952172236328254,0.5953368463029206,-0.15103323650155562,0.3062205830641296,-0.5427423293587567,0.8694801323775203,-0.13174301191025817,-0.684875607225774,-0.2852571576088328,-0.131512792827263,-0.9763318672896143,-0.40377772169253995,-0.3703906183026779,-0.27272736113764634,-1.255295721442401,-0.22089402133933042,0.08179719169611717,-0.8674203636216978,0.05797898484967271,-0.0565691978625733,-0.8431897825310477,-0.23921766120600238,-0.4154848680085987,-0.19932856493824874,-1.2399046862510563,0.06760463715723827
0.17737347941011283,-0.5565921013240491,0.09169660385858874,0.02757914455568583,-0.5252156993162972,-0.6451189753265081,-0.7032096035038057,-0.535299840420152,-0.8986898675717363,-0.8368657568179702,-0.3874433478365403,-0.9987270183400345,-0.6298458051519311,-0.39095915339869425,-0.42925632882800246,-0.4877353313492922,-0.5339468632309045,-0.5423909325379224,-0.6209021587872913,-0.6103755599328359,-0.012170705219107745,-0.8493115344309385,-0.1648314722012538,-0.19986930732194502,-0.4776272004074788,-0.6300815196763715,-0.7195812201405857,-0.5338786883084654,-0.6419549623137601,-0.8783965001602725
-0.13000850960334928,-1.4282555894283349,-0.1880436420680658,-0.23054460082968417,-0.3238621502649883,-0.8062686579110195,-0.9913510082732083,-0.7827300415058827,-0.82750035992914,-0.5310113049810425,-0.6967225113774336,-0.9512885579244883,-0.6960745481045787,-0.5377886871286801,-0.9009540374342175,-0.9509741685268402,-0.8499925567015597,-0.764989855603983,0.1503464667793039,-0.7437247115934748,-0.35463148508792497,-1.443610383327678,-0.40962187974504166,-0.4099465458744749,-0.6890368864548438,-0.9285366703933626,-1.1244692562810992,-0.8623708646733365,-0.12991755503412147,-0.8965254418161828
-0.4261104256254914,-1.3071252409451781,-0.44525722104601473,-0.48753373634522845,0.020790457417725828,-0.3959320687274801,-0.962953366541664,-0.7809258629562992,-0.6551468151102239,-0.25588864017079205,-0.8386140272671624,-0.9539941735375422,-0.7652910538971953,-0.6413771607634273,-0.32607245507039284,-0.7521472838397134,-0.7799232270986634,-0.5888423606984018,-0.847288571267038,-0.8931049088089444,-0.5989480170675082,-1.353066237373881,-0.5791384842310842,-0.6037806989719122,-0.12527772366187054,-0.6787834061950437,-1.0527006046222764,-0.7804371314260358,-0.9100013902856516,-0.8262071226659843
-1.1705952430525925,-0.9912362929400829,-1.183312745438155,-0.9827909445241912,-0.27315632951849117,-1.0945622283963239,-1.1053580739447815,-1.214856578110399,-0.4116037626487115,-0.3319863985225634,0.06224929497023041,0.08297810375894232,-0.09802401963743808,-0.3313245045860302,2.4632422621564167,-0.7412436981700052,-0.9317706791656729,-1.4433646727991059,0.6414898701251953,-0.13600234828761218,-0.9393206214493208,-0.7439510736847021,-0.975078688314825,-0.8143993737062787,0.8568964427665139,-0.96162897789964,-1.2698234874888414,-1.5832665583094758,0.05908954161272522,-0.4004516746862688
1.373061216490003,1.6641309542004918,1.492855288068084,1.3275584029085987,1.8454651373242907,1.4020298646333595,1.319207334746264,2.5093803318983223,-0.6701340798770866,1.388993674971344,0.41143544735511,3.044725328182021,1.4561106176198022,0.6349468767729539,0.17008117166668432,1.9028758267342056,-0.32820227848941563,1.0135019532729932,1.3040218569303301,2.3852439071539755,0.8272758405568961,1.1558297341458723,1.0094398554995747,0.7395224681642389,0.28873291151421915,0.16101194467180388,-0.14007685098340283,1.0470940314116308,-1.0096596776085343,0.42688729906528267
0.5665359976106427,-0.12194790970801633,0.6614164897794913,0.4002984867934618,0.7505133559868835,1.422811183606743,1.3330906262594633,1.0562433801052504,0.23659543851808174,0.5987477228567943,-0.4447172670107798,-0.5495948265730757,-0.20558348187632441,-0.2918848563672961,-0.828926333350172,0.502310247460202,0.20312623307181357,0.04154797790190207,-0.8293823013533858,0.08661057975788078,0.45558060387000926,-0.10026450881316429,0.5758627498869611,0.25764426632982756,0.16981496311257713,1.3404717348483652,1.1002155034668715,0.8820149755159601,-0.22098461069123793,1.2108266852163212
-0.2992096044731449,0.6000839714464867,-0.29617164342185326,-0.375774664167387,0.055329204882731166,-0.0035429822936812977,-0.08313131982790756,0.07683216747423341,-0.250490666404942,-0.14320542107297668,-0.7902083278360309,-1.0997366678940494,-0.7682788167371644,-0.6150048658701774,-1.2352965894150434,-0.6409307100086908,-0.5366982766969868,-0.7613105345615688,-1.1811126032286987,-0.7736007510365686,-0.028876109115147267,0.6899389467836086,-0.06848100428733962,-0.2662854789605455,0.777617810498751,0.8397164401307358,0.47959118732328776,0.692704131598907,1.3649567548091195,0.6548724744350661
1.3646011617465128,1.3126154331121151,1.4600892270517856,1.2481357120207925,-0.40984158544383203,2.155824980122458,1.5337672944957095,1.2905288517583016,1.8627136657226406,0.09972203828075542,2.1189372570593723,0.800868113089262,2.9644328913308504,1.5330304325971391,-0.1639263677370063,4.089044753510676,1.991850698632661,2.2322770485727057,4.216348756457921,1.385489611643612,1.6124298236707706,1.2299113081080701,2.096393571653418,1.3766123754584234,-0.3499005150871957,3.0500328282858584,2.1597713467443604,2.034539393282981,3.0436834222997473,1.07348621812609
-0.7588725788694234,-2.0339073318441185,-0.7749657100225256,-0.7229652843340825,-0.765517197636654,-0.8538767704682257,-0.9529826390003663,-1.0472483908540966,0.0754823422743122,-0.25588864017079205,-1.021521059468766,-1.5544604652613196,-0.8813158441826605,-0.7350344458708066,-0.9759968547124791,-0.6649185984820486,-0.67396323739376,-1.096435359508131,-0.005693885325380208,-0.6890734199292784,-0.8411763735600865,-2.1119908061866153,-0.7992390843719317,-0.7588119257044065,-1.0325776262818123,-0.5826283994786909,-0.904907864930457,-1.0269955745436061,0.8443281158637151,-0.5449338460651914
-1.286779994863186,-0.28107993614667287,-1.2938982013681646,-1.0712905143706037,-0.9756891502960492,-0.9560830756009581,-0.9388469240051087,-1.1281271378339948,-0.49778053505816955,0.20069790993983616,-0.24407379532296009,0.16234282840852549,-0.2996980113353499,-0.4608100966294642,1.3208493741257394,-0.7101684790113373,-0.6654032843881705,-1.208807956345199,0.839737858454917,-0.314894243001748,-1.0896692565136796,-0.17763859717368144,-1.1039474391496853,-0.9169112908006404,0.27111543767693946,-0.8142745520226318,-0.9964714678129657,-1.3624543899646249,0.27215208692371623,-0.30266526211802414
-1.550169699210501,-0.5803431500462372,-1.5310425679736301,-1.218789797447958,0.5520992748049376,-0.5782409124485278,-1.1255140889871265,-1.2768172242989508,0.6449984034150799,1.204602952811283,0.4036757550798905,1.5458142785501219,0.14448273087338392,-0.27382814995389976,2.9423102474596043,-0.32363636702018556,-0.9805929825582669,-1.8119099972142643,-0.21929010500966128,1.0539384422141544,-1.2943104542401682,-0.47725740742079115,-1.317725039833682,-1.0309738464408456,0.5882299667479864,-0.7799334781953629,-1.3029107006453406,-1.7410760777987315,-0.7794146689660123,0.24120298755929073
-0.8491131627999806,0.13693852136382859,-0.8482797715464954,-0.7848015222395887,0.662329319906018,-0.7008506943914914,-1.0623324914279662,-1.0813731394205035,0.47639167478787897,-0.36125476711939836,-0.4066578239466078,1.3419912357000559,-0.4570535209070537,-0.49312209757975234,1.960723396453773,-0.7935809093846041,-0.8797995359174514,-1.0504438464779533,2.8222177417521355,-0.6850656585405707,-0.9163506910922657,0.013327237928872002,-0.929312216055716,-0.8160236822517879,0.42967270221246295,-0.994159340561471,-1.2390791550327303,-1.434846856678506,0.675939975214706,-1.045951870010354
-0.7673326336129129,1.1036062043568644,-0.7426092247689304,-0.7388498225116438,-0.27756553132253475,-0.052662463503497334,0.27796047125630663,-0.21879537486465495,-1.5918508630391166,0.43191802185483363,-0.623929207652755,3.0339028657298046,-0.46850661179360187,-0.556082981784358,0.3895144096901726,0.23026578500098516,0.7735859583728804,0.13046490309357928,-0.7014803733987265,0.3259832372470603,-0.8119419167420165,1.8867679305728866,-0.7676240870876787,-0.7472612871585629,-0.12527772366187054,-0.026303003476935517,0.43273357331552864,-0.2791420167336784,-1.3515906979060113,0.16813785906728723
-0.6968321774171647,0.5502067691298934,-0.7344177095148555,-0.6696386204522699,-0.7361225189430326,-1.0433646152891696,-0.9163812341019314,-0.9894373553295868,-1.1909415305255509,-0.5661333472972443,-0.005370880570968421,-0.021639033279144577,-0.12043224093720623,-0.28285650316059796,-0.3954200585373576,-0.863472893527433,-0.6235206571822509,-0.6705539488486845,0.47265932522504533,-0.755747995759598,-0.7075331423917673,0.003449694733911969,-0.7465474222315099,-0.670918785519628,-1.0634082054970533,-1.059969325677728,-1.0388345759873274,-1.178444249677249,-0.8000336249638502,-1.0234280334075565
-0.338689859942764,-0.20507658023567246,-0.4112624327416044,-0.3976159041615338,-0.4818585482432058,-1.2700699131806277,-0.8021596084706087,-0.5234438099514608,-1.2958523838935867,-0.6027188080432883,-0.8267897342763516,2.0201988827055843,-0.8499443343629854,-0.622845277865468,-0.8996139871256773,-1.1283755073729909,-0.5700209508973171,-0.027439291643364783,0.8115994343048922,-0.7528332602041741,-0.6407115268076077,-0.47561115022163153,-0.701985330821325,-0.6178580396996592,-1.5694701414729335,-1.3094728366118487,-1.0718261613601374,-0.9818638693537804,-1.5663714895501553,-1.2398766095417602
-0.37817011541238266,-0.851105105479176,-0.3510547956241546,-0.41803888181839804,-1.3379785651949365,-0.1716827448965129,0.2817468234871793,-0.40307932671496477,-1.426990950603632,-0.4973526810946819,-0.4299369007722664,0.30123109654529584,-0.2638448572557211,-0.4059272126624307,-0.20747800276456876,0.763996303533196,1.4427908558455678,0.9077214733035842,-0.20266285437555537,-0.05366106884688977,-0.5154209975873087,-0.9892433963595334,-0.47134639825239283,-0.5281601122420927,-1.470371851138231,-0.15117963557609493,0.2959858426398237,-0.2008430516895852,-1.5457525335523172,-0.7135879396519952
1.7622237346905327,0.5169553009188307,1.632111047387356,1.8211136962828225,-0.9433550037330656,-0.4044335173984099,0.015692473397866596,0.2752918079284133,-1.2958523838935867,-1.606623850914735,1.0336888659965249,-0.3264717256832252,1.12895058664319,1.024591594114664,0.30877637860061447,0.3125878568072811,0.32082558689866814,0.7498172785666404,-0.8894962074920756,0.032687971982540254,1.6395761050018351,0.07753126869610988,1.6236740884507763,1.555286315464441,-0.4335835158142777,-0.15492593453906967,0.20705200380877115,0.4473572778824054,-1.1350916599287142,-0.7135879396519952
-0.7729726701085727,-1.1147417462954583,-0.7643167401922287,-0.7348786879672534,0.603539962518775,-0.42710404718755557,-0.4555821676047394,-0.7693275722804056,-0.12684573207832822,0.4377716955742025,-0.7547354488635988,-0.10100375792872775,-0.6522540264516992,-0.6185686895044005,-0.6969313779589442,-0.24294983306434578,0.28994861355707785,-0.5796440580923664,-0.2474285291596865,-0.08353710828998374,-0.8286473206380565,-0.6254205553451864,-0.7748503721812221,-0.759172883158964,0.11255817314141471,-0.3428652658483046,-0.0616620683581735,-0.6156609728806326,0.07283551227794986,0.41425197609298176
2.1203660521649335,0.4053253719245483,2.238283176188892,2.345870761077256,-0.17468415589485903,1.723195703312925,1.6448336266013048,1.5273917213393289,-0.34416107119783135,-0.11832730776566627,2.8058547779942837,0.23449257808996474,2.9828574288439933,2.7661134100382823,-0.45237219665032397,1.3086304077351147,0.9542621093122857,0.5811817307893219,-0.1438279675164123,0.2808048361379914,2.4685817733428146,0.4084289657272582,2.6534197142807336,2.69952144641207,-0.23979130360419293,1.3523350148977853,1.4736419987736038,1.0470940314116308,-0.11273509170258995,0.23735745448076423
2.5490088258350823,0.6547113835075183,2.4348795422866867,2.8989930726173347,-0.8816261784764595,0.18159967765100962,0.5455293622379683,1.2237742454237137,-0.04441577586058536,-1.0563785212942332,0.9479627418131471,-0.6599839435856777,0.859553970572646,1.3655307217886599,-0.7126769690842936,-0.008522741165621838,-0.11787200463778985,0.6762308577183562,-0.10289935057092126,-0.03763002329205895,2.430994614576725,0.4150139945238978,2.301138315970485,2.7338124045950427,-0.4335835158142777,0.6392894456115847,0.5847817493815222,1.8119098408365264,1.1862591361611916,0.41809750917150745
0.11533307795785475,-0.577968045174018,0.06384545199473411,0.005737904561539007,-0.7331830510736705,-0.7161533019991649,-0.4702227295641134,-0.5574654626007487,-1.51316772301309,-1.3461353704029015,-0.6919188923499167,-0.3896027566544843,-0.7000582318912041,-0.48456892085761727,-1.1733192626450508,-0.6360240964573223,-0.4303102893418039,-0.8700038103562223,-1.000770884812629,-0.9561360651949842,0.019151927085967472,-0.042645506842566044,-0.05342624367579055,-0.10331318822778394,-0.8123592033158074,-0.3054022762185569,-0.13768615639117024,-0.5555358488525763,-0.7622322056344807,-1.0052990917516453
-0.2258891300295668,0.08231110930279698,-0.2789694613882961,-0.2796164776996503,-0.4340921953660697,-0.793610945445413,-0.38616571003874234,-0.3907078166606782,-0.8050194627788468,-0.8836951465729055,0.2292674334654321,-0.1352748890274112,0.13203371904017955,0.07186274256572692,-0.34650822227563377,-0.8159332600075057,-0.3230051641645935,-0.3642504720677003,-0.6605517564532356,-0.7196781432612284,0.33655460111072505,0.6866464323852888,0.2657346812890497,0.19014522232755426,0.32837222764810065,-0.6325790523183548,-0.038711400272740386,0.015728553751523978,-0.025104528711779404,-0.5795436437719299
-0.3809901336602125,-0.2525786776800483,-0.335900492404116,-0.48469721167066393,1.8675111463445075,1.1564324585842796,-0.5165424385217878,0.08997689690691295,-0.38912286549841846,1.4314328094367548,0.12913045219950364,-0.0955925267026196,0.14896437513333768,-0.14267944021449508,-0.5910674035842538,-0.12573628711498372,-0.5510667692420832,0.09520474310377613,-0.28196204970744443,-0.19830482078479597,-0.2752808165817354,-0.21879502715268,-0.25485894065831716,-0.38540143896455725,0.5706124929107067,0.25092311978319853,-0.7071496082609762,-0.0811985983340074,-0.5440149213240308,0.256585119873396
-1.148035097069953,0.07281068981392214,-1.1435838964558918,-0.9992427876366654,0.28754716656234214,-0.5638829102487356,-1.0620926891200109,-0.989179615536789,-0.08188393777774111,0.08216101712265504,-0.6043452223867247,1.5656554597125172,-0.6119192281121169,-0.5601219819031439,1.9674236479964746,-0.18407047044792205,-0.852988540253516,-0.7262036796151997,0.6849765256297794,-0.5702979460457585,-1.1940780308639287,-0.4640873498275119,-1.2012011927002924,-0.9762887920753673,-0.27062188281943395,-0.8486156258499007,-1.2548577393414653,-1.4030426349004408,-1.0938537479330384,-0.9250922589709512
-0.49661088182123964,-0.16232469253573484,-0.47351794867257274,-0.5164662880257865,0.23978081368520707,0.01723833667970244,-0.11518910204929535,-0.29199347601918363,0.4201894319121453,0.1436245911760074,-0.042691305323214794,-0.32106049445711704,-0.1891507862564946,-0.23961544306535945,-0.02824627399729242,-0.3536212276118829,-0.15486323012622985,-0.22213669680445067,-0.32544870521202857,-0.09373868273396699,-0.2919862204777753,-0.17434608277536162,-0.3530159798456173,-0.3796261196916356,0.43848143913110343,-0.11309226278585116,-0.02580164947468443,-0.20387202519225794,0.1982674945981303,0.17802637269778385
-0.5107109730603895,-1.0078620270456142,-0.5750927378231004,-0.5317835212684348,-1.2586129327221582,-1.3405374766085558,-0.9926131256834992,-0.9912415338791702,-0.999853904748057,-0.76223141689604,-1.0802730152668567,-0.9875438071394115,-1.0556020098475225,-0.7452982579373687,-1.2637726584715265,-1.1266854515941862,-0.782093786610795,-1.2351764238158343,-0.4047479005439172,-0.9047638510306396,-0.6615932816776579,-0.8772979068166573,-0.7203521387674149,-0.6223700078816293,-1.2748178915444184,-1.1123550728433256,-1.004408573859178,-1.1274060461572113,0.0041056589518247465,-0.9025684223681528
0.19429358889709256,-1.0339881806400204,0.1555904228403723,0.0650212702599371,-1.132215814339585,-0.3664603800015907,-0.42642725542702065,-0.4466373516977652,-0.4715528217161613,-0.8866219834325899,-0.6024976766069104,-1.422426423344286,-0.5232822638597012,-0.4054520361778677,-1.261762583008716,-0.4304915065833248,-0.27439685959713933,-0.524300937412719,-1.136346928444568,-0.533499409658533,0.16950056215032613,-1.2312432046360455,0.1272308836627984,0.03312872959499325,-1.1514955746834554,0.14477798249891322,0.20370503137964532,-0.003959774015849718,-0.36188081000979694,-0.08401923851037661
-1.5885219473809877,0.40295026705233,-1.5560266894985586,-1.2542463558800143,2.051227888179642,-0.2882470522290375,-0.7468788658998693,-1.0381759501476195,0.056748261315734336,0.7055772682352439,-0.1827352754331294,1.5241693536456902,-0.19114262814980731,-0.5223454513803806,1.6391113224040805,0.3283980560283581,-0.06345516053082849,-0.3924586000595427,1.6890066600738547,-0.2897546488362177,-1.4206450712039698,0.22075564502302453,-1.3764386062187235,-1.108760177898011,1.3766119209662855,-0.5376728119229934,-0.8725378601516275,-1.3203516582774721,0.12610114860569832,-0.39221124666085505
-1.2659118598292438,-0.03881923918035936,-1.2582651100129392,-1.0616463304770845,0.8166513830475322,-0.4072673336220531,-1.0127565195517412,-0.7698430518660009,2.7169877574337917,1.1036270811522022,1.0673141991891428,0.9469713561941766,0.861545812465959,0.07471380147310538,2.0210256603380903,-0.36779588898250337,-0.79652342167736,-0.1991409402893619,1.36029870523038,0.1390758197555089,-1.0771402035916495,-0.4163458910518731,-1.0834729647179782,-0.9156479397096887,0.31515912227014053,-0.7537093854545395,-1.2032187361492412,-1.046078107610445,0.5109883272320036,-0.22905077175766067
1.404081417216132,-0.1694500071523914,1.3454080134947377,1.3842888963998887,0.6549806502326134,0.41208339717399217,0.5442672448276775,1.0412944721229875,0.39021490237842094,-0.4593038019187957,1.181862037537622,-0.052302676893756055,0.9760767213314394,1.4760092544495718,-0.1940774996791649,-0.13827541063514806,-0.0802693539346648,0.5459215707995188,-0.2359173556437672,-0.4500651043845267,2.0405057985067927,0.40184393693061854,1.8765940667248011,2.268177288215724,1.3105463940764839,0.5943338580558875,0.5517901640087124,1.4257157192457377,1.096910326837228,-0.0724826392747971
0.27043408158850046,-1.442506218661647,0.20473951436482127,0.13565073465659325,-1.2314228549305575,-0.6715679267471781,-0.6972776516754385,-0.592002594835632,-0.34416107119783135,-1.069549287162809,-0.8474822470102705,-1.460124667552838,-0.7662869748438517,-0.5382638636132432,-0.6785056862165139,-0.585867602376665,-0.5064327285700813,-0.40840232457667097,-0.49811630795081857,-0.7564766796484538,-0.035140635576162454,-1.641161247226871,-0.09859052551043777,-0.1247901567739618,-0.8828290986649286,-0.5133218686636575,-0.6516854937211798,-0.5025288125558014,-0.7072483229735798,-0.9119075741302888
1.5704624938380978,0.5407063496410177,1.5174298338303083,1.6055378210159201,-0.18791176130698875,0.4857626189887158,0.47989925690284396,0.9631993149053037,1.0534013683120769,-1.0154028052586646,2.0236038948209614,-0.06492888308800812,1.7977115023229315,1.9963275050461233,-0.07816314799042168,0.33221431101275595,0.07289266234391732,0.8126723463745502,-0.17836148806417024,0.07349426975847351,1.9548906035395883,0.4841567968886157,1.8826159709694212,2.022726219116548,0.11696254160073556,0.42200410575904723,0.426517767375724,1.0152898096335656,0.29448928925470663,-0.09390775214087321
-0.20332898404692734,-0.09344665124139097,-0.18640533901725118,-0.3003231078239711,0.6990726682730452,0.18537809928253376,-0.04261735095757099,0.11008060074512845,-0.025681694902007484,-0.2866204271974692,-0.7170455149553895,0.1984177032492451,-0.6791438920114208,-0.5009625095750428,-0.5344502780484226,-0.3285429805715542,0.029481472101285308,0.2837699465275052,-0.922750708760287,-0.5025303443821552,-0.32748520375686,0.24709576020958365,-0.3144757926800516,-0.38449904532816326,0.44729017604974386,0.006789304029341916,0.34093090097379675,0.4594731718930972,-0.3996822293391659,-0.4064946552382389
-0.6601719401953755,-0.45683769669086166,-0.6738004966347018,-0.6477973804581231,1.918951834058345,-0.6194257082321428,-0.3772046764256772,0.631488201574746,0.7574028891665471,-0.5851577868851879,0.8629756359416949,1.9318154393458216,0.5697409750956471,0.20111074636687956,2.3928896209580466,-0.5836868852427234,-0.5932551090553454,1.1162163323737238,0.8205525692617185,-0.3065143782799046,-0.8286473206380565,-1.10448140030073,-0.8525329369368158,-0.7505099042495814,0.14338875235665574,-1.0753915897419741,-0.9608979322805447,-0.3862162300531639,-1.166020093925471,-1.3145898236388456
-0.682732086178015,-0.4497123820742051,-0.7118910425661499,-0.6668020957777053,0.31694184525596364,-0.9307676506697452,-0.8285378623456878,-0.8765473260842221,-0.3554015197729779,-0.7241825377201548,-0.819399551157095,1.2698414860186167,-0.9291200496221655,-0.6154800423547405,0.2658947687273217,-0.9170094991656995,-0.5049041655333689,-0.8552865261865655,1.4101804571326975,-0.6759571099298712,-0.7931483373589717,0.1285652418700679,-0.849220889602275,-0.7196480418849056,0.13017564697869566,-0.97349225794906,-0.8820050107368687,-1.088938082673266,0.5178613125646163,-1.0162863291188642
-0.2879295314818249,1.4171200474897407,-0.3502356440987473,-0.35762090625017423,-0.6229530059725892,-0.9982124767924542,-0.7756551428545008,-0.7438113327934396,-0.7263363227528202,-1.011012549969139,-0.7362599910654569,0.23088509060589277,-0.7782380262037278,-0.5415900990051846,-0.42523617790238133,-0.9548449414395865,-0.5189669454711228,-0.822939162022007,-0.8818220918147962,-0.7342518210383474,-0.4214531006720846,1.4044145712190235,-0.4963373008675642,-0.4608415469670982,-0.164917039795752,-0.9341561188378248,-0.6382976040046772,-0.8316267836212071,-0.7811329152991652,-0.8998216130263486
-0.8350130715608313,-1.5018838404671162,-0.7983115284966391,-0.7876380469141532,2.0071358701392104,0.11736650991509645,-0.1284413348573493,0.15363862572792905,0.7686433377416936,0.9353339617203982,-0.5596346145152217,-0.42603838024361107,-0.5317475919062803,-0.5781786883165403,-0.13478027352625288,-0.42667525159892694,-0.3382907945317175,-0.027439291643364783,0.09151157992016083,-0.044552520236190454,-0.7367675992098373,-0.8509577916300982,-0.6878338558464685,-0.7438321913402656,1.2488852356460032,-0.08124872160056554,-0.22853255089600907,0.25501746046267937,0.7635705382055165,0.43347964148561346
1.2489804135854856,-0.5138402136241116,1.1774819507862044,1.1715495458075509,0.662329319906018,0.09658519094171272,0.7133909778066524,0.9564980802925653,0.5738088957724835,-0.0905223575986735,1.127544191611085,0.6475498950162037,1.0049584287844737,1.1901905989848907,0.3566831771309329,-0.25003716374965596,0.04109855118029948,0.6425037481628922,0.010933365308725258,0.26477379058316053,1.2282055340618534,-0.13154339559720343,1.132888892514277,1.1925240736340414,0.777617810498751,-0.16741359774898562,0.2615598405116743,0.7941747439384473,-0.007922065380247888,0.01651398339967235
1.7001833332382745,0.8898467658571761,1.6280152897603188,1.7019796599511134,-0.4120461863458538,0.498987094699051,0.7234879170889792,0.9611373965629227,1.057148184503792,-0.9158903520294249,1.2930842934824356,0.5176803455896132,0.8351539073795656,1.1284176559916927,-0.34215305877287755,0.5028554267436872,0.3131827717151064,0.13353100396225767,0.7936931643912398,0.2068434214191124,1.6395761050018351,0.9698026706407988,1.4550607696014268,1.555286315464441,-0.6009495172684423,0.6118165865497696,0.6565025871485003,0.6412115820534682,1.3580837694765069,-0.0318298610160885
-0.3471499146862536,0.355448169607955,-0.3744006140982675,-0.41009661272961756,1.2575715634518576,-0.5478246183147572,-0.7297140691199137,-0.5950954723492036,2.724481389817222,-0.27491307975873464,0.046360401263828586,0.1803802658288853,-0.001917648285099896,-0.13293832228095223,-0.006805469060646335,-0.7728640966121587,-0.38475911084777437,-0.0443028464210965,1.1697248325779381,-0.8417326946446,-0.4611284349251792,-0.2615977143308388,-0.5104887758424207,-0.4900791007862646,-0.12968209212119017,-0.9079320260970014,-0.9150444100015233,-0.787555219157317,0.5109883272320036,-1.0937463525577542
-0.4655906810951106,-0.20982678998011073,-0.5251244947732442,-0.4963269628363785,-0.9154300589741247,-1.1850554264713309,-1.1020387051557166,-1.201454108884922,-0.43408465979900557,-0.6144261554820228,-0.5016216770290566,0.23088509060589277,-0.5755681135591598,-0.42588462501407925,-0.21920344296429722,-0.9588792681373788,-0.9237304375925657,-1.3636460502134644,0.6836975063502329,-0.666119877430316,-0.5989480170675082,-0.43116220584431314,-0.6688648574759167,-0.5850109113349165,-1.2704135230850981,-1.1842840129324415,-1.2762353303852092,-1.6082252999715,-0.6763198889768232,-1.0959438000311978
-0.10744836362070982,-0.9746105588345515,-0.14995309613661825,-0.2172129348592312,-0.09017445465069683,-0.5291214312387118,-0.5602117009178514,-0.3203448532269237,1.1133504273795256,-0.6173529923417063,-0.5903038744601369,-0.5456265903405966,-0.5212904219663885,-0.4981114506676645,-0.9388104586504835,-0.5553375625014824,-0.5351697136602743,-0.21293839419841523,-0.6503196022168628,-0.8198721779789215,-0.2898980449907704,-0.6517606705317455,-0.2831618906080293,-0.3938839391466612,-0.6229713595650428,-0.5214388497501028,-0.6067404353872068,-0.22764946718823986,0.09689096094209418,-0.8317007413495937
-1.1367550240786337,-0.4283364382242363,-1.1304774720493724,-0.9722958032283026,-1.1645499609025687,-0.8655898775259511,-0.39676749628518554,-1.0007779062126827,0.5663152633890521,0.058746322245185834,-0.18827791277257194,1.2626265110504726,-0.06466066792445035,-0.41780662477650726,-0.7897298618253656,0.30550052612197093,0.7845916122372096,-0.1700129820369158,0.6696282942752205,0.28044049419356337,-1.020759465442515,-0.20233245516108095,-0.9747775931025939,-0.874498789890121,-1.6461061526651037,-0.7256121432322286,-0.3824932826357887,-1.2002528588964936,-0.05259647004222964,-0.33892314542984475
0.09841296847087504,0.533581035024362,0.19490969605993114,-0.05439641853922864,0.662329319906018,1.547499097447045,0.6730032206773449,0.9869113758426864,1.6453983266031376,0.9499681460188162,-0.5659162701665899,-0.4307281139729047,-0.3818614894344991,-0.4591469789334935,-0.8661127294121675,0.27006387269541976,-0.1609774822730794,0.2607741900124165,-0.7449670289033106,-0.048195939680470215,0.26138028357854576,1.2364963369047097,0.4403699043830194,0.015622293048949009,0.8745139166037936,2.5499019167287247,1.345500768629936,2.349552637560958,2.346075411039568,2.3754738461414795
-0.7391324511346138,-0.7751017495681756,-0.7041091030747789,-0.7255181565411906,0.9121840888018022,0.22505152641353904,-0.22978936290370505,-0.11776137608798164,0.2740636004352375,0.06606341439439585,-0.5988025850472821,-0.8804014288624743,-0.6024579791188814,-0.5817425119507632,-0.38637471895471,-0.3023743749642549,-0.1762631126402034,0.18718776916413174,-0.24103343276195335,-0.6781431615964392,-0.7785311089499367,-0.9925359107578532,-0.7781624195157629,-0.7445541062493809,0.39003338607858146,-0.24296396016897712,-0.20223491038145056,-0.06756821757197959,-0.19177442302763473,-0.5487793791437179
0.1886535524014328,0.7710915222462381,0.38700072876798525,0.059631873378264616,0.22655320827307734,2.221947358674133,2.323852793337786,1.2260939035588925,0.8548201101511517,0.911919266842931,-0.5714589075060323,-0.6260735612354011,0.29337291239850904,-0.3845442708570929,-0.024226123071671317,1.9917400499423261,1.4424851432382253,1.612924673099644,-0.687411161323714,0.7070849111187223,-0.003818003271087241,0.3080072765785017,0.5306984680523138,-0.10024504986404417,0.40765085991586236,2.829001189470346,3.0094242048238278,2.0072786317589255,-0.05603296270853556,1.716239604108371
-0.7109322686563141,-0.6207199328739557,-0.7344177095148555,-0.6818356765528971,0.6402833108858021,-0.8300727141896227,-0.6721615152106505,-0.6066937630250973,-1.7754448564331802,-0.48271849679626394,0.1524095290251624,2.3196203438835568,0.18979713394624814,-0.14267944021449508,-0.15387599042295355,-0.6431114271426325,-0.16678602181258648,0.1917869204671496,-0.866473860460237,-0.049653307458182146,-0.634447000346593,-0.03606047804592641,-0.650799144742058,-0.6164142098814287,-0.24419567206351378,-0.9560095294551778,-0.8027773919502802,-0.685781709467509,-2.0388892311672713,-0.5949257760860359
0.0053523662924873944,0.6808375371019246,0.15436169555226104,-0.05184354633212033,0.6255859715389909,1.8119886116537465,1.5691065819838534,0.9534052027789934,0.5101130205133185,1.4885061282005836,1.0935493492625041,0.08297810375894232,1.2429835350353424,0.48479110765102684,0.7938745902922334,2.4513261859205224,1.1285182954974988,1.0211672054446896,-0.43032828613484886,0.8269534108355262,0.2718211610135708,0.6273811732155309,0.3410084843467951,0.12860197632548145,1.3810162894256064,2.302646185172389,2.0067668928414744,0.9622827733367907,-0.09383438203790548,1.589886374385358
-0.6460718489562262,-0.24782846793561092,-0.6938697090071854,-0.642124331108994,-1.0124324986630764,-1.0839826478280559,-0.8766245356777694,-0.9291262438149398,0.20662090898435734,-0.241254455872374,-0.666422760588481,-1.0625795468081083,-0.6756581686981235,-0.5442035696702814,0.05785195832642736,-0.9385985987917215,-0.5798037543322763,-0.5854696497428555,-0.051738579389057876,-0.4402278718849713,-0.6824750365477077,-0.7192572156973032,-0.7257718525875723,-0.6516075617007958,-0.8035504663971669,-1.0417997757073003,-0.8628794539990078,-0.787555219157317,-0.19521091569394067,-0.559217254642576
-1.3632024893793766,0.5692076081076431,-1.3475526262823547,-1.1209296961754827,-1.227013653126515,-0.8380073996158236,-0.6541132362434913,-1.1446482585523232,-2.0189879088946916,0.6572844600504644,-1.0680792131200834,-0.07214385805615205,-0.8479524924696727,-0.7976627065362181,-0.5099943599175606,0.06235056568748067,0.161243605865894,-1.0257617344850913,-0.1092944469686544,0.2695102358607242,-1.3371180517237704,0.377150078943219,-1.239440284653627,-1.0598504428054545,-1.059003837037733,-0.4196643945892877,-0.40974720098724043,-1.3527616747560716,-0.8979736659535794,0.42853538467036556
1.4999620376423495,2.2531569625107446,1.6771643812847672,1.5402977535009366,-0.278300398289875,1.915895206520665,1.1261033709717627,1.6717260053060052,0.3002913137772467,-0.06271740743167971,1.6071670760508456,-0.04148021444154017,2.1318429799261382,1.5686686689393687,-0.22824878254694486,1.202320447455461,0.20037481960573128,0.5167936125470729,-0.1284797361618534,0.5132549966830394,1.8128946704232494,1.7402510398476527,2.1325249971211355,1.8729288754751394,-0.20015198747031265,1.7294624438372472,0.7296578416708178,1.1985427065452734,-0.13850878669988723,0.8921968015669854
-0.6291517394692464,2.1249012994109315,-0.6504546781605889,-0.628225360203628,-0.883095912411141,-0.7630057302300662,-0.6137254791141838,-0.7755133273075488,-0.7413235875196819,-0.25003496645142526,-0.7998155658910646,0.8712141190286654,-0.6776500105914361,-0.6299729251339139,0.09939351789117926,0.016010326591221303,-0.08149220436403479,-0.4067159690988977,-0.37277241855525234,0.1671301494764632,-0.6845632120347126,2.0052984489124035,-0.6836185228752352,-0.657924317155554,-0.5216708850006799,-0.4390202725646576,-0.437001119338692,-0.66336730554773,-0.7759781762997059,-0.12741882611088953
-0.8293730350651716,-1.4828830014893664,-0.8364020744280866,-0.7828159549673935,0.14351324096359566,-0.5442351177648092,-0.7134327545271616,-0.5667440951414636,-0.16431389399548396,-0.007107507097692121,-0.8027716391387673,-1.2494473984830357,-0.8529320972029545,-0.6463665138513395,-0.18938732359927352,-0.7837676822818668,-0.5886694199452083,-0.4553136678674525,-0.4405604403712216,-0.3739176379990799,-0.8453527245340964,-1.5670796732646737,-0.8883632671923025,-0.7774012346141235,0.1389843838973361,-0.6569299955776908,-0.693283579626027,-0.4159001703793579,-0.2845597250179051,-0.22190906746896838
-0.8378330898086611,0.12981320674717203,-0.8744926203595348,-0.782532302499937,-0.8287157568279406,-1.1478379734008164,-1.0615625998076887,-1.1308334056583698,-0.658893631301939,0.09972203828075542,-1.0096967664779553,-0.25071448851771394,-0.9439592717273453,-0.7375528812389909,-0.950535898850212,-1.073803061096102,-0.8630159137743494,-1.1887249956553547,-0.7027593926782733,-0.5641041329904829,-0.9267915685272908,0.12033395587426808,-0.945270262303958,-0.8163846397063456,-0.962107730932691,-1.1156643035939533,-1.181798112602837,-1.3121734298202554,-0.5869710796528597,-0.446598071628586
-0.07642816289458028,-0.530465947729643,-0.05001661003690514,-0.17466506474076363,0.9709734461890462,0.4347539269631381,0.10997264394659367,0.07528572871744767,0.3564935566529803,-0.21198608727553905,0.06409684075004458,-0.7434972788419435,-0.15628539501683478,-0.1101298510219253,-0.2299238454326203,0.06507646210490778,-0.027075360257073425,0.24544368566902366,0.03267669306101733,-0.4183673552192929,0.00453469867693252,-0.597434182959467,0.009803750892715409,-0.11233712459172424,0.8172571266326325,0.43886245109243366,0.23143708864954365,0.33982871853751917,0.2910527965884007,-0.2576175889124283
-1.50956143644175,-0.9009823077957697,-1.4708349308561803,-1.199785082128376,-0.9889167557081789,-0.5272322204229496,-0.5296684595888127,-0.6631387776477795,0.4389235128707232,0.5065523617767649,0.4820116961440116,-0.03967647069950438,0.6972188562676606,-0.24222891373045627,1.3040987452689847,0.18501590447169655,0.0019673374404622166,0.49686395690066254,1.0239166347096262,0.12049438058968222,-1.3337769709445624,-1.3168485789923625,-1.2797870430925786,-1.0580456555326665,-1.3717139976494603,-0.8186452341461024,-0.8514997477399807,-1.019877486812325,-0.7983153786306967,-0.5465819316702742
-1.824839476549136,1.2484876015622086,-1.8320807535608794,-1.3699765626022462,-3.215563666750021,-1.1574729485612034,-1.1255140889871265,-1.2768172242989508,-0.8462344408877178,-0.571987021016611,-0.08112025754334976,0.3715771024846989,-0.1637548021167575,-0.5042887449669843,0.05081669420659028,-1.141405292248292,-0.9805929825582669,-1.8119099972142643,0.817994530702625,-0.3863052641096311,-1.443406184012324,0.768959292343286,-1.4637562177657082,-1.1183255504437875,-1.8799781178550012,-1.1955229098213658,-1.3029107006453406,-1.7410760777987315,-0.0474417310427698,-0.7619317840677567
-0.4176503708820018,-0.6135946182572999,-0.4153581903686415,-0.4827116443984688,1.1840848667178034,0.12870177480966916,-0.6358125337942738,-0.504886544870031,1.1508185892966813,0.5094791986364472,-0.08961896813049486,-0.39501398788059244,-0.19014670720315086,-0.279292679526375,0.158020718889821,-0.5444339768317743,-0.376199157842185,-0.40165690266557813,-0.2960312617824568,-0.07807197912356419,-0.4005713458020348,-0.6517606705317455,-0.42588102120551485,-0.476723674967633,0.654295493637788,-0.36222114382367443,-0.6225190196959419,-0.5226714863485761,0.29620753558785956,0.07199953210412549
-0.3809901336602125,2.2887835355940265,-0.4157677661313455,-0.4245628885698966,-1.1138441401560715,-0.8812703272967769,-0.3436323533119405,-0.6729328897740897,-0.9249175809137455,-0.8295486646687612,-0.7244356980746463,0.2489225280262526,-0.6846214572180306,-0.5594092171762994,0.4605370760428125,-0.22168784100841493,0.21107476086271815,-0.6437255662477475,-0.43672338253258197,-0.3797471091099275,-0.5175091730743137,1.6529994082921757,-0.5701056278641548,-0.5279796335148138,-0.4379878842735979,-0.5863746984416657,-0.13672987855427718,-0.7577198301559894,-0.9048466512861922,-0.650411324790489
0.0843128772317252,-1.2596231435008025,0.04951030030010344,-0.056098333343967084,0.9930194552092622,-0.2355380704692735,-0.25528413459158045,0.3972027299216949,-0.6101850208096368,-0.22515685314411482,-0.3756190548457296,-0.9031286000121276,-0.3654287938146693,-0.3486684462725819,-0.302956587248071,-0.7134395547122496,-0.4868671217001625,-0.07036470380486393,0.2181344885952732,-0.10211854745581042,-0.11866765505636155,-1.443610383327678,-0.14074385522277535,-0.24968143605089546,0.09053633084481416,-0.675037107232069,-0.646425965618268,-0.12208974062009105,-0.502777009328355,-0.33837378356148406
-1.2532217777140093,0.1559393603415791,-1.250892746284272,-1.048031012039175,0.4418692297038563,-0.9800760529611374,-1.0393240910383639,-1.0722491507554672,-1.7342298783243082,0.9002119194041974,-0.2684613996165072,1.4808795038368265,-0.3709063590212791,-0.48290580316164655,1.3711012606960036,-0.5978615466133439,-0.8183207305808788,-1.0070585191861523,-0.301147338900643,0.6644569036206492,-1.1376972927147944,0.09728635508602879,-1.173199337962811,-0.9423587913469519,-0.045999091394108786,-1.0063972505071888,-1.2049400362556486,-1.3804767823055282,-1.6574385452072722,0.3087744973676841
-0.2625493672513556,0.5430814545132369,-0.3035440071505209,-0.33436140391874514,-0.776540202146763,-0.7775526535114349,-0.7034620269858638,-0.6520559665574811,0.008039650823432066,-0.8471096858268625,-0.5378335743134144,0.5717926578506926,-0.42269424824740953,-0.4608100966294642,-0.515689573728857,-0.28056720362483867,-0.4318388523785162,-0.8309110242805712,-0.2653347990733385,-0.6876160521515665,-0.4527757329771594,0.5763472000415722,-0.44665659084945253,-0.48195755805871837,-0.8211679402344472,-0.5570286898983633,-0.7234063314881578,-0.8908432155984614,-0.4495113730006075,-0.9712386559132684
-0.13000850960334928,0.7140890053129874,-0.08278267105320483,-0.21295814784738443,1.7352350922232094,0.41208339717399217,0.6225185242657109,0.40519266349842176,0.0792291584660284,0.8811874798162539,0.7813141124739081,1.6053378220373091,1.0104359939910836,0.22154333520309116,2.26558484164671,0.42980140275664336,0.4455563306943998,1.346173897524613,0.8346217813367308,0.168587517254175,0.00453469867693252,1.3681969128375049,0.11518707517355896,-0.1468085615019762,1.8082400299796562,0.3514488086230219,0.5183204397174559,0.7926602571871111,0.31167175258623814,0.4983043419522025
0.30709431881028976,-0.4782136405408305,0.43205406266539703,0.13990552166844,2.727305498132942,2.3334107968041,1.9641493314048915,1.9243110022476886,2.192433490593611,1.9333853308724782,0.9294872840150052,-0.2940043383265775,0.5896593940287742,0.4534294596698648,1.0427889351036095,1.1058237142785443,0.5427729398293083,1.4488882766253435,-0.19498873869827615,1.7549323432935784,0.28435021393560045,-0.5003050082090305,0.3620851492029639,0.07319500705088801,1.9315623468406191,1.2137219532677181,0.8147665691542986,1.6347148909301643,0.6175195998874986,1.9140098767183031
-0.1892288928077775,-1.2786239824785528,-0.16633612664476752,-0.2912462288653649,0.6402833108858021,0.27039258599183064,-0.1334898044985127,-0.12961740655667295,0.5588216310056218,0.04118530108708545,-0.5570480504234817,-1.3057242032345582,-0.4311595762939885,-0.45962215541805657,-0.3974301340001682,-0.13391397636726482,-0.20286010947899907,-0.5302798341066423,-0.24870754843923304,-0.33711910161185443,-0.2898980449907704,-1.4106852393444793,-0.20096289766897169,-0.36392447041837944,0.21826301616509786,0.08671034857280385,-0.07074670780865745,-0.36440762083391937,0.2858980575889409,-0.13675797787302543
-0.5530112467778385,2.5381695471769956,-0.6238322535848455,-0.5632689451561009,-1.425427734308461,-1.3395928712006746,-1.1255140889871265,-1.2768172242989508,-0.4190973950321429,-0.46076722034863793,0.13984621772242592,4.374084466062537,0.00355991692150989,-0.12462273380109865,0.10106858077685467,-0.9460675549754717,-0.9805929825582669,-1.8119099972142643,1.4127384956917906,-0.2576925577265559,-0.6093888945025333,2.0332848212981216,-0.683317427663004,-0.5943958051534145,-1.6923520214879646,-1.2723844768783983,-1.3029107006453406,-1.7410760777987315,-0.8412715369595255,-0.9245428971025896
-0.3076696592166345,0.3459477501190793,-0.2732354007104437,-0.36045743092473875,-0.7081975741840926,0.07580387196832898,0.24388330117845355,-0.3721505515792485,-0.9399048456806072,-0.372962114558133,-0.3416242124971488,-0.7820973949215134,-0.28127347382220735,-0.30827844508472174,0.08632802738291052,0.3376661038476098,0.4302707003272758,0.11053524744716892,-0.6081119659918253,-0.22344441495032627,-0.32748520375686,-0.039352992444246226,-0.20698480191359098,-0.3594125022364093,0.1081538046820951,0.6180604181547276,0.8506269880377877,0.0475327755295888,-0.5766616016539409,-0.13840606347810833
-0.7955328160912122,-2.010156283121931,-0.7909391647679714,-0.7394171274465566,-0.19526043098039436,-0.7186092760596555,-0.6822584544929774,-0.6007657477907516,-0.5464891455504728,-0.23686420058284943,-0.9860481804963336,-1.3731842191867039,-0.8833076860759732,-0.7098025745405081,-0.33411275692163506,-0.5618797139033073,-0.5177440950417529,-0.8215594166311018,-0.8856591496534358,-0.5965305660445727,-0.7409439501838471,-1.6016510744470325,-0.7236641861019556,-0.6817475091563564,0.9758143911681559,-0.10559966485990173,-0.2978626940707546,-0.38439884595156004,0.20170398726443625,0.05332122857985446
-0.5332711190430289,-1.029237970895583,-0.5881991622296199,-0.5527738038602121,-0.7030535054127088,-1.1179884425117745,-0.8593335271567847,-0.7474196898926065,-0.9061834999551677,-0.8295486646687612,-0.08998847728645785,-0.5667303921224174,-0.13686493655703602,-0.24294167845730089,0.22267814627689442,-0.9325471087450335,-0.5810266047616462,-0.2328680498448256,1.1940261988893233,-0.8785312310318254,-0.6657696326516678,-1.4567804409209573,-0.7125236632494092,-0.6409593167913463,-1.226369838491897,-1.1767914150064918,-1.0676185388778079,-1.015182577883182,-1.0319968799395252,-1.3470021738721403
0.08713289547955506,1.9610190632278368,0.1670585441960771,-0.014685073095325562,1.286966242145479,1.0317445447439777,0.9430963464795883,0.6211786098628407,1.8364859523806314,1.1738711657846057,-0.1391331950295149,-0.340901675619513,0.0010701145548690579,-0.18592050030973362,-0.4791732028211317,0.9161013236256238,0.46879048885242836,-0.14088502378447,-0.22952225924603406,0.5912241727906263,0.22796947578646595,1.881829158975408,0.4915560904622859,0.0991839437790362,1.5483822908797704,2.508692628136002,2.0564933403599124,0.8517252404892315,2.2670360797145235,2.7380526792596886
-0.5783914110083078,-0.34283266282436103,-0.6086779503648069,-0.6038312480023732,0.5961912928453694,-0.6483306337133038,-0.8112468538247031,-0.5188044936811034,0.32651902711925596,0.5270402197945496,-0.15354405211206554,0.5212878330736851,-0.23247334743604586,-0.37860456480005467,-0.5374653912426383,-0.7526924631231987,-0.6348320236539226,0.5167936125470729,0.2347617392293791,-0.15859154884214663,-0.7388557746968422,-0.7867537608628603,-0.7718394200589125,-0.7093607544300137,-0.8211679402344472,-1.0135776568528903,-1.0647975192589734,-0.8502549706626451,-1.1539923695933987,-0.5767968344301247
1.1925800486288873,-0.18132553151348535,1.1651946779050917,1.1658764964584218,0.17290791965721716,0.007792282600891674,0.5594126537511679,0.990004253356258,1.1957803835972685,-0.3700352776984486,1.0791384921799536,0.4563530583603902,0.9486888952983898,0.95569100385302,-0.18972233617640866,-0.4964581998850587,-0.12276340635526942,0.3650216195474862,0.42661463116136766,-0.032164894125639235,1.3702014671781924,0.326116105769261,1.337633636831344,1.2899825863645966,0.31515912227014053,-0.2935389961691367,0.2065738648903244,0.7457111678956819,1.3683932474754255,0.08408549320806646
-0.3753500971645528,-0.798852798290363,-0.36498037155608193,-0.43051959038648185,-0.706727840249411,-0.1850961416884242,-0.507833828390781,-0.4809167441398508,-0.13059254827004338,-0.0583271521421541,-0.7144589508636497,-0.8131217872845323,-0.5915028487056615,-0.5639233937796484,-0.573981762150364,-0.5433436182648034,-0.5189669454711228,-0.6492445478113689,0.08639550280197424,-0.7127556463170969,-0.3943068193410196,-0.6385906129384656,-0.3192933160757472,-0.4411693656937084,-0.06361656523138849,-0.006947125501565501,-0.30360036109211286,-0.20841548544626734,1.1175292828350656,-0.16917032810631957
0.07585282248823559,-1.9935305490163997,0.0667124823336606,-0.06602616970494285,1.0077167945560734,0.09469598012595051,-0.00954987480795057,0.21240329848578998,0.16165911468377023,0.18606372564141815,-0.42402475427686104,-0.6583605742178453,-0.47249029558022726,-0.3845442708570929,-1.0785107033158186,-0.6998100726251145,-0.09952924819724109,0.027750523992848747,-0.16173423743006476,-0.37719671549893163,-0.13954940992641168,-1.6000048172478725,-0.14977671158970474,-0.2576225000511629,-0.05921219677206887,-0.4814783274783718,-0.0788750694222482,0.10811224558304594,-0.016513297046013647,-0.23069885736274282
0.4029749392365073,0.9302235486848947,0.7187570965580152,0.31066430707722337,1.0665061519433163,3.901455773886686,2.882970806096636,2.2722597225244967,2.555874661190021,2.6768018932320916,3.267741222947828,2.222218181813614,3.6068019019241984,2.331326926663081,1.7831667305721717,1.8728909661425088,1.5360332010850244,2.8240345162276603,0.38440699493633007,0.8010851327811397,0.7270434171806575,0.9780339566365986,1.0817027064350095,0.6095777845234989,0.7820221789580718,1.6314342876394068,1.6524659542726023,1.987590303991552,0.6501662802174086,0.9691074631375146
-1.3042641079997312,-0.5803431500462372,-1.2701428071313476,-1.087742357483078,-0.8507617658481575,-0.23818296561134053,-0.0625588060401665,-0.6860776192067691,0.8360860291925737,1.2441152504170092,-0.8249421884965374,-0.5034189867769547,-0.7209725717709875,-0.6725012205023079,-0.36292383855525334,0.4968584546253478,0.5565300071597199,-0.5072840775915533,-0.36637732215751917,0.06839348253648181,-1.173196275993879,-0.43280846304347276,-1.0997321061784515,-0.9649186322568026,-0.41156167351767714,0.5350174578087866,0.7726903443310047,-0.5113128357135528,0.14328361193722985,0.7685903811857774
0.7357370924804387,0.04193432647507848,0.645033459271342,0.6133214898532562,-1.6120839440129586,-0.6169697341716519,-0.47552362268733506,-0.5626202584567015,0.11669732038318416,-1.473452773799135,0.2632622758140129,1.511543147451438,0.2998463985517753,0.1481285683380982,-1.2041404197414796,0.055263235002170515,-0.04633525451964959,-0.11022401509768467,-0.6605517564532356,-0.8468334818665917,0.38667081279884435,0.3903201365364989,0.377139909814513,0.2594490536026156,-1.9777550976519076,-0.5301802139970438,-0.40305325612898907,-0.46345505437132156,-0.6385184696474542,-1.348100897608862
-0.648891867204056,-1.9887803392719623,-0.6762579512109242,-0.6276580552687151,-0.5634287816180059,-0.9912223967741342,-0.796606291865329,-0.8139165564343965,-0.7937790142037003,-1.0739395424523344,-0.5744149807537351,-0.31925675071508125,-0.6114212676387886,-0.509040509812615,-0.28888605900839714,-0.7390629810360636,-0.5599324348550151,-0.9178349839076072,-1.2028559309809908,-0.723685904649936,-0.5363027524573585,-0.9151618223973361,-0.6062370533318726,-0.5391693146060998,0.2094542792464574,-0.6144719406639766,-0.5790083781173087,-0.6997149875798042,-0.753640973968715,-0.6394240874232703
-0.3640700241732333,-0.7394751764848937,-0.38791661426749086,-0.44356760388947863,0.17658225449392048,-0.312240029589217,-0.7095201905552598,-0.6608191195126007,-0.2917056445138139,-0.10954679718661609,-0.9675727226981918,-0.5717808746001182,-0.9358425160120959,-0.6893699857042965,-1.390407412628593,-0.6949034590737458,-0.48747854691484754,-0.6915567397991323,-0.21289500861192814,-0.681786581040719,-0.5237736995353288,-0.4410397490392726,-0.5445125348245216,-0.5546904851520772,-0.680228149536204,-0.3753331901940861,-0.4374792582571386,-0.47072459077773654,0.6845312068804716,-0.3251890987208217
-0.008747724946662446,0.296070547802486,-0.009878185291939016,-0.12928066994773152,-0.5200716305449135,0.11169887746780983,-0.48650404415686543,-0.48864893792377995,-1.1497265524166789,-0.38905971728639216,-0.22116422765326435,-0.36795783175005253,-0.0636647469777939,-0.2225090896210892,-0.9816920685237757,0.3970906457475189,-0.1181777172451323,0.2577080891437378,-0.5454400212940423,-0.40051459994232214,0.01706375159896216,0.25697330340454366,0.13024183578510803,-0.1078251564097541,-0.763911150263286,0.5431344388952317,-0.1018257375076813,0.2868216822407442,-0.6264907453153815,-0.31200441388016004
-0.45149058985596074,0.35069795986351754,-0.43010291782597615,-0.5207210750376333,0.21626507073030965,0.3025091698597871,0.2186409529726364,0.2750340681356156,-0.2917056445138139,1.1636272367757134,-0.24111772207525753,1.047981005748191,-0.08258724496426474,-0.47268950874354076,1.9674236479964746,0.8081558254955137,0.5788470274957209,1.7064407495943394,0.13755627398383805,0.7460694991725157,-0.634447000346593,-0.037706735245086616,-0.5652881044684592,-0.6512466042462383,-0.17372577671439127,-0.19301330732931327,-0.2433548573678513,-0.06756821757197959,-1.1557106159265522,0.03299483945050054
-0.8998734912609198,-0.5827182549184562,-0.8900564993422767,-0.8247965201509483,0.8313487223943434,-0.507206585775871,-0.7410731258125314,-0.6376225381608136,-0.3703887845398406,0.09533178299122981,-0.7794925623131087,0.29762360906122387,-0.7642951329505389,-0.6375757488869229,-0.6295938499547897,-0.8854436186518948,-0.6577604692046086,-0.6647283571981953,-0.4073059391030102,-0.5994453015999965,-0.8265591451510514,0.12198021307342828,-0.8383814619619593,-0.7523146915223695,0.18743243694985684,-0.6725395745900857,-0.7927364746629032,-0.6156609728806326,0.17077555326768007,-0.29936909090785835
1.5366222748641383,0.5692076081076431,1.5256213490843837,1.503422932731598,0.11632316317199595,0.5481065759088668,1.2258106463847402,1.5660526902589742,1.0084395740114898,-0.8193047356598687,0.7942469329326076,1.915581745667497,1.143391440369707,0.6482518183407197,-0.7642689059630985,0.44070498842635136,0.3477282963448065,0.9567790872024406,2.199335352612945,-0.2023125821735036,1.3326143084121027,1.4752036307829008,1.500225051436074,1.1762809881789489,-0.4776272004074788,0.56124155054961,0.9605989392804872,1.6740915464649115,1.9697794640790287,-0.27904270177850443
1.2800006143116147,0.5098299863021741,1.2389183151917655,1.2140974159260185,-0.38412124158691285,0.6671268573018823,0.2123303659211821,0.2928181138386525,0.5251002852801813,-0.2807667534781014,0.8666707275013232,0.5555589641723689,0.7430312198138527,1.137446009198391,0.17108620939808974,0.72910482939013,0.21596616258019782,0.9721095915458332,0.16825273669295635,0.21923104752966363,1.7063977205859948,1.4274621720072627,1.6056083757169177,1.777275150017372,0.7555959682021504,1.4160220972683568,0.9127850474358351,1.3605927889382712,1.3409013061449753,0.7933116652620186
1.2461603953376554,-0.3998351797576109,1.2716843762080645,1.1687130211329864,0.9930194552092622,1.2036627289783335,1.3659056789270254,1.3237772850291967,0.3527467404612652,-0.3305229800927212,0.8175260097582662,-1.0077457370502145,0.7051862238409113,0.7409112328305166,-0.24901956232932068,0.7819872198882145,0.7173348386218641,0.7866104889907828,0.5007977493750702,-0.1123201218997938,1.3472315368211376,-0.7209034728964628,1.289458402874387,1.2250102445442266,1.55278665933909,1.5802348684787515,2.2090196553443526,1.8603734168792923,1.5470908661233536,0.4169987854347861
1.9342448478081582,1.7306338906226173,2.0498783253451704,1.835296319655645,1.3016635814922894,3.3686983238417594,2.013371910406235,2.578970075953684,2.1811930420184633,1.6436284817638107,0.8208515921619317,-0.8280928603434309,0.7654394411136206,0.9761235926892315,-0.9327802322620518,1.1990493717545487,0.20312623307181357,0.5903800333953574,-0.304984396739283,0.5289217002934425,2.1532672748050614,1.2809452812820277,2.0692950025526295,2.167109200939593,0.7247653889869106,3.1374464707552696,1.9388711664220684,2.655478961330916,2.060846519736145,2.424916414293962
1.550722366103288,0.12743810187495375,1.5583874101006823,1.537461228826372,0.7211186772932621,1.5116040919475644,1.925023691685875,1.233568357550024,-0.29919927689724424,0.617772162444738,1.3244925717392764,-0.7972488423546156,0.6165492595884959,1.2457862476787687,0.48398795644226944,1.361512798233199,1.0982527473705936,1.2097324088684185,-0.7283397782692049,1.2444892791499855,1.860922706624364,-0.01795164885516713,1.5664659981268905,1.8855623863846558,1.6893220815780141,2.120326302307616,2.7560105780471718,2.055742207801691,-0.25706778368745486,2.496333457180883
0.8795580231197655,0.8969720804738319,0.7515231575743143,0.7633736451377185,-0.717750844759519,-0.7932331032822607,-0.7606359456720395,-0.5456094321320575,-0.9324112132971758,-1.4163794550353062,-0.02569388414892439,0.1713615471187052,-0.1493139483902404,0.09585915503616144,-0.4393067061420552,-0.7924905508176333,-0.5996750738095376,-0.6359070090326173,-0.7999648579238142,-0.8253373071453411,0.7270434171806575,0.9500475842508793,0.6150051274769882,0.5951394863411944,-0.38073109430243673,-0.6700420419481025,-0.7238844704066044,-0.4938962380731837,-0.7673869446339401,-1.0497974030888806
0.5355157968845136,0.331697120885767,0.6327461863902294,0.3824283813437052,1.5147750020210475,1.8384375630744163,1.0478520915337295,1.3727478456607474,1.315678501732167,1.5821649077104563,0.5969290436484535,-0.2687519259380738,0.48658157604984165,0.32798286774521673,-0.0037903558664303606,-0.03196545035549421,-0.00598119035044235,0.1764564161237571,-0.4443974982098617,0.10883543836798705,0.9588308962382106,0.9516938414500395,0.873947009995633,0.770203851801636,2.037267189864302,1.045138499933853,0.9845058852028132,1.398454957721682,1.38729395714011,1.6448225612214504
1.421001526703111,1.7068828419004294,1.4437061965436355,1.4126541431455337,-0.17468415589485903,1.2660066858984844,0.9658144598648236,0.6802010224134993,0.1504186661086237,-0.02027827296626893,0.5474148167494333,-1.110739504720469,0.32424646174485594,0.6603688186970779,-0.6775006484851085,0.4134460242520811,0.08848400531838388,-0.33358946338091494,-0.6311343130236641,0.019207320038705282,1.6249588765928002,0.8562109238987625,1.6146412320838475,1.6689879136500887,0.8040440212546723,2.516809609222448,1.6094334516124154,0.9622827733367907,1.3288735818129036,1.540443806232875
-0.7193923233998042,-0.7394751764848937,-0.7028803757866676,-0.6906289030440471,1.2061308757380194,-0.23157072775617293,-0.5854540491236686,-0.46957619325675487,0.1504186661086237,0.18460030721157697,-0.13432957600199794,-0.12264868283315951,-0.16076703927678854,-0.3042394449659357,0.6568544462439793,-0.6910872040893481,-0.4147189463673374,-0.022840140340346923,0.14778842822021082,-0.2296382280056017,-0.6365351758335979,-0.6764545285191444,-0.6384542410405879,-0.6108193693357858,0.8789182850631145,-0.6756614903925647,-0.5904837121600252,-0.25460733136202834,-0.16256423536403156,-0.2208103437322462
0.24505391735803117,0.6499611737630809,0.18876605961937537,0.13848725933115774,-0.4282132596273456,-0.6437965277554745,-0.4625238133613392,-0.4175127551116324,-0.7375767713279667,-0.864670706984963,-0.35899114282740197,-0.7000270546588764,-0.38833497558776536,-0.24864379627205757,-0.7914049247110411,-0.833924176362524,-0.49053567298827233,-0.398130886666598,-1.2041349502605374,-0.8067558679795143,0.3616127069547851,0.9862652426323985,0.29885515463445794,0.2558394790570395,0.27551980613625904,-0.31351925730500224,-0.006197953818377127,0.5760886517460019,-0.38421801234078734,-0.30376398585474634
0.6398564720542212,-0.23595294357451696,0.5713098219846684,0.4939038010540905,0.03475292979719581,-0.38176298760926397,-0.385660863074626,-0.030645326122380807,-1.1909415305255509,-0.9978417841005631,-0.25405054253395676,0.39141828364709486,-0.2653387386757057,-0.16144891135473596,0.07359754945177693,-0.41141023166133567,-0.4205274859068445,-0.22826889854180774,-0.4380024018121285,-0.6712206646523076,0.36787723341579953,-0.04099924964340643,0.28380039402290885,0.2179389463284903,0.0508970147109339,-0.5495360919724137,-0.507765679268777,-0.359409814554509,-0.8670452319568228,-1.0750680490334832
-1.0690745861307154,-0.9081076224124259,-1.066174077304885,-0.9484689959619607,0.6549806502326134,-0.5226981144651206,-1.041671629421505,-0.9634056362570254,-0.09312438635288867,0.25630781027382377,-0.7994460567351018,-0.5759294852068011,-0.8310218363765147,-0.67749057359022,-0.1756518079367348,-0.9559898179349059,-0.8944737410698904,-1.0496773212607837,-0.6835741034850742,-0.37246027022136796,-1.0124067634944953,-0.9711345671687741,-1.0328889690631735,-0.8894785242542619,0.06411012008889398,-0.877961634393203,-1.1767298400673039,-1.0650091920021505,-0.48731279232997643,-0.08621668598382022
-0.00310768845100221,0.911222709707145,0.07039866419799441,-0.15339112968152982,0.8166513830475322,2.5771189920374176,1.3747405007990616,0.42890472443580435,2.1399780639095924,1.8543607356610234,-0.44952088603829676,1.6017303345532368,-0.38086556848784264,-0.2056403244191006,0.3124615169491001,5.986268660039884,2.584016019055044,0.7421520263949444,3.9349645149576706,2.869818693243183,-0.13119670797839156,1.890060444971207,-0.04138243518655111,-0.22712159514104474,0.9097488642783543,4.225746319499446,2.755532439128725,0.9425944455694172,3.8959336035437087,3.3148826410386594
0.030732530522956707,-1.3807534919839592,-0.005782427664901264,-0.0646079073676606,0.19642366261211455,-0.5412123804595896,-0.4030780833366398,-0.09044095805143225,0.9822118606694805,-1.210037456427618,0.4225207220339951,-0.7393486682352607,0.44126717297697743,0.1880433930413953,0.017315436493080587,-0.6169428215353331,-0.25911122923001534,0.15959286134602513,0.29359662608852216,-0.8672366307545583,0.08388536718312173,-1.4485491549251581,0.0790556497058415,-0.027151165316127834,-0.12968209212119017,-0.6456910986887665,-0.5225879857406192,-0.09482897909603522,0.280743318589482,-1.2931647107727695
0.09841296847087504,-1.335626499411803,0.06712205809636455,-0.014685073095325562,0.14204350702891513,-0.29674850089996735,-0.08780115424598367,-0.1559068654220318,-0.27671837974695124,-0.9290611178980007,0.032688562493203545,-1.079173989234839,-0.15728131596349124,-0.07758026182935569,-0.6982714282674846,-0.4075939766769378,-0.05275521927384171,-0.48612798159767157,-0.6362503901418505,-0.5692049202124746,0.08179719169611717,-1.39257641015372,0.021847559381954842,-0.04736478277135416,-0.4556053581108782,-0.3940646850089601,-0.1113885158766116,-0.34986854802108963,-0.468412082665292,-0.7569875272525081
1.4689418369162204,-0.11007238534692236,1.4518977117977099,1.4268367665183563,0.9195327584752079,0.7540305548269417,1.721822788629047,1.8005959017048234,0.03801418035715646,-0.23393736372316504,0.5847352415016797,0.33550222764397925,0.375536390497658,0.6501525242789719,-0.5860422149272273,0.14903407176166003,0.3205198742913258,-0.009042686431293606,-0.40858495838255676,-0.23036691189445777,1.585283542339706,0.7722518067416058,1.3888198229106112,1.5372384427365604,0.8260658635512729,0.727951854401988,1.535321919253205,1.378766629954308,0.6312655705527241,0.32031109660326357
-0.5699313562648177,-1.2334969899063963,-0.5681299498571368,-0.5729131290496201,-1.1248671446661795,-0.503617085225923,-0.2623519920892092,-0.6237045893497412,-0.6251722855764995,-0.17686404495933727,-0.5212056622950867,-0.7054382858849844,-0.38833497558776536,-0.4850440973421803,-0.8818583205375171,0.2542536734743429,0.347422583737464,-0.14548417508748784,-0.14766502535505194,0.2837195716934152,-0.6762105100866924,-1.0550936843259315,-0.6059359581196415,-0.6467346360642682,-1.3232659445969397,-0.0799999552795739,0.16784461249615626,-0.35683518707723727,-0.38078151967448143,0.21867915095649246
-1.0549744948915656,-0.15994958766351652,-1.0563442589999954,-0.9351373299915074,0.7652106953336948,-0.719931723630689,-0.8356057198433164,-0.8180403931191589,-1.239650141017853,0.47582057475008765,-0.9575959754871955,0.6150825076595561,-0.9171689982622894,-0.7197812807163324,0.615647899256362,-0.885061993153455,-0.427864588483064,-0.40165690266557813,-0.3139375316961093,-0.19174666578509234,-1.1084628358967243,-0.1908086547669613,-1.1144857715777694,-0.9255742697100231,0.3812246491599422,-0.9460193988872451,-0.9001742896378364,-0.7524191265263118,-1.1780478182575431,-0.32079420377393447
-1.315262179166268,-0.8012279031625819,-1.3287121411979825,-1.090295229690186,-0.863254504292946,-1.2094262459946628,-0.917012292807077,-0.8471649897052915,-0.9811198237894792,0.1875271440712614,-0.7111333684599842,-0.7068812808786132,-0.8275361130632174,-0.6589586906922605,1.5419576750349024,-0.8284723835276699,-0.6180178302500862,-0.33665556424959364,0.4432418817954736,-0.11049841217765385,-1.2233124876819987,-1.0764950279150105,-1.2656355681177225,-0.9968633669851513,0.7820221789580718,-1.0037748412331062,-0.9605154211457873,-0.6473137459835638,-0.2433218130222293,-0.13620861600466397
0.35503462902339855,0.16306467495823482,0.3992880016490979,0.22897239644976572,1.4412883052869934,0.9694005878238268,1.2611499338728842,1.0719655074659062,0.435176696679007,0.6865528286473004,0.8844071669875394,0.19661395950720892,0.8954071246522748,0.6304327001696048,0.07761770037739803,0.2008261036927734,0.5394101011485412,0.7007596646677839,-0.2359173556437672,0.14162621336650474,1.00894710792633,0.6109186012239313,1.0335274724780528,0.8496144918043105,1.5615953962577305,0.8453358885751977,1.3521947134881875,1.4711503217858304,0.49552411023362497,0.9691074631375146
1.2405203588419955,1.383868579278678,1.3167377101054758,1.2027513172277604,0.7358160166400722,1.5833941029465262,1.8013361854773713,1.9294657981036412,1.3868680093747625,-0.11393705247614169,1.563195486491268,0.44011936468206614,1.3430735901743058,1.5354063150199542,-0.2644301408775351,0.44397606412726365,0.6078897251932565,-0.03663759424940024,-0.03766936731404504,0.26113037113888066,1.4161413278923018,1.3681969128375049,1.587542662983059,1.4109033336413963,0.7247653889869106,1.0601236957857523,1.6295152861871691,1.0576954386709856,0.9371134178539846,0.7449678208462577
-0.33304982344710377,-1.2928746117118655,-0.4071666751145672,-0.378327536374495,-0.9455596046350874,-1.2759264667094905,-1.0679741562519662,-1.049258761237918,-1.3483078105776043,-1.1075981663386951,-0.03751817713973505,-0.7097672708658707,-0.15429355312352208,-0.17499144116478318,-0.9679565528612369,-1.1386248779025165,-0.894045743419611,-1.0728263828193065,-0.7858956458488017,-0.5721196557678985,-0.342102432165895,-1.366236294967161,-0.41594487920189255,-0.38955244969196995,-1.3673096291901408,-1.2327985845029648,-1.2156981619206955,-1.2061593572267055,-1.360181929571777,-1.0140888816454205
0.2958142458189698,0.7425902637796128,0.25675563622819614,0.13224690504711603,-0.4274783926600053,0.005903071785129469,-0.4471259809557907,-0.4358122804002646,-0.32168017404753835,0.06167315910487024,-0.747345265744342,-1.3102335625896482,-0.7632992120038825,-0.49526039176028613,-1.2553973440431492,-0.6349337378903513,-0.4382588171327083,-0.8906999912198025,-1.1056504657354498,-0.4620883885506499,0.2989674423446354,0.38373510773985925,0.18142802186437498,0.15314708323539908,-0.11206461828391044,0.46196462803077837,0.43273357331552864,0.11568467933972809,0.47490515423578755,0.7394742021626484
0.047652640009936416,1.8303882952558048,-0.016431397495198723,-0.05070893646229459,-1.9427740793162027,-0.9948118973240823,-0.6868020771700245,-0.8291232042094572,-0.3966164978818498,-1.231988732875244,-0.6509033760380419,-0.5605976633994951,-0.5725803507191908,-0.47173915577441466,-0.5632613596820409,-0.48010282138049665,-0.3780334334862399,-0.8353568705401551,-0.7961278000851745,-0.7109339365949569,-0.202194674536561,1.0340067014080367,-0.22203956252514004,-0.27729468132455265,-1.3629052607308205,-0.6862760041209933,-0.5990902126920625,-0.8985670980302771,-0.9512393022813275,-1.0778148583752876
0.16045336992313364,-0.38558455052429863,0.13224460436625882,0.030699321697706526,-0.3378246226444593,-0.30203829118410114,-0.6119585147397767,-0.6943252925762935,0.3002913137772467,-0.5690601841569277,-0.6919188923499167,-1.0820599792220968,-0.6945806666845942,-0.4900334504300925,-0.7508684028776946,-0.757053897391082,-0.443150218850188,-0.754565112650476,0.27824839473396323,-0.6821509229851468,0.012887400624952281,-0.4871349506157512,-0.05643719579810019,-0.10602036913696604,-0.44239225273291816,-0.42341069355226263,-0.3179445286455085,-0.4828404847884279,1.205159845825876,-0.6267887644509693
0.366314702014718,3.3908321963035317,0.45253285080058403,0.22953970138467844,0.7284673469666676,1.1148698206375123,1.0844534964321644,0.8879392954083939,1.0421609197369304,0.5489914962421756,-0.6124744238179071,0.10101554117930213,-0.48493930741343166,-0.41234209520403203,-0.5669464980305269,-0.0019805897637970625,-0.0973892599458437,-0.2451324533195397,-1.3324205839990606,-0.1764443041191174,0.4430515509479789,3.924834343132897,0.5577970371531019,0.2648634154209798,2.4512778250403917,1.8761924865537594,1.4239155512551658,1.3091002393928326,1.0539541685083993,1.985426919605223
0.21403371663190213,1.4052445231286468,0.11831902843433209,0.09877591388725467,-0.1849722934376267,-1.012192636829094,-0.8228583339993789,-0.5296295649786041,-0.9286643971054607,-1.1280860243564799,2.9795240812968165,1.7424223464320436,2.589468654914733,1.5591651392481074,-0.05169715439674906,-0.7990327022194581,-0.4248074624096391,1.1269476854140985,-1.5965380652254317,-0.7612131249260174,-0.2878098695037654,-0.08215567962240501,-0.3683718356693971,-0.34190606569036525,-1.707767311095585,-1.277504418794464,-1.188252988001865,-1.3020263685863014,-2.2914714421407845,-1.6052022520017746
-1.6954006389737424,0.33644733063020443,-1.6129577205143781,-1.3050201475547192,-0.17174468802549697,0.4838734081729539,0.5417430100070958,-0.7180373535136759,1.5329938408516703,2.9065585867172476,-0.7913168553039195,1.334776260731912,-0.8135932198100284,-0.7166926335666725,1.8066176109716288,1.5572321610044593,1.3895968621679766,-0.2451324533195397,0.3485944551090256,2.8916792099088617,-1.5194157717393053,0.6619525743978892,-1.4962745006866542,-1.152255551172203,1.3369726048324053,1.0932160032920293,1.269954819515386,-0.5478119664207607,0.7274873652093005,3.534627388383029
1.0656792274765408,0.30319586241914165,1.0546092219750824,0.9729928185880354,0.27284982721553086,0.4536460351207591,0.3511632810531765,0.7237590473962997,1.1358313245298197,-0.2895472640571526,1.282738037115476,0.11905297859966195,1.2330243255687787,1.1728466572983387,0.3215068565317481,0.07652522705810118,0.16185503108057894,0.7145571185768378,1.1006577914824218,0.05564151448150289,1.0778568989974948,0.05942243950535002,1.0726698500680807,0.9705352390811104,-0.07682967060934981,-0.14493580397113695,-0.08652529211739247,0.5139946949412084,0.6054918755554269,-0.4400057292082552
1.06003919098088,0.3269469111413296,1.0300346762128576,0.9295939910671986,0.5300532657847208,0.4819841973571914,0.39028892077219296,0.9974787073473893,0.671226116757088,-0.3012546114958862,0.17014596851137836,-0.6289595512226589,0.09169892070059724,0.22415680586818798,0.06488722244626415,0.11577813546905039,-0.21356005073598583,0.4570046456078418,-0.7961278000851745,-0.18482416884096084,0.9838890020822699,-0.04758427844004606,0.91308938758566,0.8315666190764299,0.6851260728530292,0.7341956860069458,0.2754258691466235,1.2485207693393754,0.2773068259231751,0.04233399121263567
0.9415984245720236,-1.005486922173395,0.9153534626558104,0.8257771879781376,0.15306651153902306,0.20427020744015528,0.12082685367509505,0.7729873478206485,-0.27671837974695124,-0.18418113710854525,0.7118463911528949,-0.7205897333180865,0.8854479151857115,0.4923939314040358,-0.47247295127842975,0.25806992845874077,0.06096987065756079,0.26384029088109484,-0.14254894823686579,-0.03690133940320291,0.7604542249727372,-1.0172297687452527,0.8167389196717463,0.6113825717962869,-0.31466556741263507,0.15789002886932488,-0.11282293263195113,0.4640166321471064,-0.24504005935538226,-0.2784933399101437
0.4227150669713169,-1.9009014589998683,0.41567103215724716,0.236063708136177,0.5814939534985591,0.4725381432783806,0.3776677466692844,0.3240046287671664,-0.10811165111975034,-0.023205109825951312,-0.9040171478725842,-1.505939758600552,-0.8633892671428461,-0.6297353368916324,-0.33612283238444557,-0.40323254240905454,0.03926427553624468,-0.17614518377427288,-1.10181340789681,-0.5783134688231739,0.13400157887124178,-1.8930385986983427,0.14228564427434745,-0.06126164477182229,0.9449838119529149,0.262162016672123,0.6115575288145272,0.4579586851417605,-0.5869710796528597,-0.13456053039958182
1.7142834244774234,1.8470140293613362,1.6484940778955057,1.7700562521406615,0.2655011575421263,0.07391466115256677,0.7916422572446856,1.128668261881386,0.004292834631716908,-1.0285735711272403,-0.03677915882780946,-0.340901675619513,-0.14433434365695852,0.28426663116541523,-0.668120296325326,-0.5351659290125225,-0.3333993928142378,-0.5571082167075794,-0.9649583449853246,-0.7109339365949569,1.66254603535889,2.2160193704048754,1.641739801184636,1.7249363191065183,0.8613008112258336,0.24093298921526582,0.508279522430079,0.829007939219185,0.4336672422401117,-0.23454439044126932
1.0769593004678601,-0.7442253862293319,1.1283328592617554,0.9701562939134709,0.7431646863134779,2.0726997042289232,0.9998916299426769,1.5067725379155181,1.27071670743158,0.5826501201285352,2.1170897112795584,-1.211208031151873,1.7100704590171725,2.243419277018915,0.3024111396350471,1.7878429979187853,0.44341634244300265,1.3615044018680056,0.7092778919411646,1.1697991805422507,1.2574399908799234,-1.117651457894009,1.274403642262838,1.302616097274113,0.6675085990157482,1.9198993077884654,0.5073232445931858,1.4423750735104381,1.4646150421320019,1.4580395259787364
-0.6601719401953755,0.4480772596244868,-0.6660185571433308,-0.6529031248723391,0.09868635595582265,-0.44750752399778704,-0.8030430906578124,-0.715202215792902,0.7723901539334087,0.02216086149914185,-0.49127542066209706,-0.03426523947339624,-0.4714943746335709,-0.49526039176028613,0.9573607279341599,0.268973514128449,-0.48228143259002537,-0.38985241432116596,0.2833644718521494,-0.5724839977123263,-0.6929159139827323,0.24874201740874385,-0.6830163324507729,-0.6593681469737845,0.43848143913110343,-0.2323494464405485,-0.7463569995735908,-0.4896556751694419,0.3030805209204724,-0.5905308811391479
0.13507320569266432,0.5478316642576743,0.11872860419703546,-0.02007446997699806,1.272268902798668,0.597226057118683,0.5064037225189518,0.8168031125962464,0.8023646834671332,0.7070406866650851,0.055228621006936485,-0.12986365780130343,-0.07063619360438848,-0.006778965629459538,-1.131777703080299,0.1610280159983388,-0.19430015647340967,0.13813015526527556,-0.2806830304278979,0.09644781225743583,0.31358467075367036,0.8232857799155637,0.23863611218826164,0.17552644541797097,0.1830280684905372,1.0807283400821135,0.4121735998223284,1.0364926241522758,1.3735479864748854,1.3811288644082071
-0.4994309000690695,-1.5327602038059602,-0.5660820710436183,-0.5295143015287832,-1.6657292326288187,-1.2177387735840162,-1.0349824071469633,-0.9806742023744671,-0.7488172199031132,-0.38320604356702437,-0.2958050771577571,0.4761942395227858,-0.38285741038115534,-0.3748031529235502,1.1231919536160326,-0.8486440170166298,-0.7844477736873321,-0.6015666793034179,1.0648452516551175,0.35622361863458213,-0.6636814571646629,-1.537447043679795,-0.7387189467135047,-0.6393350082458371,-1.6848645951071202,-1.1934624453917295,-1.2228702456973932,-1.335193628440569,-1.0629253139362818,-0.7679747646197269
-0.8942334547652595,-0.5138402136241116,-0.8765404991730533,-0.8438012354705304,1.6911430741827775,0.041798077284610324,-0.6127157851859512,-0.17678378863864028,0.5288471014718964,2.489484334212346,-0.8489602836341218,-0.34631290684562077,-0.7762461843104151,-0.6670366909298326,1.8702700006272968,-0.11537788072876108,-0.4303102893418039,0.15805981091168592,0.2347617392293791,1.628505688577071,-0.9769077802154105,-0.8163863904477399,-0.9543031186708874,-0.8611433640714893,1.477912395530648,-0.32975321947789293,-0.7023682190765109,-0.30019338257725475,-0.20380214735970642,1.7876566469952908
-0.5332711190430289,-1.665766076650211,-0.5615767376538772,-0.5544757186649508,-0.4671612088963945,-0.790021444895465,-0.752179759023091,-0.5945799927636083,-0.46405918933273,-0.6832068216845852,-1.07546939623934,-1.3100531882154445,-1.0484313790315969,-0.7465099579730046,-1.1244074263833268,-0.8955839533247232,-0.7136447338268138,-0.9319390479035284,-1.1606482947559533,-0.9025777993640718,-0.5759780867104535,-1.0583861987242513,-0.6188830522455739,-0.5835670815166861,-0.1517039344177907,-0.30290474357657365,-0.4465638977076224,-0.12057525386875458,0.3632191425808327,-0.45813467086416554
0.1801934976579427,0.22006719189148555,0.14207442267114895,0.048002122212550076,-0.03799889996951819,-0.4050002806431386,-0.2642451682046456,-0.0007475101578549957,-1.2209160600592752,-0.7710119274750902,-0.6479473027903393,0.7467558008281825,-0.637813172725182,-0.44037750779325263,-0.5434956176310702,-0.6480180406940012,-0.3223937389499086,0.001688666609081313,-0.09906229273228163,-0.7400812921491948,-0.07481596982925669,0.4578166817020566,-0.1166562382442965,-0.18886010495793784,-0.4864359373261193,-0.7312315916766906,-0.4900745392862558,-0.2008430516895852,-0.9100013902856516,-1.0036510061465633
-0.9393537467305384,-1.5018838404671162,-0.9813918944252109,-0.842950278068161,-1.5606432562991213,-1.279138125096286,-1.086514661009139,-1.1070182488038685,-1.3895227886864763,-0.7783290196242992,-0.46504027058873576,-0.8307984759564849,-0.5322455523796085,-0.5187816277461577,-0.29994147405385535,-1.0610458658625435,-0.924494719110922,-1.2636911618945446,-0.5109065007462844,-0.4292976135521322,-0.8370000225860765,-1.2345357190343653,-0.8943851714369222,-0.7548413937042727,-0.6846325179955243,-1.080012025129643,-1.2142637451653557,-1.1423994649954416,-0.27596849335213935,-0.4070440171065996
0.5185956873975344,0.0870613190472344,0.4689158813087333,0.43603869769297465,-0.3459081592852052,-0.3900755151986176,0.10744840912601189,0.4340595202917569,-0.05565622443573292,-1.2934523069285984,1.255394359574226,-0.3715653192341245,1.0716851322104495,0.9236165911450135,1.267247361784124,-0.1944288768341447,0.0894011431404114,0.9613782385054582,-0.6221811780668378,-0.6905307877069903,0.7103380132846171,-0.18751614036864148,0.6330708402108477,0.6041634227051347,0.7644047051207908,-0.3210118552309519,0.049744299639865715,0.5609437842326376,-0.42717417066961616,-1.120115722239079
-0.1271884913555194,-0.8297291616292072,-0.17534679342424977,-0.22146772187107797,-0.6038464648217353,-0.7123748803676405,-0.9923607022014409,-1.02070119219594,-1.5281549877799516,-0.6246700844909152,-0.18975594939642332,-1.3324196106166906,-0.31961643026847697,-0.2621863260821048,-0.20278782668467737,-0.765231586643363,-0.7439408532144536,-0.9446633665085444,-1.0353044053603873,-0.46609614993935766,-0.22934095586762598,-1.3497737229755613,-0.29731336558288546,-0.3278287249626183,-1.1206649954682144,-0.9291610535538585,-1.1347492430276993,-1.2394780657561069,-1.786307020193758,-0.8877356519224083
-0.2230691117817369,0.5454565593854551,-0.2650438854563688,-0.2864241369186051,-1.0851843284297904,-0.8421636634105003,-0.7329955743866698,-0.753347705126952,-0.10811165111975034,-1.0066222946796133,-0.6250377351206435,-0.7133747583499426,-0.6497642240850582,-0.47150156753213307,-1.2587474698145003,-0.7946712679515748,-0.5556524583522204,-0.7570179933454189,-0.8396144555897586,-0.9317251549183099,-0.09152137372529695,0.7492042059533665,-0.1588095679566341,-0.18109951968494928,-1.0237688893631725,-0.3222606215519433,-0.3059910556843455,-0.05696681031262471,0.16390256793506727,-0.7031500641531379
-0.14128858259466875,0.7900923612239878,0.038861330469805985,-0.24302530939776826,1.2281768847582362,2.3504136941459595,1.5602717601118175,0.7915446129020782,0.9597309635191875,2.0592393158388695,-0.722588152294832,-0.0955925267026196,-0.40626155262757974,-0.502863215513295,-0.2037928644160828,1.8407253884168695,0.7011320704327129,0.6838961098900522,-0.09650425417318856,1.5483504608029166,-0.2794571675557457,1.038945473005516,0.030880415748884203,-0.34389133169043196,1.429464342478127,3.225484496385177,2.016807810128851,1.6029106691520993,1.1982868604932633,3.232478360784521
-0.20614900229475722,-1.561261462272585,-0.28511309782885247,-0.27734725795999854,-1.6627897647594556,-1.2987859175802123,-1.0907048908113046,-1.1629220098616755,-1.6780276354485746,-1.3754037389997364,-0.6771385261114033,-0.9660792566091834,-0.6811357339047335,-0.4748278029240745,-1.2393167403406646,-1.1912346787588581,-0.9185333232677435,-1.314895046401476,-0.7117125276350992,-0.8297094104784769,-0.2919862204777753,-1.4419641261285179,-0.37017840694278303,-0.3420865444176439,-1.8680863230148366,-1.2334854059795102,-1.2369753437915654,-1.406374505753381,-1.0852625162672727,-1.2272412865694586
-0.32458976870361417,-0.8487300006069568,-0.28757055240507495,-0.4083946979248788,0.8166513830475322,0.4177510296212785,-0.548978855966263,-0.4752464686983029,0.5775557119641996,0.7846018634466987,-0.8219861152488348,-0.8555097652223778,-0.7438787535440837,-0.6107282775091099,-0.9850421942951267,-0.36070855829719306,-0.4614929752907368,-0.816960265328084,-0.45846671028487407,-0.5167396802148462,-0.3901304683670097,-0.8575428204267385,-0.3518115989966932,-0.4651730364217895,-0.06361656523138849,0.13541223509147624,-0.39922814478141694,-0.6380753768004116,0.49036937123416613,-0.13346180666285964
0.5467958698758341,-0.7632262252070816,0.5590225491035563,0.3532121771956909,0.17731712146126075,0.7351384466693202,-0.28607979940267736,0.11420443742989063,0.6637324843736577,0.43484485871451806,-0.8615235949368583,-1.3221382712870857,-0.7608094096372418,-0.6050261596943531,-0.846681999938332,-0.4075939766769378,-0.38414768563308943,0.02161832225549169,-0.13103777472094646,-0.05366106884688977,0.12564887692322127,-1.0797875423133305,0.16035135700820619,-0.04826717640774819,-0.40275293659903727,-0.005698359180574044,-0.2921250270493963,0.1535468481231386,0.43710373490641863,0.2933923650535781
-0.722212341647634,0.17494019931932878,-0.7143484971423725,-0.7028259591446745,0.3830798723166122,-0.19567572225669208,-0.5954247766649664,-0.7208724912344501,0.17289956325891778,0.27240541300208293,-0.7425416467168252,-0.6267950587322155,-0.7388991488108019,-0.5948098652762474,-0.598437680281226,-0.45393421577319715,-0.41808178504810467,-0.9996998771013239,-0.7513621253010437,-0.4271115618855642,-0.630270649372583,0.5121431692743345,-0.6255071469146555,-0.6093755395175553,0.9846231280867964,0.25279626926468607,0.01579643643016278,-0.5113128357135528,0.5281707905635351,0.2878987463699687
-1.2670398671283762,-1.7370192228167736,-1.2865258376394972,-1.0650501600865618,-0.28564906796328066,-1.2065924297710193,-1.1255140889871265,-1.2768172242989508,0.33775947569440246,0.21533209423825417,-0.7717328700378892,-1.3095120650928338,-0.8260422316432329,-0.6679870438989588,-0.33411275692163506,-1.087105435613146,-0.9805929825582669,-1.8119099972142643,0.30766583816353454,-0.22708783439460586,-1.200342557324944,-1.909501170689942,-1.2418490463514746,-0.984229856075635,-0.4071573050583575,-1.148069789623685,-1.3029107006453406,-1.7410760777987315,0.35462791091506696,-0.15104138645040924
1.796063953664492,2.386162835354995,1.9433886270421983,1.704816184625678,1.5735643594082906,3.2515672532645064,3.3095664907749454,2.6408276262251165,2.188686674401895,1.0846026415642587,1.1763194001981794,0.6728023074047075,1.4416697638932852,1.08921559601524,-0.1726366947425188,1.9617551893506293,1.1951636438981594,0.7390859255262655,0.3677797443022246,0.8531860308343404,1.956978779026593,2.2588220575830347,2.313182124459724,1.683426211832393,1.4250599740188075,3.82239479781916,3.185379326812147,2.2723138132428002,2.0419458100714607,2.183197192215156
0.5355157968845136,-0.33333224333548617,0.5876928524928182,0.40625518861004734,0.5594479444783422,0.9637329553765405,0.583392884546694,0.7211816494683236,0.6937070139073821,0.3514300082135377,-0.27215649117613555,-0.9673418772286085,-0.3455103748815422,-0.12699861622391398,-0.9555610875072381,0.16811534668364914,-0.16617459659790154,-0.4218931683988564,-0.4264912282962092,-0.00957569357110478,0.8022177347128367,0.25697330340454366,0.7504979729809299,0.6727453390710808,0.5265688083175056,2.026044445072751,1.2187939552416083,1.0819272266923687,2.3563848890384866,2.1447418614298916
1.0713192639722005,-0.577968045174018,1.0177474033317455,0.9247718991204388,-0.5083137590674652,0.34596101862231676,0.25019388822990785,0.33508743985746475,-0.3479078873895476,-0.7241825377201548,-0.4029627323869795,-1.13887790709623,-0.4759760188935245,-0.10941708629508068,-0.9783419427524248,-0.5449791561152597,-0.07109797571439049,-0.3167259086031832,-0.9483310943512189,-0.5127319188261386,0.837716717991921,-0.605665468955267,0.7685636857147894,0.7286937445275106,-0.2794306197380744,0.06673008743693845,0.7483052594902322,0.583661085502684,-0.09727087470421139,-0.11038860819170064
-0.26818940374701583,-1.3213758701784903,-0.2810173402018147,-0.34655846001937274,-0.9374760679943416,-0.3615484318806089,-0.4847370797824582,-0.5386504577265213,-0.7338299551362506,-0.9963783656707219,-0.8290067892121287,-1.2467417828699816,-0.6398050146184947,-0.5967105712144997,-0.9267500058736201,-0.2653021836872474,-0.11603772899373493,-0.5137228894157782,-0.7360138939464846,-0.4482433946623869,-0.44442303102913927,-1.3711750665646403,-0.3367568383851441,-0.47744558987674823,-0.7066543602921248,0.07859336748635869,0.06743543962238714,-0.3518373807978269,-0.27940498601844527,-0.6075610990583368
0.20275364364058215,-0.12194790970801633,0.21252145385619223,0.07239623441380488,-1.1028211356459636,0.22316231559777683,0.016702167326099242,-0.3587480823537714,-0.25798429878837337,0.3192348027570193,0.05301156607115951,1.2391778424040052,0.19627062009951438,-0.02245978962004063,-0.4178659012054091,1.2633805272058265,0.6406009741789018,0.529058016021787,1.6877276407943078,2.012886439948585,-0.024699758141137385,-0.037706735245086616,-0.020305770330382746,-0.1417551571381695,-1.4509926299172229,-0.023805470834952255,-0.10756340452903945,-0.46814996330046454,-0.08008841137267989,0.43512772709069636
-0.41483035263417195,-0.10532217560248494,-0.44157103918168095,-0.47476937530968816,0.02740426012379018,-0.4792462657025912,-0.786256929100944,-0.8177826533263611,-0.20178205591263973,-0.13442491049392546,-0.6885933099462512,0.1136417473735538,-0.6681887615982008,-0.5491929227581935,-0.47883819024399654,-0.498093737735515,-0.5131584059316159,-0.2793194780053051,-0.1630132567096113,-0.6231275279878149,-0.5467436298923836,0.047898639111230365,-0.6008173395117152,-0.5568562298794227,-0.12527772366187054,-0.449634786293086,-0.7028463579949574,-0.4822346900878933,-0.2656590153532207,-0.6526087722639327
-1.2202275642143994,-0.29058035563554857,-1.1489083813710408,-1.0256224671101153,0.04430620037262323,0.46309208919956985,0.5240733662630239,-0.3190561542629355,-0.5389955131670415,2.694362914390192,0.08663689926377753,1.87409563960067,0.1270541143068979,-0.30637773914646943,1.95067301913972,3.406480290586951,2.6787869273312124,1.9593940712603173,2.3579337432767224,5.128738748696628,-1.0666993261566249,-0.2155025127543602,-1.044932777552413,-0.8988634180727598,-0.11206461828391044,0.2440549050177448,0.36388156905922986,-0.2402197072243324,-0.4890310386631294,1.7546949348936354
-0.051047998664110965,1.868389973211305,-0.05206448885042431,-0.18033811408989261,0.2133256028609476,0.14570467215152874,-0.5623573005153459,-0.1675051560979254,-1.0335752504734965,-0.15198593165202687,-0.15945619860747087,0.4870167019750017,0.0055517588148225995,-0.2503069139680283,0.07326253687464179,0.06453128282142238,-0.3474621727519919,0.6808300090213738,0.055699040092855936,0.5322007777932941,-0.2230764294066108,1.2299113081080701,-0.22806146676975975,-0.32764824623533945,-0.3763267258431165,-0.1842719430823722,-0.6688984947852545,-0.1538939623981559,-1.1144727039308764,-0.05764986882905182
3.9138976577847675,-0.19320105587457934,3.9257353185283015,5.2050876330382785,1.309012251165695,0.882496890298768,2.9145237413539076,2.8341324708233437,-0.6176786531930681,-1.0973542373298026,9.109680978720258,0.458156802102426,9.512613115596379,11.528367785381125,2.1483304396494267,0.11577813546905039,0.9726048657528346,0.34509196390107555,3.5128881527072946,0.23052564780693077,2.4518763694467745,-1.190086774657047,2.4306092572298073,2.9070719827826963,-0.8123592033158074,-0.6513105471332286,0.22761197730197139,0.6745302905828697,-2.148856996489073,-1.593665652766195
0.41425501222782674,0.24381824061367263,0.3501389101246489,0.29109228682272836,-0.03065023029611256,-0.3192301096075369,-0.2934000803823643,0.06059456052798238,-0.7300831389445354,-1.0622321950136009,-0.1395027041854777,-0.12986365780130343,-0.2344651893293586,0.014366387933596514,-0.8078205409906609,-0.16171811982502043,-0.38323054781106203,-0.31457963799510824,-0.6260182359054777,-0.5149179704927064,0.7813359798427866,1.172292306137472,0.6481256008223968,0.6871836372533853,0.3856290176192618,0.6168116518337361,0.08464844068646184,0.5927480060107024,0.9250856935219129,0.1126523103628341
-1.1029148051046742,-0.696723288784956,-1.119828502219075,-0.9618006619324139,-0.15043354597262135,-1.0380748250050356,-0.9977878070656916,-1.13518920815665,0.27031678424352235,-0.10808337875677389,-0.7288698079462003,-0.45994876259388756,-0.7573236863239444,-0.6511182786969701,0.016310398761675456,-1.000367411610618,-0.6712118239276776,-0.9694987835448404,-0.609390985271372,-0.45079378827338273,-1.0687875016436297,-0.6468218989342654,-1.103646343937454,-0.9084287906185365,-0.18253451363303172,-1.0457958279344735,-1.0932945987983862,-1.3804767823055282,-0.37390853434186866,-0.5641615114578239
-1.7018866809437512,-0.5803431500462372,-1.6768515394961618,-1.3106931969038482,-0.7633125967346334,-0.8587887185892074,-0.9250898442329384,-1.1243125889005896,-0.16431389399548396,0.3338689870554373,-0.9287742613220943,-0.4785273231368581,-0.8877893303359268,-0.7643290761441194,0.6468040689299263,-0.498093737735515,-0.4951213620984095,-0.9048040552157235,0.6875345641888725,-0.459537994939654,-1.546144417972969,-0.6155430121502263,-1.5209643080895947,-1.1659719344453925,-0.12968209212119017,-0.7505874696520605,-0.9739511247541346,-1.3527616747560716,0.35462791091506696,-0.5586678927742145
-0.5389111555386886,-1.6372648181835856,-0.565262919518211,-0.5669564272330346,0.4712639083974778,-0.662688635913096,-0.6223078775041616,-0.32317999094769767,0.5475811824304743,-0.46808431249784693,-0.6342754640197145,-1.0035971264435317,-0.6009640976988969,-0.5451539226394075,0.3375874602342325,-0.7521472838397134,-0.4660786644008739,0.09060559180075826,-0.1438279675164123,-0.5812282043785978,-0.5989480170675082,-1.6559775620193105,-0.6264104325513484,-0.6120827204267374,0.25790233229897935,-0.807406337257178,-0.7090621639347622,-0.31882156961869296,-0.12304456970150868,-0.9091607647884837
1.2941007055507645,0.638085649401987,1.2716843762080645,1.2651548600681795,0.3977772116634235,0.6425671166969744,0.8863010630164997,0.9768595239235786,0.48763212336302547,-0.20905925041585563,1.5203324243995793,1.2788602047287967,0.8047783185065468,1.509271608368986,0.3473028249711501,0.8332340725358424,0.6461038011110665,0.9997044993639398,0.4432418817954736,0.2447349836396218,1.3138207290290578,0.8611496954962425,1.1298779403919672,1.2899825863645966,0.2799241745955799,0.564363466352089,0.5675687483174474,0.845667293483886,0.18623977026605865,-0.061495401907578316
1.5112421106336689,1.3577424256842718,1.4355146812895607,1.4949133587079044,0.5006585870910992,-0.11670671015783408,0.9632902250442422,1.0590785178260245,-0.5614764103173345,-1.2934523069285984,0.2207687228782868,0.2759786841567921,0.019494652068011566,0.3755005162015228,1.629060945090028,-0.34380800050914545,0.51953878167128,0.4861326038602876,-0.5057904236280978,-0.7419030018713347,1.0590633196144499,0.8660884670937226,0.9642755736649274,0.96151130271717,0.8877270219817537,-0.44588848733011127,0.5986477780164713,0.47916149966047067,-1.0405881116052909,-1.2827268352739123
0.8203376399153368,-0.6848477644238629,0.9563110389261844,0.7055085417766027,1.6323537167955335,2.318297110278003,1.687745618551194,2.33411727279593,4.597889485675007,1.6655797582114367,2.358748699279253,-0.4437150689155637,2.190602315778863,1.6874627900801338,0.33222725900007083,0.6756772596085607,0.1603264680438665,1.862811893896944,0.3473154358294791,1.311892538869161,1.2282055340618534,-0.7077334153031836,1.343655541075964,1.0337027936286924,0.9626012857901959,0.8678136823530463,0.5393585521291027,2.1208651381091577,2.0058626370752446,1.1888522104818835
-0.34432989643842377,0.697463271207456,-0.4358369785038286,-0.390240940007666,-2.489515103017566,-1.6154176503019488,-1.1053833162929874,-1.2290838146728287,-1.5656231496971074,-1.5232090004137546,-0.8666967231203379,-0.14429360773759128,-0.8843036070226296,-0.6185686895044005,-1.212515734169857,-1.2726844637115773,-0.9318318216871414,-1.5279890567746333,-0.5416029634554027,-1.0474765906630774,-0.49453924271725896,0.5467145704566934,-0.5899779118713995,-0.5043369202412904,-2.2635986106617825,-1.3835871177626997,-1.2647695591208616,-1.6008497494924916,-1.0371516189389844,-1.418968578627421
-0.19486892930343774,-1.1693691583564898,-0.21261818783029057,-0.27706360549254233,0.10309555775986623,-0.44580723426360097,-0.28443904676929915,-0.04456327493345312,0.27031678424352235,-0.7446703957379386,-0.5090118601483132,-0.7817366461731063,-0.4077554340475643,-0.39951233012082943,0.4772877048995678,-0.5994970844638001,-0.25085698883176843,0.20405132394186373,-0.07220288786180296,-0.5622824232683431,-0.26275176365970576,-1.0600324559234109,-0.24311622738130884,-0.31952670350779316,0.5001425975615842,-0.4908440748858086,-0.16015868555815674,0.20958285792258652,0.13469238027146407,-0.6410721730283532
-1.2281236153083233,0.027683697241765372,-1.1755308059467837,-1.0372522182758297,0.30224450590915336,-0.14957897835209563,-0.348807034694133,-0.49612339191491134,0.49512575574645684,0.06899025125407823,-0.8400920638910138,5.891625287196175e-06,-0.6716744849114981,-0.6796288677707537,0.6769552008720848,-0.19824513181854256,-0.05458949491789652,-0.10715791422900628,-0.5467190405735889,-0.09956815384481472,-1.171108100506874,0.18618424384066556,-1.0705258705920462,-0.9512022489836135,1.0242624442206778,-0.1605453829835319,-0.038711400272740386,-0.2646029439208489,-0.47528506799790476,0.03519228692394414
-0.3725300789167229,-0.7014734985293943,-0.41453903884323423,-0.41860618675331107,-1.2475899282120504,-0.9677961826586835,-0.6366960159814774,-0.6641697368189701,0.060495077507450534,-0.8895488202922733,-0.7887302912121795,-0.5652873971287887,-0.6891031014779841,-0.5850687473427046,-0.5826920891558764,-0.5302593154611539,-0.27103402091637196,-0.5210815315006065,-0.2346383363642202,-0.6162050310436834,-0.5195973485613186,-0.6089579833535868,-0.5107898710546515,-0.5191361758781524,-1.0105557839852117,-0.6575543787381866,-0.4594736485056785,-0.4938962380731837,0.21544995792966185,-0.8113743522202398
-0.5642913197691579,0.06568537519726558,-0.5779597681620264,-0.5757496537241846,-0.03873376693685845,-0.4537419196898021,-0.5970655292983446,-0.2182798952790597,0.6225175062647857,-0.38320604356702437,-0.2004717149193456,0.18759524079702922,-0.2832653157155201,-0.31207985696122625,0.15969578177549643,-0.4255848930319562,-0.5522896196714531,-0.06423250206750687,-0.6822950842055276,-0.18409548495210495,-0.4026595212890397,0.43806159531213706,-0.4704431126156998,-0.4509152169667639,0.4516945445090635,-0.3228850047124392,-0.644513409944482,-0.1054303863553903,-0.39624573667286,-0.13840606347810833
-0.6094116117344368,-1.3878788066006158,-0.6070396473139923,-0.6205667435823039,1.0003681248826677,-0.2795566824765316,-0.6483074961561534,-0.5556612840511652,-0.5839573074676286,0.48752792218882124,-0.5777405631574005,-1.295082115156546,-0.5790538368724572,-0.5187816277461577,0.09704842985123358,-0.7668671244938192,-0.4309217145564888,-0.5876159203509306,-0.09522523489364201,-0.5863289916005895,-0.6093888945025333,-1.6345762184302315,-0.6279159086125033,-0.610638890608507,0.8568964427665139,-0.5788821005157161,-0.5273693749250844,-0.621416022535711,-0.20208390102655346,-0.20542821141814097
-0.09334827238155999,-0.6325954572350496,-0.15077224766202557,-0.18317463876445714,-2.0654968628620733,-0.9766754734927655,-0.8448191769384399,-0.9317036417429163,0.0005460184400007087,-1.0812566346015435,-0.931730334569797,-1.1648518169815483,-0.7393971092841302,-0.6259339250151278,-1.2493671176547174,-0.6785480805691838,-0.6778152162462753,-1.0711400273415332,-0.9214716894807404,-0.6369725218760779,-0.2564872371986906,-0.6418831273367855,-0.1979519455466616,-0.30562984150732525,-1.7090886216333807,-0.3453627984902879,-0.6411664375153563,-0.7987624211172066,-0.37734502700817457,-0.3999023128179073
-0.6150516482300966,0.816218514818394,-0.5693586771452481,-0.6131917794284361,-1.9868660973566354,0.04557649891613474,-0.12301422999309859,-0.5092681213475908,-2.2850118585064974,0.5621622621107504,-1.0651231398723806,0.3823995649369148,-0.5471843665794538,-0.7323972163814817,-0.6684553089024611,1.0905586943409533,0.3354997920511072,0.7436850768292836,0.554516559116027,1.280559131648355,-0.7931483373589717,0.49568059728273534,-0.6146677192743402,-0.7216333078849725,-1.9667441765036073,0.40889205938863554,0.08942982987092706,-0.08725654533935306,-1.2158492375869125,0.5070941318459777
0.10969304146219451,1.1249821482068332,0.07859017945206874,-0.003622626864523732,-0.4884723509492701,-0.3556918783517464,-0.7340052683149025,-0.5146806569963412,-0.4790464540995916,-0.5983285527537636,-0.13137350275429538,-0.2002096637407065,-0.29770616944203715,-0.15717232299366843,-0.7267474973239677,-0.4043229009760253,-0.6378891497273474,-0.49256679342189624,0.062094136490589084,-0.34622765022255375,-0.05393421495920729,0.5615308852491329,-0.14676575946739465,-0.15258388077489785,-0.93127715171745,-0.4952147570092792,-0.8635488484848329,-0.6891135803204493,-0.64710970131322,-0.6482138773170454
1.0431190814939009,1.2342369723288964,0.9235449779098853,0.9500169687240628,-0.5759215200627944,-0.6539982661605901,-0.40623337686236694,-0.054099647266965534,-1.0298284342817814,-1.1193055137774286,0.05005549282345695,0.380595821194879,-0.05569737940454306,0.12912150895557584,-0.5337802528941523,-0.7581442559580528,-0.4847271334487652,-0.5054444170703462,-0.7897327036874415,-0.3979642063313263,0.9504781942901909,1.4801424023803809,0.8227608239163656,0.7792277881655763,-0.05040345985342841,-0.4702394305894473,-0.3083817502765781,-0.020619128280550264,-0.6780381353099761,-0.262561845727677
-1.355870441935019,2.0417726288832747,-1.367621838654838,-1.1138383844890714,-1.1138441401560715,-1.0424200098812886,-1.1255140889871265,-1.2768172242989508,-0.2654779311718047,-0.3158887957943042,0.47979464120823445,3.0753889717966323,0.36906290434439176,-0.26765085565458,1.525207046178148,-0.782677323714896,-0.9805929825582669,-1.8119099972142643,1.2375128543939073,-0.18919627217409649,-1.2274888386560086,1.4060608284181841,-1.2427523319881677,-1.006428739530928,-1.1162606270088942,-1.1509419521619657,-1.3029107006453406,-1.7410760777987315,-0.7278672789714177,-0.800387114853021
-0.23434918477305638,-0.5542169964518309,-0.2937141888456307,-0.3164912984689889,-1.2505293960814123,-0.9054522257385326,-0.8502462818026906,-0.897166509508033,-0.6101850208096368,-0.8397925936776536,-0.9210145690468746,-1.0995562935198457,-0.9166710377889611,-0.6451785726399318,-0.885543458886003,-0.713984733995735,-0.5370039893043291,-0.9711851390226136,-0.9534471714694053,-0.6446237027090654,-0.342102432165895,-0.6583456993283852,-0.4219667834465118,-0.4056150564197836,-0.49964904270407934,-0.551409241453901,-0.6507292158842868,-0.6829041846399699,-0.2708137543526795,-0.4636282895477749
-0.4994309000690695,0.14406383598048514,-0.5005499490110195,-0.5465334495761702,-0.8728077748683735,-0.06588693921383225,-0.26348789775847103,-0.4780816064190769,-0.11935209969489687,-0.03783929412437033,-0.16056472607535924,-0.3282754694252609,-0.14831802744358394,-0.2864203267948209,-0.16995659412543798,0.44125016770983655,0.4599248232394965,0.33895976216371876,0.899851764593607,0.29428548808182636,-0.607300719015528,-0.43280846304347276,-0.5914833879325547,-0.6081121884266038,-1.2175611015732573,-0.25045655809492673,-0.39253419992316557,-0.5862799299047059,-0.36703554900925583,-0.36364442950608666
-0.9675539292088375,-2.2737929239382133,-0.9781152883235811,-0.8690463050741545,-0.03285483119813435,-0.8978953824754838,-0.8060721724425105,-0.839175056128565,-1.6180785763811258,0.18313688878173578,-0.8678052505882263,-1.4711275043792575,-0.8718545951894252,-0.6865189267969181,0.2585244920303498,-0.8603108536832175,-0.644614827088882,-0.9926478451033632,-1.000770884812629,-0.6278639732653786,-0.9957013595984554,-2.2519226681152102,-1.027168160030785,-0.855909480980404,0.4825251237243045,-0.8130257857016401,-0.8022992530318336,-1.043957826158574,-1.3893921172353807,-0.3993529509495466
-0.1723087833207983,0.9373488633015512,-0.2236767334232914,-0.257491585238047,-0.2885885358326427,-0.7068961690019303,-0.7501603711666255,-0.6471589104943261,-0.5577295941256194,-0.6934507506934776,-0.22781539246059548,0.20563267821738904,-0.4037717502609389,-0.21704456004861408,-0.3917349201888716,-0.2511275223166267,-0.3627478031191159,-0.42235308352915835,0.06465217504968217,-0.45917365299522617,-0.2126355519715861,0.558238370850813,-0.30694841237427706,-0.2859576602339355,-0.4864359373261193,-0.6506861639727328,-0.8013429751949407,-0.6545832823899788,-0.44092014133484175,-0.8091769047467962
-1.4751572138182247,-1.1598687388676145,-1.4863988098389227,-1.184751501353184,-1.935425409642797,-1.3928686162051678,-1.07905554711432,-1.1873299682396117,-0.09312438635288867,0.8167970689032171,-0.8611540857808954,0.14971662221427343,-0.8628913066695181,-0.7266950985667249,0.11781920963360938,-1.1292477942265675,-0.8680601717955002,-1.279634886411673,0.8499700126912898,-0.6158406890992554,-1.392663519678103,-0.9266856227914557,-1.4113656508375174,-1.0878246455336693,-1.4990002461238117,-1.2711981488734563,-1.2325286518500127,-1.5307138680381018,0.15874782893560746,-0.34166995477164985
1.0374790449982412,0.41245068654120487,1.3003546795973264,0.9361179978186969,1.955695182425372,2.8850603550066483,2.8993783324304174,1.8109054934167288,1.124590875954672,1.2294810661185933,-0.017195173561779083,-0.8068086841874063,0.12257247004694434,0.026958564774517652,0.04076631689253752,0.6315177376462426,0.9041252417081193,-0.2006739907237011,-0.5697413876054275,0.4575106791855594,0.9254200884461308,0.34257867776086065,1.2593488816512888,0.7503511918009673,2.4072341404471906,2.096599742208776,3.016596288600525,1.233375901826011,0.5951823975565081,1.9524652075035682
-0.07078812639892054,0.07993600443057869,-0.06271345868072119,-0.18289098629700062,0.7064213379464508,0.15892914786186366,0.2956301150003788,0.3889550565521709,-0.5389955131670415,0.39386914267894846,-0.6904408557260654,-0.48466005185978034,-0.6348254098852129,-0.5114163922354302,-0.5773318879217147,-0.4190427416301314,-0.3126109355149492,-0.3452406466818933,-1.0404204824785737,-0.36335172161066864,0.14026610533225622,0.8397483519071635,0.18443897398668505,-0.034189835680001425,1.2620983410239632,0.6299236982041477,0.6426365585135511,1.0258912168929208,0.4817781395684004,1.1668777357474467
-0.1638487285773082,-1.454381743022741,-0.1954160057967334,-0.26968864133867454,0.005358251103574312,-0.33585516478624367,-0.6348028398660412,-0.6162301353586098,-1.6967617164071525,0.10118545671059662,-0.729608826258126,-1.422065674595879,-0.7398950697574582,-0.5458666873662521,-0.9729817415182631,-0.47137995284473017,-0.4755557552284908,-0.7910517129877505,-0.8511256291056779,-0.40379367744217387,-0.21472372745859103,-1.5390933008789545,-0.24281513216907813,-0.32855063987173344,-0.06802093369070934,-0.053151479378254624,-0.46186434309791113,-0.5210055509221058,-0.8911006806209671,0.16044679291023423
1.8073440266558116,-0.4592128015630799,1.7263134728092167,1.9033729118451932,-0.1416151423645342,0.05124413136342109,0.8017391965270124,1.0276342631047128,-0.9061834999551677,-1.166134903532365,0.7613606180519152,-1.0182074507540233,0.6185411014818084,0.8706344131162321,-0.27682560623153357,-0.3623440961476492,-0.1609774822730794,0.07680813789170496,-0.9726324606626041,-0.7768798285364205,1.8797162860074088,-0.4163458910518731,1.7772326466885777,1.9090246209309005,1.037475549598638,0.3096151368698036,0.6856690611737379,1.4575199410238024,-0.360162563676644,-0.7531419941739815
0.05329267650559615,0.11556257751385976,0.07490399758773553,-0.06092042529072687,0.08325414964167113,0.17404283438796078,0.059361735793930316,0.22812542584644577,0.2478358870932293,0.16850270448331778,-0.4365880655795975,1.1345607053659184,-0.24940400352920403,-0.32134579841020583,0.3241869571488286,0.18283518733775503,0.03467858642610757,0.371153821284843,-0.7347348746669381,0.22178144114065948,-0.007994354245097863,0.8496258951021229,0.051957080605052997,-0.11161520968260906,0.46050328142770397,0.2915080252154254,0.22426500487284584,0.6290956880427768,-0.3103334200152024,0.5092915793194213
-0.7645126153650831,-0.12669811945245374,-0.7909391647679714,-0.7232489368015389,-0.08429551891197172,-0.9475816269300285,-0.7423352432228222,-0.689685976305936,0.40145535095356744,-0.5383283971302515,-0.30578182436875356,-0.47419833815597184,-0.3455103748815422,-0.40165062430136317,0.4323960195634648,-0.9199534672965207,-0.568186675253262,-0.48275527064212503,1.5112229802168782,-0.5309490160475372,-0.7367675992098373,-0.5315838949930696,-0.7817755620625348,-0.6895080944293451,-0.34109177816855585,-1.053413302492522,-0.8689518182632786,-0.7845262456546442,0.6999954238788503,-0.7635798696728389
-0.5699313562648177,-0.3000807751244234,-0.5873800107042125,-0.5831246178780525,-0.2996115403427506,-0.6260379460873103,-0.5711921223873819,-0.7543786642981427,-0.4415782921824359,-0.5251576312616757,-0.5725674349739209,-0.7997740835934661,-0.49938016113994876,-0.5180688630193131,-0.4034603603886001,-0.6387499928747493,-0.3691677678733079,-0.72543715439803,-0.12592169760275987,-0.6861586843738546,-0.4339821535941146,-0.27312151472495844,-0.4192569265364333,-0.475821281331239,0.1830280684905372,-0.24296396016897712,-0.1491614904338868,-0.40393572504380015,0.5487897465613725,-0.5251568188041982
0.34657457427990895,0.0466845362195159,0.370617698259836,0.24088580008293645,0.9415787674954248,0.3289581212804575,0.7247500344992702,0.8075244800555316,0.44267032906243836,-0.7007678428426867,0.2462648546397225,-0.7866067542766033,0.10813161632042703,0.18851856952595844,-0.26711024149461593,-0.5864127816601504,-0.12062341810387216,-0.1362858724814521,-0.8178711278374665,-0.503623370215439,0.6038410634473633,0.049544896310390565,0.5156437074407647,0.48324267542833477,0.9670056542495155,-0.10310213221791846,0.5097139391854184,0.5518568637246192,-0.10586210636997716,-0.22355715307405127
0.538335815132344,-1.0506139147455518,0.4771073965628082,0.38583221095318276,-0.10560666096484733,-0.3755285919172489,-0.431349513327155,-0.10977144251125497,-0.2917056445138139,-0.5851577868851879,-0.6242987168087178,-1.0548234487173536,-0.5715844297725344,-0.44061509603553417,-1.0316089425169053,-0.7161654511296767,-0.420833198514187,-0.47095078229771287,-0.6861321420441675,-0.8096706035349381,0.2801738629615906,-1.0073522255502934,0.24465801643288138,0.10766644396113995,-0.5304796219193204,-0.5226876160710944,-0.1984097990338783,-0.031220535539905347,-0.2072386400260133,-0.7767645545135013
0.016632439283806866,-0.5850933597906746,-0.09629867122242819,-0.08900201956891542,-2.3587087828309494,-1.4761828131802786,-1.0340105767410392,-1.1157298538004283,-1.1422329200332486,-1.3154035833762243,-1.0252161510283944,-0.9058342156251816,-1.0123292447153038,-0.7033876919989068,-1.18772480346186,-1.1931973241794054,-0.8330560782547863,-1.2587854005046588,-0.6400874479804901,-0.8971126701976521,-0.30451527339980533,-0.8312027052401794,-0.40149230901480526,-0.36753404496395553,-2.068925524759834,-1.2834360588191738,-1.1180621947739158,-1.2362976435783004,-0.7570774666350214,-1.2667953410914456
-0.2907495497296553,-0.44021196258533024,-0.349006916810636,-0.34712576495428543,-1.7811033465012829,-1.1268677333458565,-0.5782599798850108,-0.9920147532575629,-1.2209160600592752,-0.9363782100472097,-0.9040171478725842,0.6836247698569234,-0.9978385949414541,-0.6371005724023597,-0.26007497737477886,-0.5400725425638911,-0.03930386455077253,-0.9866689484094402,-0.09522523489364201,-0.5804995204897418,-0.507068295639289,0.3491637065575003,-0.5869669597490899,-0.5166094736962491,-0.9929383101479314,-0.6563056124171951,-0.20414746605523656,-0.9883761623845273,-0.22613934969069777,-0.6745832469983695
-0.9675539292088375,0.6404607542742061,-0.9772961367981732,-0.8625222983226563,-0.6156043362991835,-0.8965729349044503,-0.6693848569080106,-0.91495055521107,0.7611497053582622,-0.43588910704132855,-0.3693373991943615,0.719699644697643,-0.31712662790183593,-0.47934197952742363,-0.16560143062268173,-0.22441373742584203,-0.0662065739969108,-0.20987229332973684,-0.24614950988013953,-0.4201890649414327,-0.7534730031058771,1.0438842446029961,-0.7251696621631104,-0.7196480418849056,-0.10325588136526997,-0.5389215782439851,-0.38153700479889563,-0.6074827444234159,0.1140734242736257,-0.4196793400789013
-0.648891867204056,0.533581035024362,-0.6602844964654784,-0.6392878064344295,0.09501202111912034,-0.4987051371049412,-0.7054814148423292,-0.7592757203612978,-0.4678060055244451,-0.11832730776566627,-0.35418752379988505,-0.5398546103660815,-0.4366371415005985,-0.3702889763202012,0.25651441656753926,-0.02869437465458192,-0.419610348084817,-0.6297748072952603,-0.970074422103511,0.004633642261586239,-0.5634490337884235,0.07423875429778948,-0.6092480054541823,-0.5509004318792222,0.7644047051207908,-0.09998021641543947,-0.5842679062202204,-0.6435275291052227,-0.7914423932980844,0.06320974221035107
0.2929942275711399,-1.5137593648282102,0.22603745402541559,0.1745111226981271,-1.0704869890829791,-0.8045683681768335,-0.3818745108437534,-0.4631326984368139,-1.7005085325988687,-1.0958908188999614,-0.7177845332673152,-1.5497707315320262,-0.6731683663314826,-0.4840937443730542,-0.9200497543309182,-0.7216172439645308,-0.4177760724407622,-0.6815919119759272,-1.3846045706045613,-0.796918635479959,0.21126407189042568,-1.6098823604428323,0.17841706974206534,0.08023367741476159,-0.46000972657019845,-0.2329738296010444,0.1133367757932531,-0.17358229016552956,-0.9941954606101557,-0.5229593713307545
-0.5022509183168998,-0.6824726595516437,-0.4014326144367148,-0.5312162163335219,-0.09164418858537735,0.8730508362199572,0.823195192501957,-0.027810188401606657,1.0084395740114898,1.5367989363853611,-0.05747167156172823,-0.02705026450525232,1.059236120377245,-0.2419913254881747,0.06589226017766957,2.6775755885669654,2.4250454632369545,2.3595202346228645,1.5291292501305305,2.107251003555431,-0.5404791034313687,-0.768644931672101,-0.29972212728073366,-0.5552319213339135,-0.667015044158244,0.937744596328576,1.0380574440688235,0.2913651424947538,0.5711269488923638,1.0515117433916532
-0.3471499146862536,0.6024590763187059,-0.21097988477947535,-0.40896200285979184,2.271687978381805,1.668408589655823,1.220762176743577,1.133823057737339,2.0125863133912625,1.630457715895234,-0.374510527377841,-0.39681773162262823,-0.2344651893293586,-0.3814556237074331,-0.4376316432563798,0.5137590124133956,0.10560391132956268,0.0676098352856695,0.13627725470429153,-0.03435094579220706,-0.18340109515351619,0.8282245515130437,-0.04740433943117083,-0.2688121811424489,1.658491502362773,1.7744180313929445,1.2742580697814048,1.378766629954308,2.5419554930190276,1.2602692533688042
1.6522430230251652,1.0869804702513328,1.7222177151821783,1.6537587404835168,0.8533947314145592,1.4908227729741803,1.7558999587069006,2.0222521235107904,1.63415787802799,1.7475311902825759,2.4548210798295904,0.9397563812260327,2.453525445696141,2.148383980106303,0.3104514414862899,1.1843295311004427,1.3578027510043587,1.1560756436665445,0.8947356874754204,0.7595501511163507,1.5268146287035662,0.6142111156222511,1.5363564769037923,1.457827802733886,0.09053633084481416,0.5194078787963916,1.0552704451328985,1.1712819450212177,0.6793764678810128,0.5730175560492882
-1.466979160899518,-0.4639630113075182,-1.3868718995019138,-1.172838097720013,0.7505133559868835,0.6879081762752663,2.8249134052232567,-0.1492056308092934,1.1170972435712418,2.5919236243012698,-0.2965440954696827,-0.05049893315172027,-0.49390259593333885,-0.5394518048246507,0.841446376245417,3.296354075322899,8.30695602850626,3.28088354566076,2.763382854892992,2.082475751334328,-1.2650759974220982,-0.5019512654081907,-1.2728618532112659,-1.0170769844403778,0.6851260728530292,1.1275570771192982,4.683388558305095,0.9092757370400157,2.284218543046055,1.8261119777805552
-0.03412788917713176,-1.5208846794448663,-0.10735721681542902,-0.13467006682940402,-0.24229191689018817,-0.9791314475532563,-0.9027503660707902,-0.5724143705830117,-1.6480531059148502,-0.8412560121074948,-0.5563090321115561,-0.2543219760017859,-0.6567356707116527,-0.39095915339869425,-0.11568455662955247,-0.7783158894470128,-0.8058170849405714,-0.7959574743776361,-0.7935697615260812,-0.49815824104901946,-0.17504839320549642,-1.267460863017564,-0.28225860497133637,-0.24968143605089546,-0.20015198747031265,-0.9054344934550181,-1.0491623766257723,-0.849043381261576,-1.372209653903849,-0.7377598618598756
-0.4091903161385122,-0.6634718205738941,-0.46204982731686794,-0.4580338797297577,0.14130864006157387,-0.992733765426744,-0.6644625990078763,-0.5386504577265213,-0.8349939923125713,-0.9100366783100582,-0.6313193907720117,-0.6291399255968624,-0.7000582318912041,-0.5237709808340698,0.3097814163320196,-1.0895042244604816,-0.4960384999204369,-0.4839817109895966,0.27824839473396323,-0.7058331493729653,-0.607300719015528,-0.9777195959654138,-0.665552810141376,-0.6016149542445667,-0.134086460580511,-1.1569984688187749,-0.8061243643794059,-0.8502549706626451,-0.8859459416215073,-1.1074803992667772
-1.8442976024591624,1.4622470400618977,-1.8148785715273221,-1.40004372415263,-0.7133416429554764,0.28361706170216583,0.04219693901397466,-0.9252601469229754,0.8398328453842889,2.16021518749795,-0.6948749655976194,0.46356803332853413,-0.7130052041977367,-0.6805792207398799,2.8250558454623205,2.1247637951127656,1.8478600605743534,0.27917079522448734,0.08767452208152077,1.3508771269229545,-1.6058662369013117,1.0191903866155974,-1.6043676818775765,-1.19954097771925,1.187224077215521,0.31523458531426585,0.3194146496437033,-0.983832702130518,-0.18661968402817491,1.2273075412671486
0.5044955961583846,0.9397239681737695,0.41157527453021,0.3795918566691407,-1.0528501818668068,-0.7216320133648751,-0.7091415553321727,-0.4203478928324063,-1.0672965961989371,-0.8456462673970203,-0.10402982521304549,-0.06312513934597194,-0.20458756092966793,0.0031997405463646115,-1.0078230495403133,-0.8901321604898692,-0.644003401874197,-0.6481714125073313,-0.7372929132260312,-0.29194070050278553,0.5892238350383284,1.3467955692484264,0.4825232340953565,0.47241395179160645,-0.6405888334023231,-0.6294571365158758,-0.6053060186318673,-0.23037554334064542,0.0848632366100225,0.014316535926228743
-1.1113748598481643,1.9776447973333682,-1.1050837747617404,-0.9717284982933897,-0.4473198007781994,-0.5347890636859984,-0.3683698545536412,-0.5711256716190234,-0.8237535437374247,-0.21637634256506463,-0.6937664381297308,1.834413277275878,-0.7169888879843621,-0.615717630597022,1.679312831660292,0.09615168126357569,0.48805038311500454,0.8264698002836035,-0.2474285291596865,0.3988516261326552,-1.154402696610834,1.5163600607618994,-1.1503161018332566,-0.9576994831656503,0.2534979638396585,-0.5301802139970438,-0.3466328637522996,-0.3588040198539745,-1.1557106159265522,-0.07852561982676722
0.8992981508545751,1.490748298528522,0.8948746745206234,0.8056378627887296,0.309593175582558,0.18348888846677155,0.9973673951220952,0.42349218878705397,-1.8915961583763625,-0.5983285527537636,0.45060341788717034,0.8026718568312982,0.4432590148702902,0.43133375313768246,8.071352803397925,3.268549931865144,3.4155543110265882,4.208379058436012,0.17720587164978213,3.175865926562682,0.35534818049376987,0.3903201365364989,0.38015086193682307,0.239596393601947,-0.3675179889244766,-0.4783564116758928,0.03731268776025622,-0.0766551380799982,-2.2261780814809646,-0.8833407569755204
3.098912384161918,1.336366481834303,3.229456521931943,3.4436058101337204,0.7284673469666676,3.0532001176094803,3.0886959439740456,3.4784819528174333,0.060495077507450534,0.742162728981288,1.8092885843625164,0.454549314618354,2.24338612595165,1.89178867844225,0.37812398206757897,1.708246822529916,0.7711402575141404,1.300182384494435,-1.242505528646935,0.7467981830613715,2.8465415364907165,1.3039928820702669,3.129150149605684,3.020773580968344,1.0859236026511587,2.195876664727608,1.7935169352143256,2.600957438282805,-0.9340568389497959,1.1449032610130099
0.8344377311544866,0.6618366981241749,0.7760977033365385,0.7497583266998087,0.06414760849081731,-0.28220157761859865,0.01809049647741917,0.4054504032912193,0.20287409279264218,-1.0168662236885058,0.04672991041979138,-0.8724649563975161,-0.028807513844821588,0.11985556750659614,-0.8523772137496288,-0.7379726224690929,-0.35449356272086885,-0.2980226933042442,-1.1414630055627542,-0.826430332978625,1.088297776432519,0.5977485436306514,0.9853522385210958,0.9885831118089909,1.0198580757613571,0.004916154547854383,0.5565715531931776,1.2636656368527397,0.5453532538950666,-0.4702206319681057
0.9923587530329622,2.0773992019665566,1.0095558880776705,0.900945091854097,0.2632965566401045,0.5008763055148129,1.017561273686749,0.8606188773718447,-0.3741356007315558,-0.5251576312616757,-0.06633989130483632,-0.26153695096992985,-0.001917648285099896,0.08493009589121119,-0.7783394342027724,-0.2969225821294007,0.14962652678687985,-0.11022401509768467,-1.0225142125649211,-0.46901088549478137,1.0778568989974948,2.1139514240569595,1.132888892514277,0.9903878990817789,0.32837222764810065,0.7510540313403323,1.756700238493944,1.24246282233403,0.12610114860569832,0.35656897991508424
-0.0566880351597712,0.4670780986022365,-0.11718703512031857,-0.1718285400661991,-0.4179251220845779,-0.6694897948498397,-0.9409925236026032,-0.788142577154633,-1.108511574307808,-0.6436945240788579,-0.549657867304225,0.5068578831373972,-0.6024579791188814,-0.4349129782207774,0.11781920963360938,-0.6414758892921762,-0.7573616366767884,-0.27272736113764634,-0.9892597112967098,-0.3345687080008586,-0.21681190294559596,0.7541429775508465,-0.2861728427303394,-0.3117661182348046,-0.17372577671439127,-0.6531836966147161,-1.0049823405613136,-0.5350902777095345,-1.1557106159265522,-0.4444006241551424
0.1294331691970041,-1.2596231435008025,0.22808533283893417,-0.022343689716649535,0.49330991741769364,1.4870443513426566,0.7045561559346163,0.346943470326156,1.0234268387783525,1.6553358292025444,0.5119419377770013,0.5212878330736851,0.9551623814516561,0.2156036291460529,0.9844967466821031,1.4634613242449699,0.6329581589953398,0.610309689041768,0.7885770872730536,0.5832086500132108,0.019151927085967472,-1.211488118246126,0.19046087823130434,-0.14265755077456352,-0.06361656523138849,0.6717573699573661,0.23621847783400887,-0.06302475731797039,-0.12304456970150868,0.429634108407087
1.6832632237512943,1.7923866173003047,1.6812601389118043,1.6168839197141782,0.1956887956447743,1.1715461451103768,0.94562058130017,1.9835911545911449,0.23284862232636658,-0.372962114558133,2.1004617992612307,1.2085141987893933,2.1169041657262935,1.5021439611005398,0.46958241562546044,1.1527091326582892,0.8243342511917321,2.075905904270101,2.1405004657538016,0.16130067836561549,1.6333115785408208,1.3352717688543065,1.57248790237151,1.4127081209141845,-0.21336509284827276,0.5350174578087866,0.46763771436212476,1.5180994110772597,0.63985680221849,-0.43616019612972873
0.5975561983367726,0.9515994925348635,0.6696080050335662,0.5004278078055887,0.07590547996826652,0.8466018847992869,1.160180541049616,0.98433397791471,1.3568934798410381,-0.08320526544946451,0.08700640841974053,-0.3607428567819086,0.047380438574389505,0.12175627344484834,-0.4697928506613489,0.7400084150598384,0.8756939692252687,0.7268215220515514,1.4843635753463995,0.08806794753559255,0.6288991692914226,0.8776122674878423,0.6481256008223968,0.4994857608834273,0.39003338607858146,1.3148720252680377,2.08565981438515,1.6634901392055566,3.308293357605332,0.6526750269616225
0.9726186252981527,0.3459477501190793,1.0136516457047082,0.8501713001793925,1.110598169983749,1.1639893018473284,1.2157137071024136,1.4397601917881326,0.5925429767310614,-0.15930302380123587,1.491510710234478,0.3210722777076914,1.326142934081148,1.271920954329737,0.6699199367522477,1.3053593320342025,0.6109468512666814,1.0104358524043147,-0.33056478233021475,0.40978188446549463,0.856510297374966,-0.09697199441484447,0.75651987722555,0.7467416172553912,0.4032464914565428,0.5862168769694419,0.41026104414854225,0.5533713504759554,-0.7484862349692556,-0.37792783808347047
-0.7419524693824436,1.2366120772011147,-0.7544869218873386,-0.69998943447011,-1.5907728019600829,-0.9069635943911422,-0.8763721121957113,-0.9384048763556547,0.4576575938293011,-0.5807675315956623,-0.5781100723133635,1.0173173621335796,-0.45605759996039735,-0.5266220397414482,-0.3066417255965573,-0.12137485284710066,-0.4926756612396697,-0.7390813032636495,1.4805265175077602,-0.5947088563224329,-0.8202946186900367,0.9747414422382789,-0.7944215609762362,-0.7431102764311504,-1.6381782894383274,-0.7480899370100772,-0.9567859375819044,-1.0118507070302418,0.5934641512233552,-0.9234441733658683
-0.09334827238155999,-0.010317980713734838,-0.16060206596691515,-0.17324680240348136,-1.2108465798450232,-0.975353025921732,-0.7475099246050146,-0.7432958532078443,-0.8762089704214422,-0.9963783656707219,-0.2810247109192437,-0.5331807585205482,-0.40875135499422055,-0.28428203261428714,-1.1167021371092196,-0.805574853621283,-0.5128526933242733,-0.849920849666378,-1.246342586485575,-0.592522804655865,0.008711049650942401,0.11868769867510846,-0.10160147763274742,-0.10421558186417798,-1.1558999431427757,-0.7143732463433042,-0.5029842900843119,-0.5067693754595434,-0.9323385926166424,-0.4520916903121954
-0.11590841836419943,1.2366120772011147,-0.01315479139356887,-0.1931024751254329,1.4559856446338035,1.1942166748995227,0.5871792367775666,0.4652460352202709,1.7315750990125955,1.4080181145592876,0.24922092788742528,0.551951476688297,0.04837635952104597,-0.03148814282673885,0.8853330238501143,0.7067524787672285,0.08206404056419175,0.6654995046779812,0.5084718650523498,1.1483030058210002,-0.07481596982925669,1.192047392527391,-0.05342624367579055,-0.18091904095767042,2.0592890321609025,0.8784281960814752,0.3136769826223451,0.5624582709839743,1.2927904088166866,1.8700609272494295
-0.6996521956649946,0.212941877274829,-0.6778962542617395,-0.6926144703162422,0.9195327584752079,0.17404283438796078,-0.26184714512509283,-0.3133858788213875,0.6749729329488042,0.26069806556334935,0.34787987252950237,0.8495691941242337,0.5224347301294704,-0.04835690802872736,0.802584917297746,-0.08430266157009317,0.29331145223784505,-0.045835896855435695,1.740167431255718,0.4436656852972964,-0.6365351758335979,0.08411629749274951,-0.5679979613785381,-0.6214676142452353,0.1389843838973361,-0.4165424787868087,-0.3676709761639466,-0.5432685061667515,0.4628774299037159,-0.2411367328616009
-0.6122316299822667,-1.554136147655929,-0.6475876478216623,-0.6109225596887844,-0.24082218295550764,-0.9914113178557104,-0.8766245356777694,-0.7708740110371913,-0.8349939923125713,-0.5383283971302515,-0.8330713899277199,-0.8901416450694686,-0.8494463738896572,-0.6444658079130873,-0.5056391964148043,-0.8617828377486281,-0.7255675255131705,-0.8502274597532459,-0.7308978168282982,-0.4784837760499087,-0.6741223345996875,-1.1999643178520063,-0.7134269488861021,-0.6415007529731828,-0.22657819822623285,-0.8286353647140351,-0.8899899306749256,-0.6771491349848914,-0.6608556719784446,-0.2900299391457232
1.9539849755429677,0.8922218707293945,1.8246116558581134,2.0990931143901443,-0.15484274777666393,-0.05077325268773513,0.2590287101019439,0.9479926671302431,-0.16431389399548396,-1.4588185895007169,1.0495777597029268,-0.1713497638681308,0.7101658285741931,1.2738216602679893,-0.773649258122881,-0.7090781204443664,-0.4562958609659146,-0.22060364637011148,-1.2194831816150966,-0.6763214518742993,2.673222971069303,1.6283055503047767,2.4155544966182583,3.116427306426111,0.32837222764810065,0.025520798844215854,0.20561758705343147,1.3015278056361503,-0.13163580136727443,-0.49439255417598693
-0.2907495497296553,-0.8226038470125506,-0.35146437138685854,-0.359322821054913,-0.8287157568279406,-0.9895221070399481,-1.1070745536227768,-1.1927682778676418,-0.6776277122605169,-0.5573528367181941,-0.8031411482947302,-1.1697219250850455,-0.8330136782698274,-0.591008453399743,-1.1408230426629464,-0.9668934036046141,-0.9461086004500352,-1.4461241635809168,-0.8856591496534358,-0.4584449691063701,-0.40892404775005453,-0.864127849223378,-0.4749595407991647,-0.453622397875946,-0.8740203617462887,-0.7574556844175142,-1.2493591417793304,-1.3624543899646249,-0.4254559243364632,-0.022490709253953366
-0.7898927795955524,-0.9247333565179573,-0.8024072861236763,-0.7493449638075323,0.00021418233219047336,-0.6800693754181076,-0.6833943601622392,-0.5358153200057473,-0.2954524607055291,-0.5997919711836048,-0.8563504667533784,-0.41160843030732325,-0.8633892671428461,-0.658245925965416,-0.6379691643831671,-0.5662411481711905,-0.5422011036291514,-0.493180013595632,-0.6848531227646207,-0.8216938877010613,-0.8453527245340964,-0.605665468955267,-0.8383814619619593,-0.7692796918865772,-0.6009495172684423,-0.5688919699477833,-0.6339943537386585,-0.4573971073659759,-0.3824997660076344,-0.9124569359986495
1.3928013442248124,1.3102403282398967,1.6280152897603188,1.302029680837518,0.07443574603358498,2.662133478746714,1.4807583632634933,1.6047136591786197,2.188686674401895,2.231922690560197,2.024342913132887,4.231588710441694,4.079864351585967,1.8015051463752685,-1.3059842431905488,3.1278936767259093,1.7371920967163759,4.458266279233312,3.1304613881228636,3.2778816710025147,0.9588308962382106,0.6981702327794084,1.3225788762197948,0.8008852354390329,-1.2748178915444184,0.8390920569702397,0.4370368235815474,0.935022011812735,0.47662340056894054,0.9910819378719514
1.0854193552113494,0.6072092860631433,1.0136516457047082,1.021213738055632,-1.666464099596159,-0.34889071941500266,0.2666014145636889,0.21240329848578998,-0.1605670778037688,-1.3680866468505275,0.844500178143553,0.14971662221427343,0.7146474728341468,0.8549535891256511,-0.504969171260534,1.4918106469862107,0.8873110483042828,0.40181482997162826,0.13244019686565145,0.43455713668659673,0.7082498377976126,-0.16446853958040217,0.6421036965777767,0.613187359069075,-1.9566141290471706,-0.37221127439160717,-0.09082854238341122,-0.35062579139675776,-0.9100013902856516,-1.0261748427493609
-0.8885934182695998,-0.10769728047470406,-0.7925774678187867,-0.8577002063758964,1.8528138069976963,2.0878133907550205,1.0062022169941311,0.3642120364435978,1.4355766198670648,2.451435455036461,-0.7251747163865719,-0.3517241380717289,-0.5765640345058162,-0.626884277984254,0.12317941086777104,1.0845617222226138,0.42201645992902886,0.24084453436600609,-0.38172555351207854,0.2155876280853837,-0.6532405797296378,1.172292306137472,-0.48218582589270814,-0.6860789986110477,3.7769927312957448,4.258214243845226,2.714412492142324,2.0814884825744104,2.1570683143927214,3.0786570376434623
-1.5679358141718296,-1.147993214506521,-1.565856507803448,-1.238929122637366,-0.36795416830542105,-1.173720161576758,-1.1255140889871265,-1.2768172242989508,-0.3404142550061162,0.6572844600504644,-0.6919188923499167,-0.784081513037753,-0.7179848089310185,-0.6893699857042965,0.7151466346654856,-0.9589337860657272,-0.9805929825582669,-1.8119099972142643,0.8627602054867556,-0.16187062634199836,-1.4839167884602207,-1.4255015541369187,-1.4878438347441867,-1.1352905508079953,-0.7242718341294051,-1.1572482220829734,-1.3029107006453406,-1.7410760777987315,-0.5268324579924993,-0.3174980325637694
0.8626379136327853,0.6760873273574872,0.8907789168935862,0.8050705578538165,-0.47010067676575656,0.4234186620685649,0.09836116377191774,0.6580354002329026,1.1058567949960942,-1.18662276155015,1.5783453618857444,0.7413445696020748,1.627906980918023,1.2013572463721225,-0.10730924220117512,1.865258456173713,0.43730209029615286,1.482615386180807,0.9088048995504333,0.726759376117833,0.8398048934789264,0.25368078900622326,0.9070674833410408,0.7341081063458748,-0.847594150990368,0.19223110269659377,-0.20414746605523656,0.5730596782433289,0.2893345502552468,-0.5174657526471451
-0.7363124328867839,-0.2620790971689232,-0.6664281329060348,-0.7238162417364518,1.5515183503880736,0.8201529333786165,0.16184566950954776,0.15724698282709598,0.5400875500470439,1.4343596462964392,0.009039976511582216,0.9343451499999246,0.07476826460743932,-0.2975869741820528,2.5302447775834365,0.3523859445017157,0.5360472624677739,1.0104358524043147,-0.2934732232233637,0.5005030286280604,-0.6281824738855781,-0.04923053563920626,-0.5911822927203236,-0.6499832531552866,1.9976278737304207,0.19909931746204748,0.22043989352527357,0.40343716209364927,-0.40999170733808465,0.46369454424546475
1.4717618551640497,0.011057963136233978,1.3863655897651117,1.4325098158674854,0.5227045961113151,0.2628357427287821,0.6149458198039655,0.9374253356255402,-0.13808618065347475,-0.9188171888891083,0.6955879882905304,-1.0602346799434614,0.45819782907013556,0.7276062912627509,-0.8001152517165536,-0.41413612807876277,-0.1401890249737908,0.13046490309357928,-0.8587997447829573,-0.4711969371613492,1.948626077078573,-0.18586988316948128,1.6658274181631139,1.95594909002339,0.7511915997428308,0.3757997518823581,0.7612150102882881,1.286382938122786,0.8254274061990298,0.2878987463699687
1.1502797749114377,-0.16707490228017308,1.0628007372291568,1.0694346575232285,-0.7721310003427194,-0.38176298760926397,-0.09449037652052525,0.22168193102650485,-0.7188426903693889,-1.2436960803139785,-0.5540919771757792,-1.3461280630561643,-0.5277639081196549,-0.27216503225792904,-1.3974426767484298,-0.8949297381845408,-0.5489267809906858,-0.7818534103817149,-1.2373894515287487,-1.0042292018594767,1.0319170382833847,0.10881015548014843,0.9462098609310678,0.9416586427165015,-0.4071573050583575,-0.07125859103263284,0.3887447928184488,0.6381826085507952,0.5281707905635351,-0.81741733277221
-0.4120103343863421,0.756840893012925,-0.44771467562223727,-0.4472550859664125,-0.42894812659468584,-0.8931723554360784,-0.5309305769991036,-0.579888824574143,-0.8537280732711492,-0.307108285215253,-0.6316888999279746,0.2849974028669718,-0.7070296785177985,-0.4871823915227141,0.1546705931184699,-0.7401533396030345,-0.2676711822356047,-0.44442900978364347,-0.49811630795081857,-0.4424139235515393,-0.39221864385401467,1.2628364520912683,-0.4737551599502406,-0.42348245042038535,0.40765085991586236,-0.6469398650097581,-0.26200227518726554,-0.32790849012671136,-0.11960807703520275,-0.1971877833927265
-1.5961359966501287,-1.4686323722560537,-1.561351174413707,-1.2556646182172966,0.5300532657847208,-0.5397010118069799,-0.8017809732475216,-0.8876301371745204,-0.5052741674416009,1.2455786688468524,-1.0381489714870935,-0.9788858371776388,-0.9002383421691312,-0.786923717985093,0.2880055988182381,-0.434852940851208,-0.4300045767344613,-0.6897170792779252,-0.5684623683258809,0.029773236427116382,-1.4398562856844155,-1.1933792890553667,-1.339102799902082,-1.105692039534271,1.385420657884926,-0.20237905473675025,-0.4642550376901437,-0.4519449550611648,0.1450018582703828,1.1339160236457912
1.5112421106336689,-0.26920441178557974,1.5583874101006823,1.560153426222888,1.1473415183507762,1.1658785126630904,2.0398763760223435,2.037716511078648,0.8023646834671332,-0.28223017190794364,1.2147483524183145,-0.3138455194889731,0.9536685000316715,1.3469988388907006,-0.9984426973805306,-0.1540856098562249,0.2511231124245829,0.18565471872979256,-0.4482345560485013,-0.1913823238406643,2.1637081522400865,0.11374892707762845,2.0211197685956726,2.425193780948285,0.491333860642945,0.8035022168219794,1.953215333975464,1.6619756524542202,1.279044438151462,0.43787453643250146
-0.6319717577170763,1.3316162720898657,-0.6160503140934745,-0.6316291898131053,0.485961247744288,-0.24007217642710274,-0.43879600604787106,-0.17523734988185455,0.02677373178200994,0.8416751822105275,-0.5370945560014887,-0.032461495731360465,-0.5038618053999024,-0.49858662715222757,0.42971591894638367,-0.2914707892945467,-0.2670597570209198,0.7406189759606052,0.07360531000650838,-0.06167659162430519,-0.7075331423917673,0.7673130351441257,-0.7013831403968627,-0.6756112324288771,-0.06802093369070934,-0.4602493000215146,-0.5335851808648893,0.07933699730765384,-0.5148047336604267,-0.09610519961431682
-1.5524257138087647,-0.8202287421403319,-1.507696749499517,-1.2284339813414775,1.367801608552939,-0.4322049163901135,-0.6040071750549443,-0.7809258629562992,-0.613931837001353,1.9875318127766226,-0.891084327413885,-1.1464536308127813,-0.7583196072706008,-0.7462486109064949,0.40995017689541297,-0.1889770839992907,0.01572440477087376,-0.2175375455014331,-0.4200961318984761,-0.013583454959812565,-1.4074895656358382,-1.000767196753653,-1.3035735648588258,-1.0898099115337363,1.750983240008495,-0.12183362703279241,-0.12860151694068628,-0.15086498889548314,0.04706181728065354,0.9581202257702959
-0.5840314475039675,-0.29770567025220424,-0.5881991622296199,-0.5919178443692023,-0.40543238363978845,-0.5007832690022795,-0.7574806521463125,-0.8832485606969607,-1.3070928324687334,0.013380350920090642,-0.695613983909545,-0.057713908119864196,-0.5969804139122715,-0.5729517469863465,-0.7123419565071587,-0.4871901520658068,-0.553512470100823,-1.0207026680517717,-0.7449670289033106,-0.723321562705508,-0.6323588248595879,0.3573949925533001,-0.570406723076386,-0.6151508587904772,-0.5216708850006799,-0.17490619567493523,-0.5283256527619774,-0.8793331162883046,-0.8464262759589849,-0.38287209489871915
0.1632733881709635,-1.0886155927010521,0.08227636131640255,0.04743481727763737,-0.8573755685542219,-1.0339185612103587,-0.6943747816317696,-0.6219004108001578,-0.5764636750841973,-1.356379299411794,-0.7000480937810991,-1.0800758611058572,-0.5974783743855996,-0.46698739092878405,-0.1103243553953908,-0.7428792360204615,-0.5275268984767123,-0.19300873855200484,-0.5838105996804399,-0.752104576315318,-0.15834298930945653,-1.336603665382282,-0.18289718493511253,-0.23109212714117836,-0.8255723086937674,-0.9666240431836064,-0.7764797514357216,-0.5363018671106038,-0.9701400119460118,-1.2547093799875049
-0.1187284366120293,1.0608543166569266,-0.04469212512175671,-0.1877130782437604,2.6391214620520764,1.3585780158708303,0.8408648362460289,1.0882031144121571,1.6416515104114213,1.6772871056501704,0.5806706407860884,1.2770564609867605,0.5139694020828912,0.29329498437211327,0.5985622578224724,0.29895837472014614,-0.0292153485084708,0.16725811351772138,-0.04918054082996435,0.2414559061397699,0.591312010525333,2.658862556978901,0.624037983843918,0.47782831360997063,3.961976206587188,1.6545364645777516,0.9185227144571936,1.3075857526414962,2.634740795009297,1.3371799149393335
1.671983150759975,0.08943642391945353,1.574770440608832,1.7303449066967584,-1.1895354377921477,-0.3636265637779475,0.3322315198988136,0.7144804148555849,0.43142988048729186,-1.7251607437319172,0.6830246769877941,-0.9662596309833869,0.493553022676436,0.8190777645411399,-0.8379716729328195,-0.6452921442765741,-0.17198313613740862,0.09980389440679399,0.2002282186816212,-0.8213295457566333,1.397347748509257,-0.4393934918401124,1.2774145943851476,1.3874410990951516,-1.1999436277359767,-0.6381985007628168,-0.05688067917370829,0.4170675428556769,0.2687155942574094,-1.369526010474938
-0.7842527430998927,0.4005751621801109,-0.7716891039208957,-0.7445228718607727,1.015065464229479,-0.2128675406801278,-0.5460759859225939,-0.7012842669818297,0.1092036879997528,1.0685050388359993,-0.305042806056828,1.7171699340435396,-0.3982941850543289,-0.37432797643898713,1.1164917020733311,-0.4653829807263908,-0.19002017997061493,-0.6612023411992151,-0.28196204970744443,0.04835467559294337,-0.6803868610607027,1.063639330992915,-0.6998776643357079,-0.6553976149736508,1.0154537073020375,-0.551409241453901,-0.46377689877169725,-0.8131500452549026,-0.23473058135646355,0.23351192140223775
-0.23998922126871614,2.7163024125934028,-0.2584906732531091,-0.3028759800310791,-0.289323402799983,-0.5786187546116801,-0.7697231910261338,-0.43555454060746684,-1.6405594735314188,-0.3788157882774998,-0.24702986857066286,1.2662339985345448,-0.29372248565541176,-0.27192744401564756,-0.40078025977151926,-0.7161654511296767,-0.7379794573712752,-0.41254156074938686,-0.6042749081531854,-0.3127081913351802,-0.2752808165817354,2.619352384199062,-0.3337458862628344,-0.3296335122354063,-0.680228149536204,-0.7106269473803294,-0.9680700160572424,-0.5653800127362631,-1.2072580059211468,-0.41253763579020897
-0.7588725788694234,-1.1503683193787397,-0.7372847398537814,-0.7405517373163825,0.25374328606467705,0.1343694072569558,-0.275225589674176,-0.608240201781883,0.019280099398578585,0.742162728981288,-0.47760358189147223,0.984849974776932,-0.6218784375786804,-0.4636611555368426,1.7128140893738015,0.846318375339492,0.7170291260145217,0.4784673516885914,-0.25126558699832613,0.6079839022343132,-0.8578817774561264,-0.9908896535586936,-0.8730074113685223,-0.776859798432287,0.08172759392617492,-0.27543188451475864,-0.4436950641969433,-0.6933541432241912,-0.9787312436117777,-0.16038053821254514
-0.37817011541238266,-1.4638821625116163,-0.44075188765627366,-0.42002444909059333,-1.9721687580098242,-1.277059993198948,-0.8402755542613928,-0.9750039269329192,-1.7829384888166104,-1.0154028052586646,-0.9402290451569422,-1.3582131461278053,-0.8773321603960351,-0.6580083377231345,-0.7726442203914758,-0.6621927020646217,-0.4755557552284908,-0.9066437157369307,-0.533928847778123,-0.6420733090980696,-0.5738899112234486,-1.6724401340109103,-0.613463338425416,-0.5617291555159506,-1.6069072733771546,-0.8817079333561779,-0.7358379433677674,-0.9284024870316048,-1.0130961702748407,-0.8300526557445108
-0.6178716664779269,2.1035253555609628,-0.6471780720589589,-0.6072350776118507,-0.6516128176988704,-0.8480202169393631,-0.8267708979712806,-0.6641697368189701,0.1541654823003399,-0.8441828489671781,0.7332779221987396,2.563125749058414,0.608581892015245,0.1089265083616457,0.16070081950690185,-0.5477050525326868,-0.5327240128015345,0.001688666609081313,0.013491403867818339,0.01447087476114161,-0.5780662621974584,1.2562514232946287,-0.6182808618211121,-0.5786941558801583,-1.257200417707138,-0.9906003565466449,-1.0387867620954827,-0.9009902768324154,-0.8498627686252913,-0.9816765314121257
-1.582881910885328,-1.7797711105167116,-1.569133113905078,-1.2465877392586902,0.08325414964167113,-0.9855547643268476,-0.8653916907261807,-1.0758059598960745,-0.486540086483023,1.3348471930671997,-0.9302522979459454,-1.158719088258626,-0.9116914330556793,-0.7615492937094254,1.0293884320182056,-0.8202946942753889,-0.374976307412815,-0.9316324378166607,0.06848923288832179,-0.38448355438749116,-1.4327564890285986,-1.6954877347991493,-1.4414751720606156,-1.1069553906252227,1.7906225561423765,-0.8242646825905644,-0.7444444438998047,-1.0718243823831644,0.5522262392276794,0.32965024836539947
1.0487591179895606,0.1725650944471105,0.8825874016395113,0.9020797017239228,-0.9088162562680603,-0.7116191960413357,-0.2050518616620044,0.16549465619662035,1.184539935022122,-1.8290634522506812,0.5282003406393658,-0.014424058311000652,0.23909522080573775,0.3246566323532753,-1.0094981124259887,-0.9363088458010828,-0.28020539913664644,-0.2998623538254513,3.8083416062825575,-0.7072905171506771,0.8794802277320206,0.3508099637566599,0.6451146487000863,0.6727453390710808,-1.1206649954682144,-0.847366859528909,-0.22757627305911615,0.05359072253493448,3.4079516449282155,-1.2717395979066939
0.837257749402316,1.2437373918177712,0.8825874016395113,0.7528785038418297,0.7872567043539106,1.4757090864480833,1.0099885692250037,0.7706676896854696,0.4276830642955767,0.3104542921779681,0.6763735121804629,-0.3264717256832252,0.4123854655239433,0.6912552901936767,-0.40781552389135634,1.6662680177015403,0.3192970238619559,-0.08416215771391725,-0.6515986214964093,0.8947210124991294,1.451640311171387,1.3369180260534663,1.3195679240974851,1.430755993642065,1.1387760241630003,3.018813670261068,1.8365494378745126,1.1349342629891437,0.7120231482109219,2.7270654418924702
-0.0482279804162811,-0.49958958439079926,-0.11882533817113379,-0.1556603494211813,-1.171163763608634,-0.9687407880665646,-0.7871404112881476,-0.4389051579138363,-0.6439063665350774,-0.747597232597623,-0.9505753015239016,0.8351392441879458,-0.8165809826499975,-0.658245925965416,-0.5582361710250144,-0.7014456104755707,-0.6345263110465801,-0.40840232457667097,-0.4060269198234637,-0.8741591276986898,-0.30242709791280037,-0.05910807883416571,-0.3418754569930708,-0.3677145236912344,-1.1470912062241352,-0.8292597478745309,-0.8984051756395842,-0.542965608816484,-0.645391454980066,-0.9981573874629539
2.0132053587473964,-0.9936113978123016,1.9925377185666477,2.048035670247983,0.27284982721553086,0.8806076794830056,1.3128967476948097,1.957817175311381,0.6000366091144927,-0.13442491049392546,-0.24481281363488588,0.15693159718241734,-0.23396722885603047,-0.0312505545844572,-0.8748230564176801,0.06289574497096606,0.07014124887783502,0.24697673610336288,-0.4623037681235137,0.1908123758642816,1.320085255490073,-0.6352980985401459,1.3346226847090343,1.1672570518150087,-0.5921407803498018,0.17537275736320704,0.6211203071834577,1.236404875328684,-0.289714464017364,0.1318799757554666
1.9370648660559886,0.29369544293026684,1.8614734745014503,2.042362620898854,0.03328319586251428,0.23827600212387395,0.858534479990101,1.7000773825137452,-0.9698793752143315,-0.8983293308713235,0.9483322509691099,0.2507262717682884,0.8291783816996273,0.9863398871073376,-0.5260749636200452,-0.26421182512027647,-0.006898328172469646,0.43554193952709197,-1.2885502227106123,-0.5968949079890007,1.9444497261045632,1.0488230162004761,1.8193859764009144,2.046188453662793,0.1830280684905372,0.3383367622526102,0.8004224016009029,1.7119537152483224,-1.0835442699341198,-0.54987810288044
-1.3522044182128399,-0.2288276289578604,-1.3446855959434285,-1.0931317543647503,0.33163918460277486,-0.8563327445287164,-0.7834802707983042,-0.9144350756254745,-1.1497265524166789,1.0011877910632783,0.3704199310432353,0.04509948517618692,0.19427877820620168,-0.23510126646201032,-0.06744274552209863,-0.9057788059259003,-0.26277978051812506,-0.8054623870705395,-0.1208056204845737,-0.4118092002195893,-0.907997989144246,-0.11178830920728394,-0.9630348798255857,-0.8097069267970297,0.028875172414333343,-0.9428974830847661,-0.7559197779425212,-0.9759573710235684,-0.7639504519676337,-0.15928181447582296
-0.7786127066042324,-0.7727266446959564,-0.8040455891744914,-0.7411190422512953,-0.41351592028053535,-0.8695572202390516,-0.7990043149448817,-0.67834542542284,-0.6701340798770866,0.1421611727461662,-0.875564942863446,-0.8306181015822813,-0.8897811722292395,-0.6682246321412403,0.7215118736310524,-0.9294395868291668,-0.6932231316563362,-0.843788647929021,-0.3599822257597865,-0.3039639846689087,-0.8056773902810017,-0.80815510445194,-0.8462099374799649,-0.744373627522102,0.9009401273597151,-0.8985662786895645,-0.8332348410553236,-0.7493901530236391,-0.08180665770583284,0.18516807698647614
0.5721760341063034,0.6167097055520182,0.6081716406280052,0.4618510722315114,1.4780316536540203,0.44231077022618637,1.1450351321261256,0.7802040620189823,0.21036772517607352,0.3763081215208481,0.602102171831933,0.4238856710037425,0.041902873367779495,0.4120891055128785,1.180144091728999,0.6522345504186883,0.8044629317144707,0.006287817912099174,2.5395544809723383,0.8539147147231961,0.28435021393560045,-0.08050942242324481,0.17841706974206534,0.15693713650825405,0.43848143913110343,-0.2766806508357501,0.2959858426398237,-0.15540844914949234,-0.27940498601844527,-0.25981503638587194
2.109085979173614,-0.4829638502852679,1.976154688058498,2.501879618178304,-0.18717689433964746,-0.3640044059410998,0.34863904623259473,0.9049501217330381,-0.3591483359646941,-1.7866243177852705,2.953658440379418,-0.30843428826286534,2.4181702520898396,4.365082280592981,-0.49223869332940046,-0.7892194751167209,-0.3398193575684299,0.023151372689830887,-0.9892597112967098,-0.7433603696490467,3.0031546980160906,0.12198021307342828,2.761813990683887,4.0693549864582055,0.16100622619393667,-0.5813796331576994,0.06504474503015453,1.0152898096335656,-0.6677286573110573,-1.06133400232446
