Attribute1,Attribute2,Attribute3,Attribute4,Attribute5,Attribute6,Attribute7,Attribute8,Attribute9,Attribute10,Attribute11,Attribute12,Attribute13,Attribute14,Attribute15,Attribute16,Attribute17,Attribute18,Attribute19,Attribute20,Attribute21,Attribute22,Attribute23,Attribute24,Attribute25,Attribute26,Attribute27,Attribute28,Attribute29,Attribute30,Attribute31,Attribute32,Attribute33,Attribute34
0.36641405439646985,0.0,-0.9283015259455426,-0.46634314413542294,-1.1764317495681444,-0.29097032758617625,-1.130003401832797,-0.21686005248319953,-1.1263647530955074,-0.3901912031908984,-0.8601651551399159,-0.30065959803830994,-0.483979839156467,-0.5754621814574018,-0.5863845783741207,-0.1573286135410357,-0.6403609250264084,-0.004422628230274487,-0.6263772979920579,0.06053643203586897,-0.5804082500221848,-0.016585487377992546,-0.6830476346757288,-0.0979393653800266,-0.5524805814997701,0.2888252849611692,-0.767770358122903,-0.06378877564923507,-0.42105128706934547,0.1825735230999947,-0.5640260617640689,-0.08766916575257495,-0.36338317494049466,0.37144425669667736
-2.729152956884052,0.0,-3.320424748888337,2.1798022586427215,0.7499827160172559,-2.4127552629577216,-3.144117167518958,1.6899864812114676,-1.1263647530955074,-0.3901912031908984,0.917622227467276,1.72700371034991,-2.2925564367835807,-0.5689338684258216,0.9831314533213885,2.0076423071788714,-2.270087614880773,-1.9589374311041974,1.019684653149813,-1.858554532772693,-2.233676177227196,-1.934716002100228,1.0393853995489377,1.8933086179678522,1.0335061034282351,-1.8156316307727864,0.8686568515556573,1.8856444271248096,1.0847719507429148,1.9645136947023873,-0.6087161148758821,0.0030472669053634893,-2.578081109736845,-2.1124992263593514
0.36641405439646985,0.0,0.7138500178589342,2.1798022586427215,0.7499827160172559,0.7964444517917405,0.1288177017210538,-2.1237065861778666,0.955064643009499,1.7188843598420989,-0.8157204705747361,-0.23729511965117805,0.9504219161133939,1.8461352047833706,-0.5863845783741207,-0.1573286135410357,0.9893657648279564,-1.9589374311041974,1.019684653149813,1.9796273968444311,1.0728596771828265,1.901545027344243,-0.08702498686520334,1.8933086179678522,1.0335061034282351,2.046678490419343,0.8686568515556573,1.8856444271248096,1.0847719507429148,1.9645136947023873,-2.2536551797851523,1.8898283122035844,-0.6823738376196543,-0.03477216171244021
0.36641405439646985,0.0,-0.14262651512151148,-0.16032864325443066,0.27219340026276484,-0.40463434657402997,0.10883769316544702,-0.2395515262341661,-0.0030589366055574028,-0.3190520844497954,0.23683632717167802,-0.09949512121311462,0.2876706450236036,-0.23603057866277932,0.3976705831783296,-0.1315654595844688,0.5140233811981338,0.04598430853584399,0.3664778890781843,0.09099240564738084,0.21013487472943532,-0.06987115307697624,0.3697159926557713,0.0952791968536056,0.17293186610742967,0.19215166262773023,0.10262796291531244,0.10602217269740433,0.4257548642425413,-0.2729809554663215,0.5913094181565772,-0.0231601218138288,0.5024432074535898,-0.10073999601497964
0.36641405439646985,0.0,0.20359494536073938,-0.38863741629534887,-0.1408876535927126,0.06964824002957157,0.33480111653777744,-0.03597659029692342,0.3215816063049403,-0.6236025957517601,0.32736126069403615,-0.7775254549050514,0.7549513958925287,-0.5774755864110668,0.5705841643902239,-0.06748232033115954,0.38706767205847886,-0.012142961701626482,0.42111068523658307,-0.16702937457113032,0.7297900496085145,-0.5017957823821292,0.4889270758783065,-0.5105911347378999,0.4688661348373082,-0.08674575122355346,0.11363088373693099,-0.0838988920993961,0.3977551567234493,-0.4199957019357472,0.045756117688654965,0.13355591180864143,0.47527772224415055,-0.06350712701650699
0.36641405439646985,0.0,0.5861450501175494,-0.09262531645856929,-0.005923056133799434,0.625725635891746,0.7293055798227258,-0.9820584979895324,0.8119247434393577,-0.035275967443705605,0.8500129733067244,-0.11693302566525332,0.9451682911817008,-0.02140974557160792,0.8510723744145283,-0.046980045711942024,0.7388441780635434,-0.4993839569100668,0.8119351742961973,-0.21738632148770698,0.8227367724759801,0.48467956003436924,0.6311087389081526,-0.04319317184511292,0.7675370296418671,0.06552582530444624,0.6171926161594223,0.08730077932378415,1.059715052065719,0.17803907336310748,0.756334934093647,-0.18929119285233714,0.9449202418384632,-0.34071747198169783
0.36641405439646985,0.0,0.19108869358382288,0.0245003048391956,0.34686122494885496,-0.23701333667967786,0.4525864895551041,-0.1445333634601608,0.2521659359448384,-0.18038036618037584,0.3451924681415863,0.3309980757907884,0.5601943309093009,-0.03816778276170791,0.5859654215008399,0.02543823158613886,0.5115461966295552,-0.15791067569996367,0.42073209098782033,0.06053643203586897,0.577226485286036,0.20121823256871726,0.5180908647920109,0.2525110120741853,0.46580249055244616,0.4137903289323406,0.15936424708002545,0.3669790596752368,0.49460970737953386,0.338795174035187,0.4328723733880974,0.28034747713284297,0.40680477557527756,0.2792555068382939
0.36641405439646985,0.0,0.17977255286309676,-0.9568463753874492,0.3676087087432096,-0.07289327192868886,0.4576419151069764,0.07423913935062831,0.03049370525965512,-0.2794225546204054,0.917622227467276,0.12971193916708976,0.49554555744429984,0.4012425953078316,0.49341106111175576,0.5554880621059938,0.16915691635805166,0.33345434574254057,0.4325837370360418,0.005938294087065386,0.3685510075142195,0.7991570579230797,0.27129639714755693,0.863258052373067,0.939359281865339,1.2268838556457076,-0.2361076408682205,0.9750639794689169,-0.42151594109701324,1.9645136947023873,0.0025475990988793186,0.9411736704380919,-0.1025148972244481,1.000580011871762
0.36641405439646985,0.0,0.7138500178589342,0.04350713494135032,0.6445115240264553,-0.13357632108031506,0.8831435892458348,0.03543481238994188,0.955064643009499,-0.43049563720045897,0.8259950657677012,-0.15805403755936642,0.8809086751190472,0.11021406109626483,0.9024897196128733,0.0856677226005667,0.840995446983615,0.38880620495993007,0.9660394941620993,0.3726765774619816,1.067817210004851,0.2569015614111038,0.88838906324068,0.3314539020690694,0.8900828010363497,0.5487008214655816,0.6395546674695463,0.5421163762774696,0.888033993546689,0.43681814834737487,0.7564569428189913,0.5610816288627654,0.9019445579795666,0.6127722552554161
0.36641405439646985,0.0,-2.6736296469095806,-2.3564340425875225,-3.102846215153545,1.830814607785369,0.8841103638533642,0.9904979672562527,-1.0532025098224165,-2.4992667662238954,-2.637952537747108,-2.32832290642653,0.9504219161133939,1.8461352047833706,0.8055093240144078,-2.3222995342609427,-2.270087614880773,1.9500921746436486,0.7536810418452866,1.9796273968444311,1.0728596771828265,-1.934716002100228,-2.237444815474018,-1.8436329202515112,-1.012182127591798,2.046678490419343,0.8686568515556573,-1.6301101970292156,-2.3571097356851087,-1.9784860765038805,-2.351697905508221,1.8898283122035844,1.2133334344975362,0.6635726819860331
-2.729152956884052,0.0,0.7138500178589342,-2.3564340425875225,0.7499827160172559,1.830814607785369,-3.144117167518958,-2.1237065861778666,0.955064643009499,-2.4992667662238954,-0.8601651551399159,-0.30065959803830994,-0.6710672603350935,-0.18760717265594914,-2.15590061006963,2.0076423071788714,0.9893657648279564,-1.9589374311041974,1.019684653149813,-1.858554532772693,-1.820359195425943,1.901545027344243,1.0393853995489377,-1.8436329202515112,1.0335061034282351,-1.8156316307727864,0.8686568515556573,-1.6301101970292156,-2.3571097356851087,-1.9784860765038805,-0.6087161148758821,0.0030472669053634893,1.2133334344975362,-2.1124992263593514
0.36641405439646985,0.0,-1.3032873655147015,-0.08831589197240057,-1.1764317495681444,-0.29097032758617625,-1.130003401832797,-0.21686005248319953,-1.1263647530955074,-0.3901912031908984,-0.8601651551399159,-0.30065959803830994,-2.2925564367835807,1.8461352047833706,0.9831314533213885,1.0371291428385514,-0.6403609250264084,-0.004422628230274487,-0.6263772979920579,0.06053643203586897,-0.5804082500221848,-0.016585487377992546,-0.5990297079625402,0.024837848858170596,-0.6876423712133758,0.11552342982327836,0.8686568515556573,1.8856444271248096,-0.636168892471097,-0.006986190900746646,-0.6087161148758821,0.0030472669053634893,-0.6823738376196543,-0.03477216171244021
0.36641405439646985,0.0,0.6403253602349652,-0.25157503645367707,0.7499827160172559,-0.5950857623729798,0.8841103638533642,-0.6232662542095438,0.955064643009499,-1.1531281973624548,0.7855326249395616,-1.1840922248699737,0.861402160326372,-1.0146895227129715,0.8323323529960839,-1.1614637762801359,0.9617418974349248,-0.6935259122795335,0.7651540936447454,-1.2064474229307436,0.6652630024097029,-1.1787615849430477,0.5419134204552278,-1.1751875026025225,0.7771582496151137,-1.1482244418307863,0.02913003498097581,-1.09768431674733,-0.198447588999613,-1.267149202779414,0.1776126901499914,-1.3701331100522287,0.05496150587032698,-1.5602393725762023
0.36641405439646985,0.0,0.4779458008733875,-0.5872111603817028,0.7499827160172559,0.4807865069565159,0.5296867645055705,0.14936889277819823,0.6446402628743982,-0.2657346542163212,0.749763542801505,-0.3876869072343323,0.7103280137566663,0.3208284217038808,0.6362213248357301,0.39088532300365925,0.4875077279542033,1.1280232485548767,0.542820505904013,0.8100565992515009,0.6293870883893541,0.5123390020566638,1.0393853995489377,0.6763922907544078,0.28928150299320254,1.1204772118068644,0.2712338719084598,1.0635731021319945,0.7560894590974707,1.1479973020809935,0.14121923036158815,1.3412089876622209,0.3102374471336279,1.0910442482664886
0.36641405439646985,0.0,0.6677382572750129,0.343737934538274,0.416385523011832,0.690546165667347,0.3155461889378177,0.9030690536863523,-0.1279447003718579,1.3872954998220508,-0.30177991613682303,1.5778285207517886,-0.5042322389703086,1.7229921038294198,-0.7944082332150435,1.667525375533774,-1.162199411117776,1.786382014754929,-1.4847163024149863,1.5866935217998779,-1.7091603946421343,0.9330425678506918,-1.8672940743850253,0.6514668906944845,-2.157090092923397,0.46021529658907,-2.759021974872723,0.10389514114979113,-2.05363902739275,-0.38789968379812817,-1.7815511319744766,-0.6320809685629236,-1.8187176477448619,-1.067402512841955
0.36641405439646985,0.0,-1.2696616853338631,-0.8963329831290379,-1.1764317495681444,-0.29097032758617625,-1.130003401832797,-0.21686005248319953,-1.1263647530955074,-0.3901912031908984,-0.8601651551399159,-0.30065959803830994,-0.6710672603350935,-0.18760717265594914,-0.3934596677581087,-1.3480626199369847,-0.26857137526993213,1.6141697154737076,1.019684653149813,-0.7510855188009681,-0.5804082500221848,-0.016585487377992546,-0.46250057705360875,-1.8436329202515112,-0.870514396644047,-0.20634218412626779,0.8686568515556573,-1.2199446838022863,-2.3571097356851087,0.36472039753086827,-0.6087161148758821,0.0030472669053634893,1.2133334344975362,-0.6018254321958751
0.36641405439646985,0.0,0.7138500178589342,-0.5153798585517219,0.6158079484892327,-1.0581228888191123,-1.3488972858875687,-2.001611202625397,0.955064643009499,-0.48613305055326944,0.044266397887666835,-1.6742595530397417,-0.11275610710035025,-1.6052679716975757,-1.3975889393559446,-2.268500006881053,-0.5507422543513169,-1.2208540060949178,-0.08138264658849588,-1.858554532772693,-0.7978295151289158,-0.8854986105471652,-0.8948619397748128,-0.6428414957754831,-1.0375862790775081,-0.3975651582264901,-1.5153357123629418,-0.1956998891474941,-0.9638360290190447,-0.235542172638718,-0.8985042673864146,-0.11559352522298864,-0.942806102663114,-0.0856141429843501
0.36641405439646985,0.0,0.5038458448759049,0.8027370046782561,0.09748687237882497,1.2325561274080081,-0.5354168770645853,1.515014243279645,-1.226002778287054,1.601092489646706,-1.6730584358370546,1.4148449440235435,-1.9303157547649885,1.0023558298075712,-2.0431936638335753,0.3867935279634986,-2.1443053089578132,-0.3037565702904158,-1.8784378605086105,-0.8683803585700673,-1.4224341380269692,-1.4781433956808943,-0.8430716382263749,-1.6304590902037874,-0.31620131890096975,-1.539534391759367,-0.05691438899815608,-1.0780136696251883,0.6518864910408624,-0.8085191843915568,0.8404338054916575,-0.12957457276864845,0.7747046858750607,0.5454538983608562
0.36641405439646985,0.0,0.23066492904561356,-0.06354804176768343,0.4867381792950108,-0.28549612245291767,0.5985291730167235,-0.20953776179381203,0.5385289922609653,-0.34159810221861814,0.5888026731802497,-0.05596118998201955,0.6763253857265417,-0.1724761293678006,0.6977149629575602,-0.13883976187808766,0.7086779370343391,-0.14073049058270187,0.6333703738363273,0.13501635238008924,0.6922608676609606,0.005434650931018717,0.6309448973974014,0.04785740873360188,0.6400171391556699,0.10967202998967228,0.29250750479198495,0.1519379280888559,0.5024227788077255,0.00975184312802396,0.5468459526775462,0.03104709761758909,0.5287366673178553,-0.003086823976574811
0.36641405439646985,0.0,-0.0098585325478588,-0.056494194319270406,-0.5186382661493537,-0.3427206621598882,-0.06753824929568995,-0.15076875162534237,-0.7202362493274986,-0.1329894382790244,-0.09015210611126287,-0.20424420772445004,-0.31513417121288595,-0.08840121948445913,-0.1270186262174791,-0.1573286135410357,-0.044125415543189016,-0.004422628230274487,-0.10446043514350487,0.20095631793091143,-0.13685299783235244,0.21733052889238405,-0.21075809578447016,0.1334520546665164,-0.3098330695447958,0.3039269175350304,-0.72827066395033,0.22692897422206124,-0.3365530916675375,0.10152516280284984,-0.2686255078877,0.0030472669053634893,-0.3587197350510864,0.11725512760777426
0.36641405439646985,0.0,-3.320424748888337,-2.3564340425875225,-2.153008298752007,1.830814607785369,0.8841103638533642,-2.1237065861778666,0.955064643009499,0.7448921740778303,-0.8601651551399159,-0.30065959803830994,-0.28259088344156486,-2.221349550095269,0.9831314533213885,2.0076423071788714,-0.6403609250264084,-0.004422628230274487,1.019684653149813,1.9796273968444311,1.0728596771828265,1.901545027344243,-0.5990297079625402,0.024837848858170596,-1.9187454521550271,2.046678490419343,-0.4506448074638437,-1.6301101970292156,1.0847719507429148,-1.9784860765038805,0.6077457364422401,-1.8837337783928574,0.21939515465377207,2.0429549029344707
0.36641405439646985,0.0,-1.3032873655147015,-0.08831589197240057,0.7499827160172559,0.8065017123854018,-1.130003401832797,-0.21686005248319953,-0.8975948481696061,-2.4992667662238954,-0.8601651551399159,-0.30065959803830994,-0.6710672603350935,-0.18760717265594914,-2.15590061006963,-0.6425851957111957,-1.5482979612111734,-1.632474823580166,0.6401027672164975,1.2723848035835315,-0.5804082500221848,-0.016585487377992546,0.2766703987001945,0.6912840027842119,-2.241873866784243,0.9812216203872822,0.8686568515556573,-1.6301101970292156,-2.3571097356851087,1.6012254107822979,-0.6087161148758821,0.0030472669053634893,-0.6823738376196543,-0.03477216171244021
0.36641405439646985,0.0,0.6768557182478617,-0.06849253933602441,0.7134386336051007,-0.3719800764186619,0.8350666936589062,-0.3255312364384586,0.8707043095853633,-0.5372148606899286,0.8999154651365084,-0.392046383347367,0.8646937833545624,-0.4133932513992624,0.8790568452596593,-0.4342283943011118,0.8951186703536783,-0.23081407784716101,0.6852377859168076,-0.30792903320737497,0.8789974800387665,-0.3500908399727476,0.8142180113236352,-0.32529488856529265,0.8353502795427465,-0.2647016900574809,0.50874656201829,-0.24377783363280034,0.7155613022397809,-0.47746492360107856,0.7318286101173562,-0.4327048155062606,0.7265726782360051,-0.5313904847043449
0.36641405439646985,0.0,-0.40679082684812284,0.9197265388869842,-0.14204350227206372,1.6348253333050995,-1.5775797628435755,1.6899864812114676,-1.8201676136991891,1.4845449740335024,-2.637952537747108,0.37522141254673547,-2.2925564367835807,-0.41357628821323195,-2.15590061006963,-0.6384284515434134,-1.7268508173516175,-1.5246051516095542,0.28810887958431997,-1.858554532772693,-0.9477974488056824,-1.5084690391186528,0.6752967943577373,-0.3903737254533829,-0.11393195016108759,0.11552342982327836,0.7127161751629343,0.9191459021717471,0.3525804595890815,1.6560331076020651,-0.22139070136156364,1.8898283122035844,-1.735552969717081,2.0429549029344707
0.36641405439646985,0.0,0.7138500178589342,0.45984290266826217,0.7499827160172559,0.7400049725108575,0.8841103638533642,1.1746230685498098,0.955064643009499,1.7188843598420989,0.917622227467276,1.72700371034991,0.9504219161133939,1.8461352047833706,0.9831314533213885,1.512470158191814,0.9893657648279564,1.9500921746436486,1.019684653149813,1.9796273968444311,0.6507473100088429,1.901545027344243,0.8697602834682745,1.8933086179678522,0.4247014649780045,2.046678490419343,-0.3532412529962063,1.8856444271248096,-0.449980302643773,1.9645136947023873,-0.9114720519087193,1.8898283122035844,-2.225157286886788,2.0429549029344707
-2.729152956884052,0.0,-1.3032873655147015,-0.08831589197240057,-1.1764317495681444,-0.29097032758617625,-1.130003401832797,-0.21686005248319953,-1.1263647530955074,-0.3901912031908984,-0.8601651551399159,-0.30065959803830994,-0.6710672603350935,-0.18760717265594914,-0.5863845783741207,-0.1573286135410357,-0.6403609250264084,-0.004422628230274487,-0.6263772979920579,0.06053643203586897,-0.5804082500221848,-0.016585487377992546,-0.5990297079625402,0.024837848858170596,-0.6876423712133758,0.11552342982327836,0.8686568515556573,-1.6301101970292156,-0.636168892471097,-0.006986190900746646,-0.6087161148758821,0.0030472669053634893,-0.6823738376196543,-0.03477216171244021
0.36641405439646985,0.0,-0.3534173716840565,0.42770366847404584,-0.3610190345751563,0.4219069749999555,-0.613161668420071,0.691161198396864,-1.0878166806796428,0.6531895685971556,-0.897783136155884,0.7936297362326447,-1.2244328715816686,0.44726618530928336,-1.2341238446548572,0.5471529240612222,-1.4810880325215796,0.13000889991139392,-1.4494082735629932,-0.16284575626784764,-0.8253398934376073,-0.29567347727007776,-0.8417609061403657,-0.6869560906341627,-1.0883257361099428,0.12064099073385792,-1.0395583339576313,-0.430165565032326,-0.3630039524277368,-0.43466366108463456,-0.17527140318143192,-0.4561763717097705,-0.17584085450994102,0.05317802493406354
0.36641405439646985,0.0,-2.62703377335365,0.26607756906121227,-1.056030845469057,-0.29097032758617625,-1.130003401832797,-0.09768214412728285,0.17452861947012163,-0.2583739805013361,-0.5268300209010675,-0.30065959803830994,-0.7217387970991086,0.0030561752289870936,-0.48828982639315144,-0.1573286135410357,-0.38571612973666386,-0.309815566179325,0.0937748056325106,-0.6591226797673417,-0.5804082500221848,-0.1964102231332021,-0.5990297079625402,0.024837848858170596,-0.6338564813808254,-0.789705504831127,-1.0484437862038665,0.12776711504779698,-1.8730951235311681,0.05462318052435129,-0.6631842958331426,0.0030472669053634893,-0.6823738376196543,0.1600147505982077
-2.729152956884052,0.0,-1.3032873655147015,-0.08831589197240057,0.7499827160172559,1.830814607785369,-1.130003401832797,-0.21686005248319953,0.955064643009499,1.7188843598420989,-0.8601651551399159,-0.30065959803830994,0.9504219161133939,-2.221349550095269,-0.5863845783741207,-0.1573286135410357,-0.6403609250264084,-0.004422628230274487,-0.6263772979920579,0.06053643203586897,-0.5804082500221848,-0.016585487377992546,-0.5990297079625402,0.024837848858170596,-0.6876423712133758,0.11552342982327836,0.8686568515556573,-1.6301101970292156,-0.636168892471097,-0.006986190900746646,-2.351697905508221,1.8898283122035844,-0.6823738376196543,-0.03477216171244021
0.36641405439646985,0.0,0.7138500178589342,0.5478005245491165,0.7499827160172559,-0.23841371473702308,0.8841103638533642,-0.06881248760714559,0.955064643009499,-0.2991424111347639,0.895613219670599,0.3738628781301154,0.9504219161133939,-0.07597505355830488,0.9831314533213885,-0.06241628837667497,0.9201023805091458,-0.4851941794412021,0.7624216308058499,-0.10581037279373716,1.0728596771828265,0.06301692898298022,1.0382876614269052,0.5363504066096371,1.0335061034282351,-0.6387084906431207,0.7976919701414055,0.08955086228324273,0.8566956607917618,0.4535561823761455,1.0397612030683716,-0.41244078707975773,0.8409217408901142,-0.1870487782804123
0.36641405439646985,0.0,0.6027057480350468,-1.2067476332222233,0.7499827160172559,-0.36930662740009373,0.8619148301555026,-1.876808096995081,0.7486492897977656,1.0216661602146506,0.917622227467276,-0.5055346987178556,0.9504219161133939,-0.44168260786944336,0.9831314533213885,-0.48244229670554417,0.9893657648279564,-0.3500003905264128,1.019684653149813,-0.3327044975630534,1.0728596771828265,-0.4664254556906512,1.0393853995489377,-0.471633519201963,1.0335061034282351,-0.46096497886585897,0.8686568515556573,-0.45767634496633125,1.0847719507429148,-0.7350808136528402,1.134265675756457,-0.7656273309491317,1.2133334344975362,-0.9643264731648218
0.36641405439646985,0.0,0.5586918103298342,0.26213104347914196,0.4879710845529856,0.34040921563233445,0.3318806515775326,0.4846687872630685,0.3428746290270945,0.808396439280754,0.16115591829408965,0.9710705523496977,0.030551106314166993,1.3311102851206371,-0.08876952052505954,1.3082917506587197,-0.32862680379106546,1.4969965530414158,-0.5492428349615498,1.5223272108401986,-0.7798584927601974,1.4597803884985647,-0.9017924356795862,1.3575619943410333,-1.1917839709206501,1.3844467970397405,-1.8780758898094665,1.15705701758825,-1.4415519976868223,0.9813464167509606,-1.535041217325345,0.7715709222762348,-1.7483489938038717,0.6944061516253932
-2.729152956884052,0.0,0.7138500178589342,-2.3564340425875225,-1.1764317495681444,-0.29097032758617625,-1.130003401832797,-0.21686005248319953,0.955064643009499,1.7188843598420989,0.917622227467276,-2.32832290642653,-1.8365126059074437,1.8461352047833706,-0.5863845783741207,-0.1573286135410357,-2.270087614880773,1.9500921746436486,1.019684653149813,1.9796273968444311,-2.233676177227196,1.901545027344243,1.0393853995489377,1.0758526564823667,-2.4087908458549867,2.046678490419343,0.8686568515556573,1.8856444271248096,1.0847719507429148,-1.9784860765038805,1.134265675756457,1.8898283122035844,1.2133334344975362,2.0429549029344707
0.36641405439646985,0.0,0.4740123829758089,-0.08831589197240057,0.6501366542659645,-0.34919210621277147,0.7551668005741362,-0.2401235801942745,0.7520003911254947,-0.3516162111430249,0.7441812904201184,-0.26357363612788937,0.8515435061335651,-0.16899842990237934,0.9161445090886241,-0.15072545223283998,0.9893657648279564,0.04920925796058596,0.9243282843201642,0.03712352226520451,0.9216517925606559,0.03019771587608277,0.899513901820683,0.12737952466690994,1.0282566005805782,0.20972517367915441,0.6641529239106827,0.16689746401463126,0.9273747012225615,0.01105303305252203,1.134265675756457,0.10659381067132985,1.167097134130598,-0.06012043190113252
0.36641405439646985,0.0,0.7138500178589342,-0.6338209883768436,0.7499827160172559,-0.7206954305469754,0.6291638433928098,-0.4099664009504585,0.7179482062052167,-0.36349030656290066,0.917622227467276,-0.06966819394672392,0.8272698131621313,-0.05889161758781459,0.7447219681068405,-0.23953255940077053,0.39110939424931757,-0.7219054672172629,0.8113261313742749,0.03624074042139258,0.9682243500700212,0.10481299289877773,1.0393853995489377,0.4978599087659776,0.37989997018308336,-0.6178327044380773,0.5646319008676618,0.030380711958730485,1.0847719507429148,-0.131762418660569,0.317940154113801,0.05082056297231444,0.9013758457979313,-0.08738021098929999
0.36641405439646985,0.0,0.5244004748124823,-0.12589860972809314,0.713804652353562,-0.3331726299507163,0.7973222016899476,-0.2863836771017071,0.6583776968886914,-0.3878712200715621,0.7349367960305611,-0.3678766367113794,0.7730472151016938,-0.21681171319597775,0.8357225076245463,-0.2554017962496475,0.8488996214294087,-0.021700539087679965,0.7031963218037653,-0.1875636478945819,0.8865198491075494,0.006719798375882612,0.9108517343646624,-0.01851067298517402,0.879463314947811,0.07498848510136695,0.6538822118487762,-0.008644164369379198,0.7919194474531864,-0.3468333411810149,1.0649298601251025,-0.06783909696649067,0.9745311894289338,-0.37225736882303795
0.36641405439646985,0.0,-3.320424748888337,-1.441860760714987,-1.1764317495681444,-0.29097032758617625,-3.144117167518958,1.0133610571952516,-2.9392273142210845,1.7188843598420989,-0.8601651551399159,-0.30065959803830994,-0.6710672603350935,-0.18760717265594914,-0.5863845783741207,-0.1573286135410357,-0.6403609250264084,-0.004422628230274487,-0.6263772979920579,0.06053643203586897,-2.233676177227196,-1.934716002100228,-0.5990297079625402,0.024837848858170596,-0.17406887786506553,0.56716266384488,0.8686568515556573,1.0350603321301053,-0.636168892471097,-0.006986190900746646,-0.6087161148758821,0.0030472669053634893,-0.6823738376196543,-0.03477216171244021
0.36641405439646985,0.0,0.514476158886284,0.28835048930025275,0.35119565749642206,0.5021316634063536,0.3400982357415321,0.7463834740126616,0.11799699707190975,1.1493706855562986,-0.07255201102345173,1.3448297299848984,-0.2752293225804887,1.5917750456370348,-0.48533913625356384,1.683719358020759,-0.8458857578839422,1.7037451288894192,-1.09943904213072,1.5884590854875018,-1.3514097478742417,1.247922873147494,-1.5351381796392232,1.030168546177635,-1.8607599600443514,0.8870391880820121,-2.5320372593619953,0.5819147186228932,-1.8815965712966451,0.21417666626621293,-1.8545123497303464,-0.10119738584736321,-1.9657487037702712,-0.44832295665976135
0.36641405439646985,0.0,0.7138500178589342,2.1798022586427215,0.7499827160172559,-2.4127552629577216,0.8841103638533642,-2.1237065861778666,0.955064643009499,1.7188843598420989,0.917622227467276,1.72700371034991,0.9504219161133939,1.8461352047833706,0.9831314533213885,-2.3222995342609427,0.9893657648279564,1.9500921746436486,1.019684653149813,1.9796273968444311,1.0728596771828265,1.901545027344243,1.0393853995489377,1.8933086179678522,1.0335061034282351,2.046678490419343,0.8686568515556573,1.0067057710863032,-0.636168892471097,-0.006986190900746646,1.134265675756457,-1.8837337783928574,1.2133334344975362,-2.1124992263593514
0.36641405439646985,0.0,0.7138500178589342,0.11787872910002019,0.6624271785563994,-0.4838617960608035,0.42636272832587047,-0.21686005248319953,0.955064643009499,-0.3901912031908984,0.8368217909277791,-0.30065959803830994,0.9504219161133939,-0.09517358160133206,0.8404467508799497,-0.25572654188775545,0.9893657648279564,-0.004422628230274487,1.019684653149813,0.06053643203586897,0.847420062629151,0.15779175771540588,0.6670227980648042,0.1947005264779318,0.8770364955985661,0.20329442732736952,0.7012580975447379,0.17869282077866802,1.006555189418838,0.17224286369943428,0.8965926787858313,-0.16847999792269777,0.954834790871636,0.059660533375761896
0.36641405439646985,0.0,0.7138500178589342,0.02667769826378612,0.7499827160172559,-0.06124467263349905,0.8841103638533642,0.15493688465658662,0.955064643009499,0.2099040667588803,0.917622227467276,0.4054944257409716,0.9504219161133939,0.590522998376109,0.8979852086019071,0.7710325669728678,0.8121492845731928,0.9804769260859241,0.6230824866416905,1.1889811102529515,0.7528531371930244,1.1335639318597543,0.7047882662929439,1.1974527341360248,0.4593826067420329,1.350342598669614,0.06554257870719535,1.3483492266884705,0.2163507824402602,1.4259787859510353,0.2109559318047881,1.3556617304692051,-0.049567793114214956,1.528572013539835
0.36641405439646985,0.0,-1.3032873655147015,-0.08831589197240057,0.7499827160172559,-0.017493467266137784,0.6513593770906715,-0.2549969831570929,-1.1263647530955074,-0.3901912031908984,0.917622227467276,-1.161281012650606,0.9504219161133939,0.21011148667608426,0.9831314533213885,-0.27278651274302834,0.9893657648279564,-1.598446720862131,-0.6263772979920579,0.06053643203586897,1.0728596771828265,-0.09331070796688196,1.0393853995489377,-0.3239495896115337,-0.6876423712133758,0.11552342982327836,0.8686568515556573,-1.6301101970292156,-0.636168892471097,-0.006986190900746646,1.134265675756457,0.22527233842058794,1.036407074790839,-0.23331976001009905
0.36641405439646985,0.0,-1.3032873655147015,-0.08831589197240057,-3.102846215153545,-2.4127552629577216,-3.144117167518958,1.6899864812114676,-1.1263647530955074,-0.3901912031908984,-2.637952537747108,1.72700371034991,0.9504219161133939,1.8461352047833706,0.9831314533213885,-2.3222995342609427,-0.6403609250264084,-0.004422628230274487,-0.6263772979920579,0.06053643203586897,-2.233676177227196,-1.934716002100228,-2.237444815474018,1.8933086179678522,1.0335061034282351,0.9604037688340566,0.8686568515556573,-1.6301101970292156,-0.636168892471097,-0.006986190900746646,-2.351697905508221,-1.8837337783928574,-2.578081109736845,2.0429549029344707
0.36641405439646985,0.0,-0.050221451589165196,-1.5316555582978397,-1.1764317495681444,-0.29097032758617625,-1.130003401832797,-0.21686005248319953,-0.40889604025811166,0.21696946989504087,-0.09921882176255953,0.49811808566814547,-0.7939112803428308,0.8677830966924114,-0.01564576860836573,0.5233165942240959,-1.516958316965274,0.6396877250568268,-0.42685812889415176,-0.22297087619529987,-0.5490953554809219,-1.041039813985991,-1.5423635902633488,0.35748169988276723,-0.18563499561465716,-0.41116048985308634,-0.6005497089454271,-0.8843483261536639,0.10696778244557761,0.4709448113671651,-0.2918071657031101,-0.03983926625426507,-0.3592505330872792,-0.9004986977388686
0.36641405439646985,0.0,0.02489674456766888,0.9009692017813972,-0.31569050219993183,1.2962096754691546,-1.02287269063595,1.4059807584829838,-1.7929841457860576,1.342182373528775,-2.0735583773908024,0.7619981886217884,-2.036539510714129,-0.04298775219623909,-1.886116499381489,-0.7791732110994145,-1.4068539817987133,-1.4062983705915957,-0.7047133862468995,-1.5899201795187905,-0.19532908441759364,-1.4804259709934136,0.3293454444066885,-0.9491585936633242,0.5911709454453411,-0.24454043122485797,0.36913216202455135,0.5446125620606189,0.14143822753515425,1.1575985065238805,-0.2505507867188426,1.4514158685180898,-1.0337052663611335,1.510142574476417
0.36641405439646985,0.0,0.4261255414945188,-0.08661480335943922,0.4018218296520066,-0.4114028405178652,0.431357730464772,-0.29660437452231053,0.6286340708183509,-0.19959404455960644,0.6733186853493957,-0.05837410931900153,0.7566701744195642,-0.31215355585033305,0.6432056711767751,-0.08133813422376696,0.7240299624527672,-0.1372514542335863,0.7492366745772036,-0.21178257587046595,0.8765341108272311,0.006336172272938168,0.8839817266014741,0.06669159408622746,0.6838720022895383,0.07802039854650278,0.5200265348030427,0.06311238750960445,0.880410225611251,-0.13361562855303594,0.6799749018460443,-0.03359402099432796,0.8169220868251105,-0.22563216987090545
-2.729152956884052,0.0,-1.3032873655147015,-0.08831589197240057,-1.1764317495681444,-0.29097032758617625,-1.130003401832797,-0.21686005248319953,0.955064643009499,1.7188843598420989,0.917622227467276,1.72700371034991,-0.6710672603350935,-0.18760717265594914,-0.5863845783741207,-0.1573286135410357,-1.2515084337217952,-1.9589374311041974,-2.2724392491339285,-1.858554532772693,-0.5804082500221848,-0.016585487377992546,-0.5990297079625402,0.024837848858170596,-2.4087908458549867,-1.8156316307727864,-3.0892283360769075,-1.6301101970292156,-2.3571097356851087,1.9645136947023873,1.134265675756457,0.0030472669053634893,-0.6823738376196543,-0.03477216171244021
-2.729152956884052,0.0,0.7138500178589342,2.1798022586427215,0.7499827160172559,-2.4127552629577216,0.8841103638533642,-2.1237065861778666,0.955064643009499,1.7188843598420989,-0.8601651551399159,-0.30065959803830994,0.9504219161133939,-2.221349550095269,-0.5863845783741207,-0.1573286135410357,-0.6403609250264084,-0.004422628230274487,-0.6263772979920579,0.06053643203586897,-2.233676177227196,1.901545027344243,1.0393853995489377,1.8933086179678522,-0.6876423712133758,0.11552342982327836,0.8686568515556573,1.8856444271248096,-0.636168892471097,-0.006986190900746646,-2.351697905508221,-1.8837337783928574,-0.6823738376196543,-0.03477216171244021
0.36641405439646985,0.0,-0.7926288655398319,0.7270499019922295,-1.1764317495681444,-0.29097032758617625,-1.7265838992290377,-2.1237065861778666,-1.1263647530955074,-0.3901912031908984,-0.7251422034308996,-0.4495306381401731,-0.6710672603350935,-0.18760717265594914,-0.5863845783741207,-0.1573286135410357,-0.6403609250264084,-0.004422628230274487,-0.6263772979920579,0.06053643203586897,-0.5678599464546988,1.2896805744529969,-0.9267127294648357,0.6539706415250915,-0.8662975828811749,0.8048685402536496,-1.0000586397850584,-1.6301101970292156,-0.636168892471097,-0.006986190900746646,-0.49840279734676124,-1.8837337783928574,-0.6823738376196543,-0.03477216171244021
-2.729152956884052,0.0,-1.3032873655147015,-0.08831589197240057,-1.1764317495681444,-0.29097032758617625,0.8841103638533642,-2.1237065861778666,-1.1263647530955074,-0.3901912031908984,-2.637952537747108,-2.32832290642653,-0.6710672603350935,-0.18760717265594914,-0.5863845783741207,-0.1573286135410357,0.9893657648279564,1.9500921746436486,-2.2724392491339285,-1.858554532772693,-0.5804082500221848,-0.016585487377992546,-0.5990297079625402,0.024837848858170596,1.0335061034282351,2.046678490419343,0.8686568515556573,1.8856444271248096,-0.636168892471097,-0.006986190900746646,1.134265675756457,1.8898283122035844,-0.6823738376196543,-0.03477216171244021
0.36641405439646985,0.0,0.5657316197978082,0.006355359634274622,0.5432013872813191,0.04355028532450155,0.604108268147674,0.16052394500031203,0.6152712940953567,0.3801697369625341,0.573069254844176,0.5144204986675867,0.5648480048457082,0.6371160362432439,0.45869336649065107,0.8896513237191114,0.3391211128429634,1.0070778725530383,0.2524880989616097,1.0619180974729765,0.22035207051956232,1.0232714272632257,0.09805038367929324,1.065277111929206,-0.11381146976786274,1.1829500780171471,-0.5764066093008684,1.0807827210172283,-0.25227861857534734,1.0467410679564164,-0.3592605610005817,0.9299095875976615,-0.46298363501753187,0.9328461095642727
0.36641405439646985,0.0,0.7138500178589342,-0.04955375277838813,0.6770679284948483,-0.3576368102555502,0.8841103638533642,-0.2823792993809483,0.955064643009499,-0.4971424249923017,0.900306578360682,-0.44446147986920254,0.9370122006241649,-0.3706846614730367,0.9831314533213885,-0.4978135902426555,0.9893657648279564,-0.2830778036760097,0.9918662061755152,-0.16616578363696644,1.0728596771828265,-0.3718040773994033,1.0393853995489377,-0.3352538377646473,1.015795485624173,-0.3109335422081506,0.7991959665127057,-0.22807998923595263,0.9918239358009262,-0.3445661163125713,1.0721458047383206,-0.42262940472436816,0.9671000169222346,-0.5187994586925846
0.36641405439646985,0.0,0.6519844143108648,-0.0684471769730121,0.7499827160172559,-0.27308368058099414,0.8570809571178559,-0.23140929153528986,0.9106885682845403,-0.45017331220355683,0.914422210178583,-0.37183058016273646,0.9504219161133939,-0.2134560382732029,0.9831314533213885,-0.2132065130048165,0.9893657648279564,-0.02738817716404308,0.9947468145900136,0.06101620477707111,1.0728596771828265,-0.06668705642253733,1.0393853995489377,-0.06380240442839272,0.9649871826527526,0.02810004023009451,0.8525878376938691,0.06671603599936234,1.0334879136151371,-0.05583995806599231,1.134265675756457,-0.06968814239088292,1.1833812595980844,-0.12020829861072117
0.36641405439646985,0.0,-0.5594477840218397,-2.3564340425875225,-3.102846215153545,-2.4127552629577216,-1.2843046574220136,1.6899864812114676,0.955064643009499,1.6142953026712925,0.46601089866357104,-1.08556806471539,-2.2925564367835807,-1.8006292644743969,-0.7382666447612952,2.0076423071788714,0.15305521666229055,0.9044658454021571,-0.1036703254069568,-0.46646513781021026,-0.8175364688211996,-0.4038176756901174,-0.7952463012381148,0.15366890838828315,-0.6356464757944527,0.24373281429625107,-1.0421507487555306,0.1069186901265636,-0.6431042840692494,-0.03994966898803105,-0.6219802063025941,0.005084990434285568,-0.6820894815288367,-0.028019548752337742
0.36641405439646985,0.0,-0.2924594799585052,-0.16987742066852035,0.0010698283762756128,-0.2623686666573678,0.05582621885258725,-0.18686535650818242,0.09909761815527611,-0.3380548552727227,0.32636569975977614,-0.309763806292973,0.4912972558020047,-0.2835794754473106,0.4576104004287812,-0.13786552496376372,0.2935213600608383,0.04389297769676889,0.43893753616744957,-0.08178335391433399,0.3595406973109523,0.2549642495912343,0.3435177350866629,-0.04235235999901356,0.11298426473566232,0.2109997360191478,0.009558292728132866,0.14225202409931156,0.18368732523605827,-0.07788132678703535,0.3430739515347195,0.2023290809097616,0.4678275926647298,-0.20286028124237532
0.36641405439646985,0.0,0.7138500178589342,2.1798022586427215,-1.1764317495681444,-0.29097032758617625,0.8841103638533642,-2.1237065861778666,-3.207794149200514,-2.4992667662238954,0.917622227467276,1.72700371034991,0.9504219161133939,-2.221349550095269,-0.5863845783741207,-0.1573286135410357,0.9893657648279564,-1.9589374311041974,1.019684653149813,1.9796273968444311,-0.5804082500221848,-0.016585487377992546,1.0393853995489377,-1.8436329202515112,-2.4087908458549867,-1.8156316307727864,0.8686568515556573,1.8856444271248096,-2.3571097356851087,1.9645136947023873,-2.351697905508221,1.8898283122035844,-0.6823738376196543,-0.03477216171244021
-2.729152956884052,0.0,-3.320424748888337,-2.3564340425875225,0.7499827160172559,1.830814607785369,0.8841103638533642,-2.1237065861778666,-3.207794149200514,1.7188843598420989,0.917622227467276,-2.32832290642653,-2.2925564367835807,-2.221349550095269,-0.5863845783741207,-0.1573286135410357,0.9893657648279564,1.9500921746436486,-2.2724392491339285,-1.858554532772693,1.0728596771828265,-1.934716002100228,1.0393853995489377,-1.8436329202515112,1.0335061034282351,2.046678490419343,0.8686568515556573,-1.6301101970292156,1.0847719507429148,-1.9784860765038805,-2.351697905508221,1.8898283122035844,1.2133334344975362,-2.1124992263593514
0.36641405439646985,0.0,0.6262860840466848,0.09637696903218881,0.7015719204970948,-0.41121187987368174,0.8270102385961615,-0.3786369124018551,0.8738264536795206,-0.5285676508814934,0.823701720044138,-0.2747257843240246,0.8764171501002849,-0.5291742049468828,0.8985659295336345,-0.579432993953796,0.9833357760754952,-0.635105464821632,0.8607244505280424,-0.628455606149701,0.9311415504628128,-0.5405420187795184,0.877837669948306,-0.5320972332903523,1.031767743468847,-0.6713643227178002,0.6162229342884523,-0.4802123321071585,0.9481120383832902,-0.6106397408735703,0.8545345281778729,-0.7339482771985746,0.8752529995881564,-0.8902347260395128
0.36641405439646985,0.0,-1.2255872335071492,-0.030070617864604233,-1.1681866956554392,-0.29097032758617625,-1.089781549932044,-0.25493977776108206,-1.0818221640188603,-0.49549734605313595,-0.9463878431963647,-0.3266947949180147,-0.6479286097871735,-0.2340171737091144,-0.5863845783741207,-0.22836130944985583,-0.7170884575847518,-0.060184935556267506,-0.6545578785956068,0.1289712158409423,-0.5450283163799976,-0.00837588877498138,-0.5148807080407507,-0.017800654092912344,-0.5992441855557826,0.1513270446467294,-1.031246775063603,0.1553482100742853,-0.6018017038321132,0.0070706032836036995,-0.6534758872593205,-0.03193365367446553,-0.7094255803927667,0.006720047768558613
0.36641405439646985,0.0,0.40234349174454376,-0.2829204292951781,-1.78797202166823,-2.000131746576017,-1.3104881363759338,-1.292988893773785,0.5522664262752581,-0.29367990542650846,0.7312034425270859,-0.31613066908131204,-0.9709454686274767,1.113296476496886,-0.9005859927592447,-1.6309160707290404,0.7563311454456808,-0.22614278746829233,0.6572053508888616,-0.24131738581886972,-0.6954591650763815,0.9580166271523752,-1.1581880158540574,1.5370659811294005,0.6708945427907406,0.04372308467031667,0.2924283470882322,-0.3167648996302379,0.704168673857704,-0.28514510976049284,-0.9809124464475119,-1.4718494762042555,-1.0329659405250076,-1.2786450235046065
0.36641405439646985,0.0,0.5033213891562279,0.7716864671963352,0.1202570913620443,1.1823546958371174,-0.40661430174895524,1.4744365490426223,-1.2136390876741903,1.5785253811222526,-1.551280000128462,1.410972107104522,-1.7619078888990485,1.0748994204108318,-1.8840604333799675,0.49986995915269933,-2.0443704683359436,-0.10928234740446047,-1.8372863117300637,-0.5972319961522656,-1.4364373173703955,-1.2143237246859981,-0.9828775993503294,-1.355121237667785,-0.5686938001308941,-1.3107504517305513,-0.4467265011280875,-0.9673201352836988,0.2658450410910953,-0.8367116327556817,0.458285047895517,-0.324177169780707,0.4564343919593056,0.14515900208598229
0.36641405439646985,0.0,0.7138500178589342,0.09342841543638918,0.6878558495021267,-0.3011973309746671,0.8173022102455542,-0.23062748445647505,0.7048768295976774,-0.47293023752868285,0.917622227467276,-0.27188705569228105,0.8885783189236487,-0.21681171319597775,0.9195189685567696,-0.19350527762626535,0.9648709726794452,0.015161610094522222,0.8740410917127802,-0.10926473653039259,0.9904608036909285,-0.06193009274602619,0.9515008131820221,-0.023574228769461258,1.0019058174338151,0.15420446568701754,0.7454083068127793,0.07443311739938041,1.0847719507429148,-0.12218092921653778,1.0083178115653642,-0.06231082850376687,1.065961151163146,-0.11108707679692124
0.36641405439646985,0.0,0.4671944586200059,-0.2732128836105453,0.43066025420181986,-0.135294966877966,0.5776226721289011,-0.1391369877698049,0.47995756905457027,-0.4360425059312358,0.5118244795133583,-0.4163783430480257,0.6640182828772976,-0.40314318981696823,0.47986613775822345,-0.1690844056405448,0.79449934452207,-0.4133853055836142,0.7468334241285364,0.12311798839827617,0.8482301639134813,-0.1312513295480878,0.9948696610778509,-0.49812843470793833,0.7762632524082999,-0.24656814403848382,0.5461881558932941,-0.05172973728838678,0.841603009596775,-0.07127680217026484,0.7600997747614128,-0.20204583271855311,0.8166756448797353,-0.04605421967347293
0.36641405439646985,0.0,0.7138500178589342,1.3530278303804972,0.7499827160172559,1.830814607785369,0.4233415576773411,1.6899864812114676,-1.8201676136991891,1.7188843598420989,-2.637952537747108,1.72700371034991,-0.6710672603350935,1.8461352047833706,-2.15590061006963,2.0076423071788714,-2.270087614880773,-0.004422628230274487,-2.2724392491339285,-1.2188639414730549,-2.233676177227196,-1.79154674048136,-2.237444815474018,-0.5979795126091597,-1.261352792265664,-1.8156316307727864,-0.7296361343400632,-1.6301101970292156,1.0847719507429148,-1.9784860765038805,-0.6087161148758821,-1.8837337783928574,1.2133334344975362,-1.4199304639005963
0.36641405439646985,0.0,0.5994984995954827,0.3643778097088716,0.6754690044884125,0.5747815795934753,0.4916401554717588,0.8618239631625367,0.05353512867453759,1.1036670181053734,-0.1164100257523711,1.3869645735332057,-0.42883299226545385,1.6323685434907236,-0.5052876850164137,1.8708594444077875,-1.0435879026301753,1.6361775521540678,-1.3310728798954041,1.5104864195873298,-1.4111919161219748,1.1834545065476796,-1.6724373656486848,0.9670702883048009,-1.8726703074888713,0.7124820821547339,-2.6359911138151646,0.4023299724211056,-1.9338615447050547,-0.09371247086842852,-1.919420991613495,-0.3350827642225307,-1.9512086289931323,-0.7488246220196441
0.36641405439646985,0.0,0.41674585266183134,0.03475219887997596,0.7499827160172559,-0.11976350115104628,0.8841103638533642,1.6899864812114676,0.7775811584036253,-0.40653653880440416,0.6282162194526513,-0.22206736820518252,0.9504219161133939,0.3646148950901494,0.9831314533213885,2.0076423071788714,0.6861551141805518,0.08648185525139168,0.8665679704545961,0.2836883294238085,1.0728596771828265,0.9553312444317642,1.0393853995489377,-1.8436329202515112,0.699947529042691,0.19037499997198185,0.8686568515556573,1.386635794545508,0.8179572824110145,0.130565356117784,1.134265675756457,1.6505278722284111,1.2133334344975362,2.0429549029344707
0.36641405439646985,0.0,0.7138500178589342,1.1569263350783134,0.03229700686341485,1.830814607785369,-1.0905066308876912,1.6899864812114676,-2.1466814430661816,1.553469563433421,-2.324226398338417,0.8920930664879765,-2.2925564367835807,0.05166261804978684,-2.0943441913065324,-0.8789783705446024,-1.6948918769635735,-1.3457475019985616,-1.0136792144762286,-1.5951592978527178,0.003096132205551762,-1.934716002100228,0.621753388644262,-1.3307190094232124,0.8985164285620935,-0.30100740519668684,0.727637402320309,0.5123203558377643,0.6123564798722364,1.1140677890497634,-0.19860992935799895,1.7048482985225468,-0.9054037981842418,1.8392545415164876
0.36641405439646985,0.0,-0.3478097297582778,-0.32705800850614836,0.43753755384395987,-0.25371178412105194,0.5448329000235304,-0.16699601562708402,0.29777005401349904,-0.5011918500733251,0.35621474991375085,-0.30065959803830994,0.6237891364096106,-0.08535060591830014,0.6427819018482174,-0.03271288734439784,0.7320482177668507,0.9213919435950453,1.019684653149813,0.16153818951374357,0.6190376311650508,0.12978705220046122,0.552792496769104,0.1769500541713898,0.03704719403447446,0.5220895047305678,0.18431871318804877,0.28541355239486343,0.26959669212930176,-0.42204606181677445,0.43968743218947,0.18293297176409587,0.4061033638845942,0.16716213170059308
0.36641405439646985,0.0,0.5394281483186159,1.762150982388453,-2.582194177539779,1.830814607785369,-1.924893540598497,0.8459208630715233,-1.0138634942360318,0.2368369616988117,-1.1908158304310275,-0.5083125974503476,-0.7222738885273366,-0.37003386391225607,-0.5643956587700666,-0.23100257397313412,-0.622303553302822,-0.014918372721707452,-0.6207477661191527,0.062397950271733275,-0.5796146814171265,-0.015146889491950869,-0.5990788604157655,0.025192858304301433,-0.687694005667615,0.11556205292449027,-1.1103055316865633,0.12776711504779698,-0.636168892471097,-0.006986190900746646,-0.6087161148758821,0.0030472669053634893,-0.6823738376196543,-0.03477216171244021
0.36641405439646985,0.0,-2.396172399826537,0.2487491463905127,-1.8265195751245937,1.265889368742695,-0.0824225500241107,-0.48252191155754054,-0.4626177329715819,-0.5338403397890759,-0.4913987183657061,-0.6082561219208028,0.09699973276502603,-0.005017782009447008,0.2979906200053479,-0.4924661120684773,-0.3729390724882056,0.8790376078167674,-0.07089723195972218,0.12590067029724858,0.25389687676255196,0.12000458657537781,-1.6439617110801354,-1.1263269919903043,1.0335061034282351,1.3830370538455055,-0.29203255856946864,-0.5774229474650173,-0.8972356183866625,0.21275718634857868,-0.5669019817186122,1.0562484463908306,0.3153748138410654,-0.2213104975764399
0.36641405439646985,0.0,0.6069619079139653,-0.08908705214360971,0.6191213813700396,-0.35944032745061605,0.7869696569343206,-0.28228395705426357,0.863148720877502,-0.3386032149191113,0.8131594408652774,-0.26485106401217395,0.8303506425973834,-0.09226533000159383,0.888238514045078,-0.18895883869275354,0.9052229758307756,0.03474584841931893,0.9173654422668343,0.08726936917565223,0.9307778315188275,0.13066939223723345,0.8668602887279793,0.13971143174303383,0.9300306571327814,0.1771852109081107,0.7200184733341164,0.17245235632079461,0.9491618122976507,0.03721483653447561,1.0028274189248725,0.011386839125581626,1.0748899324148178,-0.04676064687545288
0.36641405439646985,0.0,0.2065803086881322,-0.15207269318619165,0.08883727142834655,-0.40083635153971486,0.493795257201043,-0.16325859642104246,0.6625613699748624,-0.3371479527806185,0.26805427361026013,-0.1236851444821861,0.4898865602184944,-0.02816177026470647,0.5605706521080066,-0.0452264192661589,0.6397893898541951,-0.5479927400575413,0.4596285348933028,0.032153076666350346,0.7206805433296148,0.11678212731064447,-0.031892318497442076,-0.323426417796183,0.43773055893104157,0.16980819857663373,0.09704734480075065,0.011096797845245658,0.28539492907000635,-0.42403727670123365,0.42006145722694976,-0.2621020733903955,0.38606573801831556,0.026707782130461898
0.36641405439646985,0.0,0.24238449724301434,0.3903931248964271,0.05522133900388116,0.5176843469826271,-0.15499106900178308,0.7842343777065007,-0.8141503436797564,0.07956319696344108,-0.6156660564099488,0.9071180516031333,-0.796359728999268,0.7183233693743959,-0.5863845783741207,0.8956266434602984,-1.0883890893342718,0.8167472210491755,-1.5504106348850584,0.7671073434590853,-1.1853555172657704,0.34525065291921,-1.2631285034901676,0.16661741081821327,-1.349991938709707,0.05316643291663143,-1.7819784374537477,-0.0917214461381388,-1.1101160006922357,-0.3956476783485485,-0.9566501399219096,-0.462006525139742,-0.9078492605652729,-0.6002879141680364
0.36641405439646985,0.0,0.6242689466633111,-0.09183147510585402,0.4883948957354144,-0.5719795244267838,0.7830421350912327,-0.22565061500353195,0.5972461155250874,-1.4694262595505134,0.7832392792159982,-0.0904314662246193,0.9504219161133939,-0.4773544491697291,0.9715798153281096,-0.21236217434573573,0.9217809989996958,-0.3077242353402499,0.7565287290207621,1.245364002799027,1.0728596771828265,-0.3296435686858086,0.8344524379014022,-0.13388874297769687,0.7880875424290879,0.08338900961495983,0.5546382407688896,0.09667026539715462,0.7823510163649164,-0.04379409376495716,0.7967198221825982,-0.033877038151122696,0.8107041669725662,-0.07713701656059072
0.36641405439646985,0.0,0.5859231650053782,0.7079523471640502,0.27327219236349265,1.101769303991706,-0.21215161767195637,1.4721483332021887,-0.8074273267303372,1.629797008059585,-1.2472783577026318,1.6520004445726297,-1.5877761662402456,1.5084729578571203,-1.8223941484946513,1.0993287573908344,-2.157701662348416,0.5041421234775202,-2.167766169660817,-0.06263082608554453,-2.0192142617101623,-0.8020407518516007,-1.665293875779935,-1.2357072708139851,-1.321007798396742,-1.5250121057036847,-1.2008817342055347,-1.4757861478019745,-0.16583576002070755,-1.6977839227917066,0.3469085114741106,-1.3103976221580869,0.7361459999601969,-0.9525665379789202
0.36641405439646985,0.0,0.7138500178589342,-0.08831589197240057,0.7499827160172559,-0.29097032758617625,-0.12294651898971631,0.7365632143641341,0.4347072939832474,-0.3901912031908984,0.7611947156716692,-0.05543399752183859,0.7731445044522807,0.1013876191781782,0.7778701466962498,0.19400286747339085,0.5819340923643652,0.48420607248820624,0.6081691653643452,1.0200819144401498,0.6595426953815735,-0.016585487377992546,1.0393853995489377,-0.44227984341924986,0.17293186610742967,1.0811009601213106,0.35302356931088674,0.591635780158679,0.654536739939412,0.48588878050003687,0.6050092550309474,0.5516099880153682,0.5970958715504012,0.5946336979810485
0.36641405439646985,0.0,0.7138500178589342,0.06689143307419224,0.7499827160172559,0.010556529579474004,0.8841103638533642,0.20470557918601745,0.955064643009499,-0.653825648570023,0.917622227467276,0.5001660256096176,0.9504219161133939,0.8085401812376042,0.9831314533213885,1.1197011337548088,-1.2515084337217952,1.9500921746436486,1.019684653149813,0.06053643203586897,1.0728596771828265,1.7481137674716112,1.0393853995489377,1.8933086179678522,1.0335061034282351,2.046678490419343,0.8686568515556573,1.8856444271248096,1.0847719507429148,0.48588878050003687,1.134265675756457,1.8898283122035844,1.2133334344975362,2.0429549029344707
0.36641405439646985,0.0,0.006782850864973654,-0.2674065011449706,-0.05402562533946676,-0.5960830012926045,-1.394436398129733,-0.6246201152484672,-0.5061820502320596,-0.2973286061505555,-0.18289927386188007,-0.8347258368346833,-0.20195422669678154,-0.8383437211652082,-0.5320950188377731,-0.5675256538898366,-0.31003162225982717,-0.5798513313443862,-0.37624172389653915,-0.49699787506031445,-0.4231328721071721,-0.6212761321441772,-0.4916152135140877,-0.4758188937247687,-0.6359390710351418,-0.369659967600877,-1.1111960558537808,-0.28023620908527763,-0.6811198672958468,-0.4235444017298329,-0.6909325659400094,-0.3544977411786494,-0.6570471884641688,-0.5999347005670465
0.36641405439646985,0.0,0.7138500178589342,0.0041779662096841,0.7499827160172559,-0.03673805662995772,0.8841103638533642,0.09126727889652174,0.955064643009499,0.19868378476354476,0.8945643251148606,0.32566532128972736,0.8327828763620561,0.5778731207884364,0.8437270393861933,0.7032256777359203,0.6950208273733595,0.8958073448254257,0.6677401473761696,0.9623940400380046,0.7322864841785941,1.062976728917976,0.5532840213013573,1.1109612222339376,0.4668523911219775,1.2688671666630662,0.055370813774979814,1.1998964876835667,0.2923131112597267,1.1942881193949548,0.18106379409544351,1.2037192528913394,0.08428809736997989,1.2670900624540213
0.36641405439646985,0.0,0.7138500178589342,0.07907122754299545,0.7499827160172559,-0.2184052827964694,0.8841103638533642,-0.32293792515263386,0.955064643009499,-0.20535182084668654,0.917622227467276,0.09779651869305916,0.9504219161133939,0.22581197782991577,0.9831314533213885,0.11946291867300442,0.9893657648279564,0.2019936801012405,1.019684653149813,0.5803606016735641,1.0728596771828265,0.8419313684013855,1.0393853995489377,0.8049243949614626,1.0335061034282351,0.502391723112488,0.8686568515556573,0.7736639758242536,1.009102181866795,0.9519710684554739,1.134265675756457,0.6161001641436613,1.2133334344975362,0.9357757047254248
0.36641405439646985,0.0,-0.3363120466730481,-0.3689047883849973,-0.35223458461208684,-0.5534563419409901,0.28195077132617274,-0.9638671820580853,0.39715830767751326,-0.2380003105624373,-0.3928026301263112,-0.7396284276712757,0.13132665863044055,0.13736452183507974,0.12556358876327922,-0.4140075659015878,0.048491952241234516,0.11648365747550639,0.19665367757887753,-0.4637592195498302,0.32292081272336126,0.3393619922390127,0.09349558968041131,0.17893063318664607,0.5278154700937834,0.4937980830928355,-0.05360955486648299,-0.09103587398642876,-0.37004260047648213,-0.5252737958269545,0.21785813969569212,0.08085811721346212,0.1775379380854245,-1.105757354455337
-2.729152956884052,0.0,-3.320424748888337,2.1798022586427215,0.7499827160172559,-2.4127552629577216,-1.130003401832797,-0.21686005248319953,-1.1263647530955074,-0.3901912031908984,0.917622227467276,-2.32832290642653,0.9504219161133939,1.8461352047833706,-0.5863845783741207,-0.1573286135410357,0.9893657648279564,-1.9589374311041974,-0.6263772979920579,0.06053643203586897,-0.5804082500221848,-0.016585487377992546,1.0393853995489377,1.8933086179678522,-2.4087908458549867,2.046678490419343,0.8686568515556573,-1.6301101970292156,-2.3571097356851087,1.9645136947023873,-2.351697905508221,-1.8837337783928574,-0.6823738376196543,-0.03477216171244021
-2.729152956884052,0.0,-3.320424748888337,-2.3564340425875225,-1.1764317495681444,-0.29097032758617625,-3.144117167518958,1.6899864812114676,0.955064643009499,-1.1810945393282721,-0.8601651551399159,-0.30065959803830994,-0.6710672603350935,-0.18760717265594914,-0.5863845783741207,-0.1573286135410357,0.9893657648279564,-1.9589374311041974,-2.2724392491339285,-1.858554532772693,1.0728596771828265,-1.934716002100228,-0.5990297079625402,0.024837848858170596,1.0335061034282351,-1.8156316307727864,-3.0892283360769075,1.8856444271248096,-2.3571097356851087,-1.9784860765038805,-0.6087161148758821,0.0030472669053634893,-2.578081109736845,2.0429549029344707
0.36641405439646985,0.0,0.7138500178589342,-0.16463806774059944,0.7499827160172559,-0.2806796706496243,0.8841103638533642,-0.44686388137745026,0.7253789091493117,-0.3649244779457631,0.4390774198170721,-0.19226071757187568,0.7143817366977876,-0.17078812319452596,0.27042991848877473,-0.15085535048808316,0.7249426093990856,-0.27109662793439254,0.6169755968029542,-0.10335393635878222,0.5915437855356314,-0.5441097415369017,0.11179668643131455,-0.20053709531183922,0.30249992327845016,-0.6611871355484589,0.05697375727597096,-0.26151481571165747,0.10555661095414215,-0.34933714603573085,0.44467236011067846,-0.45317638984774633,0.3800753030384251,-0.829253436692126
0.36641405439646985,0.0,0.47598917761151505,-0.42034570804094823,0.6229934744458663,-0.525576087890208,0.7249953763641576,-0.5305363072759723,0.7116831037229407,-0.7494933161091998,0.7125011192620582,-0.9456390198035188,0.7115603455307671,-0.8274835368696823,0.7024392062129636,-0.9350727671004551,0.6745188656149916,-0.6617650467328323,0.6121690959056201,-0.841858521436413,0.5860549360173107,-0.9210415689849681,0.4847818856563025,-0.9109857358504136,0.3673700092876925,-0.8130917926149454,0.013832808730775917,-0.8325436817667542,0.22738201324526197,-1.1870077324296464,0.21179256306429162,-1.0795310934553966,0.11740610341386717,-1.2416407044832452
0.36641405439646985,0.0,0.38322102935016156,0.21141592163138778,0.2138808343894947,-0.16241137835201433,0.1958675489807462,-0.05830576320648797,-0.6291528989539434,-0.11683391946619164,-0.08083650022640124,0.1115643525570152,0.13024026088222004,0.07039338534600297,0.11592676032866875,0.13509400872060215,-0.16200354702035522,0.052688294309701546,0.16633321643884427,0.362908404451106,-0.03755772612441946,0.26376846865380943,-0.11577917200202979,0.29834460004044583,-0.23263956045711956,0.3961202601278866,-0.6424439236565178,0.37938967349850056,-0.1813414370180657,0.3111547456390311,-0.28161072222791095,0.2602532590004169,-0.36664379144853626,0.23944625627965907
0.36641405439646985,0.0,-0.14046817812130166,-0.12390266575555184,-0.3983144186288896,-0.29097032758617625,-0.35595934054194833,0.02990495744222732,-0.2937929946535048,-0.5142470278084993,0.1437691576921915,-0.014394092160061033,0.0856330936381221,-0.020128487873821137,0.23838040112155243,-0.2761855170885586,0.30551614849816633,0.026243709026817365,0.19987995900311553,0.06053643203586897,0.1781441403380184,0.11129627403853888,0.3518900362860465,0.17870641669435292,0.1695584150971321,0.12309355766081492,-0.14849985223997372,0.3042404184072082,0.16019648272618703,0.15536682467867144,0.17733381306349025,0.44698797905358184,0.13537740835353812,0.3237396432923843
0.36641405439646985,0.0,0.6941829283710412,-0.2195265269854854,0.7459950380734941,-0.5669933298286606,0.8571816628061403,-0.5873603339800734,0.9420348949898816,-0.9352396009455158,0.7885193077423417,-0.9115945528556807,0.8312586765361945,-0.9597174662507868,0.8232291600122501,-1.1054992779795263,0.7436355745317151,-1.0220212151985537,0.8128240477498141,-1.0347847361286178,0.7259379353381267,-1.164375606082631,0.6252759811254117,-1.1824745386020503,0.48759223024140896,-1.2069122441223008,0.18091493192668467,-1.1585420292914361,0.41377711597377165,-1.4925704996992764,0.3456012751311363,-1.5116228206391422,0.2502193548983976,-1.7643760566777613
-2.729152956884052,0.0,0.7138500178589342,-2.3564340425875225,0.7499827160172559,1.830814607785369,0.8841103638533642,1.6899864812114676,0.955064643009499,1.7188843598420989,0.917622227467276,1.72700371034991,0.9504219161133939,-2.221349550095269,0.9831314533213885,-2.3222995342609427,0.9893657648279564,1.9500921746436486,1.019684653149813,-1.858554532772693,1.0728596771828265,1.901545027344243,1.0393853995489377,1.8933086179678522,1.0335061034282351,-1.8156316307727864,0.8686568515556573,1.8856444271248096,1.0847719507429148,-1.9784860765038805,1.134265675756457,1.8898283122035844,1.2133334344975362,-2.1124992263593514
0.36641405439646985,0.0,0.48801131641642204,0.7766990083091946,0.09357625101368645,1.1822061708916412,-0.5429295214105946,1.4591055029117173,-1.26636169427753,1.5108240555488934,-1.5641156250308859,1.330413043862258,-1.7181276811349395,0.9614979454448153,-1.8884550782687153,0.4251784623878626,-1.9268671739974441,-0.16479056780607987,-1.6597749909189246,-0.5332686942951962,-1.3514428132327858,-1.0831619600892917,-0.8685326089971033,-1.1772988745716164,-0.5230661540681449,-1.063543292423649,-0.5085684571848463,-0.7229048738125109,0.10774220582502393,-0.5952423267670097,0.2109907914406007,-0.17546108779030117,0.11670469172318386,0.22610724852462594
0.36641405439646985,0.0,-0.12408902256830771,-0.8940875461599289,0.7499827160172559,0.45882603287542045,0.3881549901908039,-0.22761466693323748,0.5912099702763829,0.018146916567920193,0.03207077644298154,-0.860943523412143,0.398742653610325,-0.05763069731380222,0.5081488166493766,0.1600994228549171,0.5390396858873983,-0.8383945494685487,0.6267367441732254,0.14710662545838318,0.5259090488255925,0.3764202737834463,0.7899203152792402,-0.7408054181999039,0.4285224145917088,0.024778453525869278,0.014466070360797102,-0.058058095611864015,0.2728320609145441,-0.2701025656333409,-0.3367760959014245,-0.22747964120917313,0.1662774368890484,-0.24896504480689027
0.36641405439646985,0.0,0.7138500178589342,0.23570746702447573,0.7499827160172559,1.2245994339003647,0.8841103638533642,1.145181358069564,0.955064643009499,-0.6914937381257924,0.6636475219880126,-0.5903315782746511,0.9504219161133939,-0.13607214081163677,0.9831314533213885,-0.1573286135410357,0.058091042444476736,-0.28364461296884314,1.019684653149813,0.12994995223299463,1.0728596771828265,-0.5646145567392824,1.0393853995489377,0.024837848858170596,-0.1958930405235211,-0.4362268825396234,0.8686568515556573,0.21374489438148364,1.0847719507429148,0.09517693317120775,1.134265675756457,1.0812105596201258,1.2133334344975362,-0.03477216171244021
0.36641405439646985,0.0,-0.35956964070334607,0.1681629084991574,-0.040232497765875404,-0.2768604577659555,-0.01353985923764397,-0.08578342175702813,-0.12948495812497565,-0.6848079685909778,0.08193771252511331,-0.2736916760367466,0.36438329796138164,-0.5167887138682774,0.47851635397096537,-0.2293355463641798,0.24857349795465486,-0.2687707553189726,0.24592031177655374,-0.028816443285617666,0.21140789103338317,-0.3908511134105951,0.23289194702748786,-0.22787282266391387,0.025997420827275346,-0.2741257267531897,-0.043042001415504016,-0.07359773105062481,0.39410676213583556,-0.06380481760382897,0.3265504841595248,-0.21868724153808342,0.38526954096402616,-0.12691935702953072
0.36641405439646985,0.0,0.22094232685775253,1.0375325956299335,0.43308753642845754,0.8611801101699265,-0.02393268626858467,1.1572707650931884,-0.3931812483175188,1.1028655693914209,-0.6207149725765533,1.6205311100264446,-0.8302650676788059,1.719595754059096,-1.1765853869329002,1.6227754266024934,-1.4999113757893974,1.386429650642838,-1.751592326553618,1.365307188099562,-1.7403906257870367,0.4621031638760885,-1.8957861131046496,0.08079854839300557,-2.3913728232916136,-0.4464233812595706,-2.502511435862256,-0.4486760131284969,-1.725730959126752,-0.3852184439537079,-1.2036132298366056,-1.1375873462192228,-1.0541030766091142,-1.3428260125315497
0.36641405439646985,0.0,-0.45608966449777455,-1.471867963847625,-1.1764317495681444,-0.29097032758617625,0.8841103638533642,-2.1237065861778666,0.7469217033989984,1.7188843598420989,-0.09571658061882342,0.9970449193301508,-0.6710672603350935,-0.18760717265594914,-0.5863845783741207,-0.1573286135410357,0.45155595717601604,-0.5712319210637121,0.7563147409671135,-1.858554532772693,-0.5804082500221848,-0.016585487377992546,-0.5990297079625402,0.024837848858170596,-0.3262011915386375,1.4287088710286024,0.8686568515556573,0.5145001237047397,-0.636168892471097,-0.006986190900746646,-0.6087161148758821,0.0030472669053634893,-0.6823738376196543,-0.03477216171244021
-2.729152956884052,0.0,-3.320424748888337,-2.3564340425875225,-1.1764317495681444,-0.29097032758617625,-1.130003401832797,-0.21686005248319953,-1.1263647530955074,-0.3901912031908984,-0.8601651551399159,-0.30065959803830994,-0.6710672603350935,-0.18760717265594914,0.9831314533213885,-2.3222995342609427,-0.6403609250264084,-0.004422628230274487,-2.2724392491339285,-1.858554532772693,-0.5804082500221848,-0.016585487377992546,1.0393853995489377,1.8933086179678522,1.0335061034282351,-1.8156316307727864,0.8686568515556573,-1.6301101970292156,-0.636168892471097,-0.006986190900746646,-0.6087161148758821,0.0030472669053634893,-0.6823738376196543,-0.03477216171244021
0.36641405439646985,0.0,0.3805987507517759,0.5692796034354417,0.15772585271768028,0.7211635222847582,-0.1383746304348723,1.0870606757225507,-0.6686376145980554,1.4396638460521605,-1.0040948216357943,1.4230772570555998,-1.2476363816966465,1.3922242435626888,-1.4140688576887475,1.10755564688957,-1.786873651338954,0.6071645987370048,-1.8744379299673357,0.1361294251396782,-1.7579483311739539,-0.3103855383179973,-1.5544714779078586,-0.7070047819867096,-1.3278923922953085,-0.9071004209647618,-1.445716511912485,-0.9421297534016352,-0.4911796264303165,-1.2192220405604017,-0.17011217708116025,-0.9114377701297782,0.08711270120543449,-0.7690201290880121
0.36641405439646985,0.0,-0.022203413334105478,-0.1878409164213921,0.29785324094436233,-0.2279957507043488,0.10730696670352557,0.4701386166763151,0.23401587161080284,-0.39993513229211086,0.28122767811537946,-0.13207967057891332,0.6171410307861719,-1.070617438092553,0.5517813623305117,1.0326476530326612,0.33069542585641637,0.266414488003965,0.41903664717814426,0.4815849897148675,0.4657631616338741,-0.5038673633380292,0.5634421949679285,0.3118162742857266,0.4253382899136218,0.5615236910679394,0.25073202663652305,0.4389817143779112,0.42501485967995917,0.1432618153810682,0.5471596893998599,0.37740349410298346,0.6266689049954293,0.7281899936965519
0.36641405439646985,0.0,-1.2634489021930722,-0.07232565901056395,-1.0976413979257016,-0.3089206281394195,-1.0873847545508777,-0.1953508235831237,-1.102886229507443,-0.29798241957509575,-0.8551517947209637,-0.29780059277348253,-0.6390428491002358,-0.25071419862789124,-0.6173825200001071,-0.026023127199373317,-0.7070167466414519,0.04795836848674665,-0.66584986358044,0.05241867725472875,-0.5081273762447818,-0.0652868211467901,-0.5689811748907797,0.024837848858170596,-0.6876423712133758,0.0910170721043143,-1.0739919350900344,0.10793825896756827,-0.62646278611537,-0.037564154126451255,-0.6382247965912875,-0.04219774256088785,-0.6690091013512282,-0.03477216171244021
0.36641405439646985,0.0,-0.5262658740653433,0.26469401698933703,-0.3818821032374462,-0.13410676731415794,-0.5970890405698955,0.24316667377063886,-0.6404342462808326,-0.11116050620163287,-0.5142966198536867,0.21217700591923863,-0.27357540362051125,0.5641656971644954,-0.4459285886976896,0.33968376072863343,-0.7037735905286416,0.7180637686520711,-0.543119484503302,0.5384476550021452,-0.1686949381103209,0.17001024909418652,-0.471528244295997,0.5846503759911222,-0.7305678141709376,0.6655550141822495,-1.229497244112118,0.5893153821067374,-0.8906272055487207,0.2845197821845327,-0.7714931843030362,0.5903644706857937,-1.0438093861215179,0.5634885692819913
0.36641405439646985,0.0,-0.061981362534233496,0.340880105668499,0.32919600429943685,-0.25320255573656275,0.4306527906467819,-0.1663858247363017,0.2281670550077476,-0.6075947122283397,0.5182956255860485,-0.13844653336725232,0.5282023494579723,-0.08469980835751956,0.5487208060687054,-0.032279893160253856,0.47787604321716404,-0.17882398409071465,0.3891112409063851,0.37350178657684924,0.5146006962035101,0.12867453650192234,0.4475570944136417,0.1750815834022801,0.34769728222253876,-0.024118392608423085,0.05339187118116353,0.28188021899758864,0.3116736957458843,0.4995315597084105,0.32184443332481744,0.17676319774597068,0.2770246557261347,0.15891355525394482
0.36641405439646985,0.0,-0.3045017901372458,0.13189569927082162,-0.6059818980189958,-0.16737635510078377,-0.4260504995878267,-0.21686005248319953,0.0659196335813624,-0.44137846710570927,0.17543155097642557,-0.2514482095437278,-0.12794946068367255,-0.08888931765504456,0.2364655915628839,-0.14682850457554414,0.12702848142531636,-0.21316480917720948,0.08478730737927595,0.0698440232151905,-0.002574576784761407,0.09514561510457767,-0.2888449598084672,0.5055580083347095,-0.1529159631117201,-0.17509609524582345,-0.3870415924985884,0.194830134503535,0.040505047080652494,0.33755312910725704,-0.15181086827952067,0.0030472669053634893,0.026222583625030355,-0.0751216213078832
-2.729152956884052,0.0,0.7138500178589342,-2.3564340425875225,0.7499827160172559,1.830814607785369,0.8841103638533642,1.6899864812114676,0.955064643009499,1.7188843598420989,0.917622227467276,1.72700371034991,0.9504219161133939,-2.221349550095269,0.9831314533213885,2.0076423071788714,0.9893657648279564,1.9500921746436486,1.019684653149813,-1.858554532772693,1.0728596771828265,-1.934716002100228,1.0393853995489377,-1.8436329202515112,1.0335061034282351,-1.8156316307727864,0.8686568515556573,1.8856444271248096,1.0847719507429148,-1.9784860765038805,1.134265675756457,1.8898283122035844,1.2133334344975362,2.0429549029344707
0.36641405439646985,0.0,0.7138500178589342,-1.112620729971696,0.7499827160172559,1.830814607785369,0.3043678575382596,-2.1237065861778666,-1.1263647530955074,-0.3901912031908984,-0.8601651551399159,-0.30065959803830994,-0.6710672603350935,-0.18760717265594914,-2.15590061006963,0.15693856531066605,0.24122343058341164,-0.7731333002005883,-2.2724392491339285,-0.9847348437664104,-1.7372824820838915,1.901545027344243,-0.5990297079625402,0.024837848858170596,1.0335061034282351,1.8669845120308792,-0.08889410131422733,1.8856444271248096,1.0847719507429148,-0.4032379529081206,-0.1610835314056847,1.8898283122035844,-1.296241766476643,2.0429549029344707
0.36641405439646985,0.0,-0.09528430073373227,0.2448479831714547,0.16951550924706296,-0.5866622761795548,0.5844505177945771,-0.4825981854188884,0.5591559575763658,-0.33856103340785065,0.03710191473575989,-0.24337810957634273,0.42214074242647676,-0.2795323281162064,0.6816431187929982,-0.45496881572160847,0.19751416076151765,-0.4829269422698683,0.7158874594470693,-0.2141430577571805,0.5809298054429752,-0.023816839418495377,-0.05289680017573922,0.14096330715833733,0.27828336424024264,-0.5245579150112873,0.10565574508385142,-0.1682066879866096,0.2713004235640835,-0.04783566853044358,0.3300713073766022,-0.5867982234757664,0.5957120052417556,-0.4925785431367406
0.36641405439646985,0.0,-1.3032873655147015,-0.08831589197240057,0.7291581756442778,-0.7726791614635782,-0.7489532185026321,-0.3199251076293963,-1.1263647530955074,-0.3901912031908984,0.797497134024508,-0.15270100642522152,0.9504219161133939,-0.594355648143813,0.9831314533213885,-0.005196106942047819,0.9893657648279564,-0.2262796035044935,-0.6263772979920579,0.06053643203586897,1.0728596771828265,-0.42094658118658695,1.0393853995489377,-0.7528570546606612,-0.6876423712133758,0.11552342982327836,0.8686568515556573,-0.1810567711378926,-0.636168892471097,-0.006986190900746646,1.134265675756457,-0.48649694310771296,-0.134154251596084,-0.36047665636649
-2.729152956884052,0.0,0.7138500178589342,2.1798022586427215,-3.102846215153545,-2.4127552629577216,-3.144117167518958,-2.1237065861778666,-1.1263647530955074,-0.3901912031908984,-0.8601651551399159,-0.30065959803830994,-2.2925564367835807,-2.221349550095269,-0.5863845783741207,-0.1573286135410357,-0.6403609250264084,-0.004422628230274487,-0.6263772979920579,0.06053643203586897,-2.233676177227196,1.901545027344243,1.0393853995489377,1.8933086179678522,-0.6876423712133758,0.11552342982327836,0.8686568515556573,-1.6301101970292156,-0.636168892471097,-0.006986190900746646,-2.351697905508221,-1.8837337783928574,-2.578081109736845,-2.1124992263593514
0.36641405439646985,0.0,0.7138500178589342,0.2790058425197185,0.7499827160172559,-0.4088991342941267,0.8841103638533642,-0.19067904957557175,0.955064643009499,-0.6507042167367343,0.917622227467276,-0.33129759062805597,0.9504219161133939,-0.22281125320942377,0.9831314533213885,-0.2953238600277226,0.9893657648279564,-0.14430725267196115,1.019684653149813,0.1737627989595741,1.0728596771828265,-0.2104701198061161,1.0393853995489377,-0.02533059129242436,1.0335061034282351,-0.3282173800004854,0.8686568515556573,0.007827146044782414,1.0847719507429148,0.15662858460545742,1.134265675756457,-0.264762434664266,1.2133334344975362,-0.18933427805152392
0.36641405439646985,0.0,0.44938313552481696,-0.24960177366264188,0.7499827160172559,-0.34388764387434256,0.8841103638533642,-0.34822271018942513,0.7006723422175452,-0.38550905544096514,0.6252828702713493,-0.4313222216308468,0.9504219161133939,-0.33580597969995235,0.9831314533213885,-0.5903227976850172,0.7756922985211506,0.09981164620699183,0.8221572190127884,-0.0119668246145985,1.0728596771828265,-0.2376692105048774,1.0393853995489377,-0.3239495896115337,0.765764246712986,0.18419530377807442,0.8686568515556573,-0.12118346988854953,0.7788230876363278,-0.2961460791221583,1.134265675756457,-0.2914603864552358,1.2133334344975362,-0.9535846242405972
0.36641405439646985,0.0,-1.3032873655147015,-0.08831589197240057,-1.8250940284200605,1.5207793930288787,-1.130003401832797,-0.21686005248319953,0.30709485770804956,-2.4992667662238954,0.8656752801474938,0.33572253129933294,-1.0934327610163954,-1.3918267091853191,-1.0610219215191596,1.2621345706289713,0.8941082398059688,0.31594189310879023,-0.6263772979920579,0.06053643203586897,-0.5804082500221848,-0.016585487377992546,-0.8946489458108362,-1.8436329202515112,-0.6876423712133758,0.11552342982327836,0.8686568515556573,-1.6301101970292156,-0.636168892471097,-0.006986190900746646,-0.5312057146464619,1.1706062455463555,-0.6823738376196543,-0.03477216171244021
0.36641405439646985,0.0,-0.24344304154252586,-0.16520509727825322,0.6520245404422383,-0.11114905431343779,-0.0717477470659741,-0.5400514714791087,-0.49136227293179197,-0.4259400339843077,0.04378639529436291,-0.5755904660226687,0.37328527354008384,0.3983953559794165,0.7171141811093166,-0.9279067133528722,0.24355393974990347,0.02870639767843851,0.29429807252061335,0.12559361574287922,0.4003433497543718,0.5685977700534671,0.8172326951214566,0.1198495874673979,0.01248640530133866,0.41010182276660206,0.22128536084053677,0.12309116139767212,0.5014074237102293,-0.0738200370226929,0.8388476920621819,-0.2847623137444272,0.7635010558968481,-0.2460562269163846
0.36641405439646985,0.0,0.46328121209626116,-0.003783128498974977,0.556397326370579,-0.2836926052578519,0.6667874885358275,-0.20713513516135673,0.6706373160317498,-0.3901912031908984,0.8292839724255247,-0.14953785166413588,0.7399688359021448,-0.16739177342420228,0.7681548424600545,-0.13240979824354956,0.726181201683375,-0.12581754263677386,0.7845282428096853,0.10820665160171365,0.8113457564575377,0.014162144773004886,0.7688175286944924,0.057517402609898925,0.6807223005809442,0.031556807788561465,0.5146438109478626,0.16350476080232262,0.7747960860632072,0.16445543915130187,0.798863689785076,0.046594173430846424,0.8358602024735613,0.015945155935590895
0.36641405439646985,0.0,0.41154163821272755,-0.047285634627773014,0.599934293292809,-0.26007713892716655,0.7239077549306868,-0.1752907980486558,0.8044732262013018,-0.2212542505919553,0.697123258402506,-0.07011427987456932,0.8070984878071121,-0.09974950195057052,0.8377628784657504,-0.04869037273931075,0.7830260686254952,0.051124682467402406,0.9516364520896079,0.06053643203586897,0.8926038750796641,0.11858516999448339,0.8498207716098598,0.1686540439565428,0.7533203432413274,0.3251116885497693,0.609870528562302,0.28509713447868956,0.8713236579590812,0.1662297890483447,0.8762695111070582,0.1942536580358852,0.9149111957208481,0.18750307966348634
0.36641405439646985,0.0,0.7138500178589342,-0.273916000237236,0.7499827160172559,-0.5312836893663575,0.8689239460600906,-0.7851384564548842,0.955064643009499,-1.0877679456640623,0.858279684635848,-0.9957628567868756,0.7199758743565348,-1.1488555073526436,0.85606343539532,-1.200195106051815,0.5507085289867556,-1.279235363256762,0.4951011699404101,-1.1589307306420835,0.7827111559583468,-1.5187885812878583,0.3648335156353872,-1.372498015820505,0.46609508579313524,-1.7441016473283082,-0.1454127017936203,-1.378188799435459,0.016773272852731325,-1.6609365899297839,-0.1883611964290808,-1.6732822206002937,-0.12842921563429002,-1.8968519343196482
0.36641405439646985,0.0,0.7138500178589342,-0.7330965198292675,0.7499827160172559,-0.8287579373054482,0.7758114666724194,-0.8860487750180059,0.955064643009499,-1.0348512397875642,0.7884837519946895,-1.295370387234319,0.8015367799318938,-1.0848739721584026,0.6021000463066697,-1.432474836135854,0.4963408466132139,-1.1384125717096958,0.3550542191372598,-1.044456954591253,0.5514024402630938,-1.3779786202020992,0.29333308034358624,-1.6068416196822413,0.15940363909674665,-1.300650510763634,-0.4076819637520922,-1.2091688958792541,-0.1826665614673406,-1.5494679863977827,-0.31931141835928845,-1.3770387286780201,-0.41708856195957467,-1.4891811069652778
0.36641405439646985,0.0,0.673547612939129,-0.08661480335943922,0.7499827160172559,-0.29097032758617625,0.8636066857186792,-0.21829018738347053,0.8451859851891158,-0.3396999342118885,0.8767331176673105,-0.2574703695696408,0.9161760647068018,-0.12511026939723885,0.9701044702583158,-0.10671159341460426,0.8904250574868978,0.10723880245791273,0.9135465785401851,0.16184524406811293,1.035462756669449,0.08937204225526374,1.0393853995489377,0.14144910955830584,0.932904975085433,0.27208217058580136,0.8035298507931635,0.25530111403898426,1.0107887038931447,0.15246871984683483,1.1027177053460118,0.15636709464629692,1.1611446132961498,0.14424480217753766
0.36641405439646985,0.0,0.7138500178589342,-2.3564340425875225,0.7499827160172559,1.830814607785369,0.8841103638533642,-2.1237065861778666,0.955064643009499,-2.4992667662238954,0.917622227467276,-2.32832290642653,0.9504219161133939,-0.2250280324008326,0.9831314533213885,-2.3222995342609427,0.9893657648279564,1.9500921746436486,1.019684653149813,-1.5818791883762424,1.0728596771828265,1.901545027344243,1.0393853995489377,-1.8436329202515112,-0.6876423712133758,0.11552342982327836,0.8686568515556573,1.8856444271248096,1.0847719507429148,-1.5672509153659229,1.134265675756457,1.8898283122035844,1.2133334344975362,2.0429549029344707
0.36641405439646985,0.0,-1.3032873655147015,-0.08831589197240057,0.7499827160172559,-2.4127552629577216,-1.130003401832797,-0.21686005248319953,-1.1263647530955074,-0.3901912031908984,0.917622227467276,1.72700371034991,0.9504219161133939,-0.7029981659466215,0.9831314533213885,0.34684981447621627,0.9893657648279564,-1.9589374311041974,-0.6263772979920579,0.06053643203586897,-0.5804082500221848,-0.016585487377992546,1.0393853995489377,1.8933086179678522,-0.6876423712133758,0.11552342982327836,0.8686568515556573,-1.6301101970292156,-0.636168892471097,-0.006986190900746646,1.134265675756457,-1.8837337783928574,-0.6823738376196543,-0.03477216171244021
0.36641405439646985,0.0,0.5995388423431502,0.7865880034458766,-0.24668633604266274,1.0783023626064967,-0.6955187802989781,1.2612129696448848,-2.290737171570609,0.9785777464618863,-2.169950009275764,0.5519322698727689,-1.9042259939159325,-0.18760717265594914,-1.5705653012091068,-0.8301799259915756,-1.2660292985283974,-1.2192903942526185,-0.8370238458796831,-1.2691441247510393,0.24472123976656415,-1.2369001208442787,0.5721257950377393,-0.6788282427885356,0.5835462577026787,0.009618886300190164,0.0790191777710842,0.6618805575492764,0.1472205887683534,1.1860078198754218,-0.5609235541767433,1.0309467125733813,-1.0913158103607747,1.0135865832964517
0.36641405439646985,0.0,0.7138500178589342,-0.08831589197240057,0.7499827160172559,-0.29097032758617625,0.21274582233719613,-0.00499033412438508,0.955064643009499,-0.6245305889994947,0.7200922713857908,-0.5259532682333251,0.9504219161133939,-0.6395454037705148,0.6343536007580125,-0.1573286135410357,0.6272078998085194,-0.004422628230274487,1.019684653149813,-0.15269376506401033,0.7054704783993287,-0.22970896886878012,0.4932524917621368,-0.18276793829760615,0.4597956823759469,0.11552342982327836,0.6776295229745716,0.03368552130543527,1.0847719507429148,0.2120671613886176,0.9406029689992977,-0.20659297503772184,1.2133334344975362,-0.03477216171244021
0.36641405439646985,0.0,0.7138500178589342,-0.2859597076170023,0.7499827160172559,-0.6572540609793661,0.6149240590694087,-1.7762600792733614,0.8471841574093765,0.8974627003076374,0.8371417926566483,-1.1397472283155232,0.763723652337115,-0.8330356535600916,0.7938007344179592,-0.6646462493933316,0.6805488543674527,-1.2197399326572798,-0.42481701207473577,-1.858554532772693,0.9122281653755873,0.19542547841425612,0.4226368006283921,-1.442789886154411,0.26568455740586605,-1.4847861457914686,-0.1577019353012194,-1.3942557980678427,0.06339356029539882,-1.774908998316501,-0.03381100105371126,-1.7352063745069812,-0.9352801447928087,-2.1124992263593514
0.36641405439646985,0.0,0.7138500178589342,2.1798022586427215,-0.4694376406983026,-0.16031081126599653,-0.868309600257194,1.5510345743011371,-1.7005478663050344,1.5838191607854655,-1.4206481832544855,0.4634653197277908,-2.0848761030640586,0.5637792861127819,-2.04379007992562,-0.3492965850812699,-1.2745853636501328,-0.6735703161421908,-1.3926520574876213,-1.5229439048469715,-0.6699988389974244,-1.811878923937416,-0.1793332940224,-0.35713363047092167,0.5824275111941618,-0.7718423205206134,0.5811362821000896,0.007686515859816259,1.0847719507429148,1.9645136947023873,0.06529494356164349,0.007688748276797112,-0.34573414023708365,1.6230462631693303
0.36641405439646985,0.0,0.7138500178589342,0.9426572133897031,0.7499827160172559,-1.2554276699593123,0.8841103638533642,-0.043508634105017346,0.955064643009499,-0.5819272626262282,0.917622227467276,-0.30065959803830994,0.9504219161133939,-0.7422697312549748,0.9831314533213885,-0.5509636263463292,0.9893657648279564,0.17326231249899385,1.019684653149813,0.06053643203586897,1.0728596771828265,-0.7140944677515862,1.0393853995489377,0.1947005264779318,1.0335061034282351,-0.0600378767355099,0.8686568515556573,0.04138502393233257,1.0847719507429148,0.8891590821001579,1.134265675756457,-0.5115345275788202,1.2133334344975362,-0.4125444966065416
0.36641405439646985,0.0,0.7138500178589342,-0.06325318640810347,0.7499827160172559,-0.2675246040503207,0.8841103638533642,-0.17262121290148327,0.9435751527429995,-0.4204775282760523,0.9078088411152844,-0.30514073394984786,0.9235538404596425,-0.14042434949935692,0.9831314533213885,-0.13819027060187172,0.9497471089975966,0.010685771195940937,0.9851338127953452,0.09233576932274684,1.0399761781107189,-0.0038682820653841263,1.0086159638298722,0.06405705030178281,0.9840575077517817,0.10271987177152646,0.8297310507352912,0.15589315204102916,1.0486494024438529,0.023512912329533838,1.1092364572429767,0.042650801046173144,1.188196356069262,0.022614659813107476
0.36641405439646985,0.0,-0.09623235530391783,0.8264615205336904,0.41881280523846964,1.4175121202243457,0.4007432012263423,1.1314520630269624,0.6222440825723085,-0.6218520630344428,0.8698175247489687,-0.1388317893958461,0.882708528104905,-1.9310735005633548,0.8569737546937034,1.7574582675804789,0.9152457949733799,-0.10617466886789093,0.8332352159439732,0.4085635785039017,1.0477961354063983,-1.351489237793785,0.8209846657176578,-1.5774692591918371,-0.19532506152688936,-0.46503971604371663,0.8686568515556573,0.4279422448580676,0.44730104359958067,0.8343908152781029,0.9208724151293397,1.5314719882700933,0.8717080269892974,1.395161158718857
0.36641405439646985,0.0,0.5231700210086244,0.8441755232899945,0.08255716027053805,1.2952973079469448,-0.5273604220018406,1.6119011156566707,-1.4040690631238373,1.6729065125679794,-1.7888101723186087,1.3876337024249736,-1.9626968936186648,0.9327001533802746,-2.103023614961808,0.1715737687347326,-2.156023043857866,-0.5038793409566767,-1.8092867979411407,-1.0790005919578072,-1.2672749430587786,-1.6509285924470731,-0.6358940478815485,-1.7275635160744178,-0.06255566819303553,-1.5330650223063702,0.22625250675101566,-0.9613960887419992,0.843444416299014,-0.561431103728916,0.9365069617913119,0.18795180934458913,0.7487903674652188,0.927236246489726
0.36641405439646985,0.0,0.3868518766402342,0.8847975193675113,0.21276351399945534,0.9478338069305003,-0.21106399623848587,1.2726731173123895,-0.7835533315570128,1.354689191617561,-1.0914908493647637,1.4623328187059956,-1.4198223173437114,1.4088195813625934,-1.5192264318123467,0.9699717448778201,-1.9192074585551282,0.5140906038241486,-2.009299785624389,0.13591832513354926,-1.6061122047394458,-0.6179385850485606,-1.3758350787358822,-0.8889377807749194,-1.3295963292852038,-1.1937224550584298,-1.2103015009521,-0.9742637506664029,-0.3833626826029586,-0.9121215033800015,0.03780812072337149,-0.7359482651065907,0.233612959194651,-0.5399299429400437
0.36641405439646985,0.0,0.5938706862958704,-0.12304078085831807,0.637672752673627,-0.26973126038310713,0.783283828743115,-0.24492883345918504,0.8692681233020506,-0.41254740415904817,0.8223506016333565,-0.3758859067795129,0.9045824170951952,-0.2235434004653019,0.9369092061879558,-0.2414810332294185,0.9154576594430609,-0.08385410981907072,0.9411674980803457,-0.02987194331626238,0.977449585103825,-0.05838155129379006,0.9216652740742381,-0.057692505013404054,0.8966575882094806,0.029084929310998497,0.724095095077378,0.02533560407306945,0.9185634841053057,-0.15443466734500502,0.994670264144713,-0.13363115201603964,1.0626057492914984,-0.18893950990924102
-2.729152956884052,0.0,-1.3032873655147015,-0.08831589197240057,0.7499827160172559,1.830814607785369,0.8841103638533642,1.6899864812114676,-1.1263647530955074,-0.3901912031908984,-0.8601651551399159,-0.30065959803830994,-2.2925564367835807,-2.221349550095269,-0.5863845783741207,-0.1573286135410357,-2.270087614880773,-1.9589374311041974,-0.6263772979920579,0.06053643203586897,-0.5804082500221848,-0.016585487377992546,1.0393853995489377,1.8933086179678522,-0.6876423712133758,0.11552342982327836,0.8686568515556573,1.8856444271248096,-0.636168892471097,-0.006986190900746646,-2.351697905508221,1.8898283122035844,-0.6823738376196543,-0.03477216171244021
0.36641405439646985,0.0,-1.1351993073581765,-0.5574761314271386,-3.102846215153545,1.830814607785369,-3.144117167518958,1.6899864812114676,0.369662625354966,0.6047230121586573,-2.3204930448349415,-1.572470854958653,-2.2925564367835807,-2.221349550095269,-2.15590061006963,2.0076423071788714,-0.685227300798099,1.1517119679657086,-1.319583367476434,-0.7476503459739607,-1.8142090387367404,-1.934716002100228,-2.237444815474018,-0.8496251557928516,-2.4087908458549867,0.5753314497512014,0.8686568515556573,-1.6301101970292156,-2.3571097356851087,-0.7741756563843502,-2.351697905508221,-1.8837337783928574,-2.578081109736845,1.2421573376782584
0.36641405439646985,0.0,0.5151014714751299,0.8594399584436343,0.05899711135642868,1.3157513147239264,-0.5169071715579294,1.5974662873966021,-1.55199625030502,1.6457838008273749,-1.8465349286318642,1.3456205186751697,-1.9983696555005317,0.8485642312256099,-2.1085953968743274,0.06663762820743871,-2.1308437664996163,-0.6183748181090312,-1.7813037447717286,-1.195719704437464,-1.115306555190094,-1.7237024641756347,-0.502936661906992,-1.7347384438277988,0.077976104761452,-1.470997698658813,0.35620966688693095,-0.8431261031854577,0.9026103624887116,-0.3761495444799335,0.9232428703645997,0.38717701991762826,0.6551424282226295,1.1049026877876835
0.36641405439646985,0.0,0.6173703368121731,0.061266500060666716,0.6269618882449721,-0.014501750507263919,0.7027595603909822,0.1483391956500031,0.640373332612383,-1.4439275359934445,0.7402523803045564,0.9427035426653464,0.5926727591135641,0.5105359106714206,0.5476535351671524,0.6651005398220426,0.43762179397776113,0.7938793978555506,0.9451509680021091,1.2093426653895702,0.3000891826486601,0.8290798939527466,0.16730619027380336,0.8565128728965811,0.008390071931691638,0.969074655056133,-0.43004401506221623,0.8875392681006025,0.9183569712041199,1.9645136947023873,-0.20077122677838305,0.7505899170525185,-0.3291656586787794,0.7379553109003925
0.36641405439646985,0.0,0.6715909896772565,0.2702735876398502,0.5594988536601715,0.45668303009069516,0.5223553903984727,0.7091236927442678,0.36726898154944526,0.9783457481499528,0.18565382842641678,1.1946001554664152,-0.016812592529893252,1.5035716387274916,-0.1918082480058697,1.6786533260662744,-0.5637637706032532,1.6661988995262114,-0.8270816316947861,1.590992285561049,-1.0132337933644566,1.5323816284808014,-1.2189240638895078,1.364082957325226,-1.5660132837619756,1.241850307365327,-2.2498994137616077,0.9370938295280535,-1.701414065012138,0.6001569138695946,-1.7547963614882702,0.3491772496653221,-1.8981667395192936,0.026894777566280118
0.36641405439646985,0.0,0.47665483294802846,0.6064994222870359,0.23432009186935582,0.9357608506482363,-0.4430093374949041,0.8991600182922782,-1.0073694345201842,1.7188843598420989,-1.0243971535451684,1.5671832883827506,-1.6829251511142431,1.2766059894052635,-1.6813888282071265,0.5475426188269517,-1.9673169904396295,0.8007397448136381,-2.2724392491339285,0.04566347705860262,-1.886043530173798,-0.8046494093516229,-1.8589873097899419,-0.8249052875175306,-1.6728621810677267,-1.1900339488926914,-1.735829496165952,-1.3115125129883778,-0.6874357201904423,-1.7190564065573644,-0.1661381785985185,-1.546509402166706,-0.678696165511747,-1.731984291739916
0.36641405439646985,0.0,0.594435484763215,0.18233864694050195,0.47523748493546614,-0.2689461999570196,0.5844908000698908,-0.18738020507227998,0.4756281959106719,-0.39605443325613016,0.6413362903362922,-0.07931987129465184,0.6794548598370872,-0.12604579089086093,0.7112912766317263,-0.08142473306059575,0.5792939351268012,0.03355359438956584,0.6907850146921557,0.10669056973951489,0.7564572612743312,0.0774220891485442,0.715945873175097,0.12483840442092077,0.6434250131354605,0.15839507216851098,0.45422669355865136,0.23737076545579872,0.8427904587785926,0.17539726351639928,0.7484217967641762,0.13682004301700737,0.7824202144725777,0.12122358630124985
0.36641405439646985,0.0,0.575615592976339,0.5758344648907194,0.36310089889374,0.8920520809795823,0.07749808297137055,1.1483657917808343,-0.5809678084341126,1.5638883967148038,-0.7777469320822464,1.661064099561125,-1.0478527002664284,1.7470919510020757,-1.4641521142601512,1.5966875270078187,-1.8354232094297154,1.2149014315426225,-2.124211370433603,0.7552473612965683,-2.105614043585896,0.09926959571123048,-2.1328811633126357,-0.3458293823178081,-2.119500210237225,-0.7903041628999118,-2.3998636835210054,-1.0949420281404898,-1.3455923362692088,-1.6970544678340331,-0.8455873402228169,-1.7696401285836738,-0.4926704108988871,-2.004935296222581
0.36641405439646985,0.0,-0.5086562647084915,-0.6381530940445184,0.030563233844388183,-0.2640236589069576,-0.2144879896401523,-0.043508634105017346,0.19817365740987458,-0.1984551437555686,-0.4830608955412784,-0.7307675390136191,0.2625213478968877,0.12054547237365656,0.03191056715200819,-0.1573286135410357,0.2748283949282086,0.08472279192880514,0.22159151613867686,0.1186848882695684,0.7221684844640994,0.33216900280880435,-0.10254077793333699,-0.25827284207732837,0.14756213759121237,0.23002161336601903,-0.19280837691552033,0.23573593955556707,-0.06252768120257035,-0.06672263743452161,0.12082634341118981,0.12398993190897946,0.06442108515819175,0.46891043329926396
0.36641405439646985,0.0,0.08307098670416449,2.1798022586427215,0.5953494268647158,-1.9053728313623242,0.5169978477817475,-0.1339503651981554,0.45733243151890896,-0.16447793643510702,0.68275873635104,1.1946609853656667,0.4650615609270682,0.18308305047991566,0.6051919928891099,0.13953219910807796,0.8830749901156547,-0.49469312138316934,0.5379810837676559,0.4199629788348645,0.49228157918624255,0.4549293557510274,0.38731257091044474,1.4715013418413418,1.0335061034282351,-0.9243263241052788,0.6561579958316649,0.518297138698826,0.5869037648011013,1.054587637501117,1.134265675756457,-0.12000859286898646,0.38911782672642403,0.4620747112565756
0.36641405439646985,0.0,0.7138500178589342,-0.23810241463902324,0.7499827160172559,1.0444174571886131,0.8841103638533642,-0.0346227292580002,0.955064643009499,0.03752932099219344,0.917622227467276,-2.32832290642653,0.9504219161133939,-1.0124727435215628,0.9831314533213885,-0.5004981541843482,0.9893657648279564,0.09125087137040405,1.019684653149813,-1.120433765888024,1.0728596771828265,-0.5262903090551322,1.0393853995489377,-1.8436329202515112,1.0335061034282351,-1.0053575904478897,0.8686568515556573,-1.3026528113355096,1.0847719507429148,-1.9784860765038805,1.134265675756457,-1.4791135832286537,1.2133334344975362,-1.0373170249458676
0.36641405439646985,0.0,0.4081125046609923,0.06578005518039082,0.37552627219676576,-0.3397501632503681,0.42148857301291,-0.2797669196297866,0.2624690114555582,-0.5298120054636828,0.19907612316510118,-0.4561002672593509,0.4195463597441591,-0.3049744452579723,0.4221864235934134,-0.29670944141698335,-0.001524359870395927,0.08411689233991422,0.5465076846745707,0.08728856008530032,0.34492580883445983,-0.17078399945651307,0.2763754839808425,-0.1331039852546708,0.12195144828854519,-0.32520477810595555,-0.14735206553556024,-0.032691925998592726,0.26926971336909106,-0.1752931361346862,0.16302393256239875,-0.17847993746277835,0.11805064388638703,-0.23855563221300924
0.36641405439646985,0.0,0.7045510145215818,-0.2218853698621251,0.4657017333308184,-0.24204196697650845,0.5497271964741479,-0.9358937434087846,0.955064643009499,-0.3108899620208577,0.6552741434159327,-0.6606712184426384,0.2978535970517002,-1.1016726841960516,0.3637376465730727,-0.9848454485678058,0.7344113214671395,-0.7577317235539419,0.3318282850066479,-0.5572573313553033,0.36147502078578214,-0.5857715363166687,0.006299137658650474,-0.8600138532691014,0.2901592887152698,-0.872667926234334,-0.2973757035727727,-0.6838096823919181,-0.2701936127532052,-0.679070501902855,0.1279899985706887,-1.025003121246278,-0.32899504502428883,-0.9759825219974909
0.36641405439646985,0.0,-1.3032873655147015,-0.08831589197240057,-1.1764317495681444,-0.29097032758617625,-1.130003401832797,-0.21686005248319953,-1.1263647530955074,-0.3901912031908984,0.2455297074726271,1.72700371034991,-0.6710672603350935,-0.18760717265594914,-0.5863845783741207,-0.1573286135410357,-0.044125415543189016,-1.4107155740460906,0.29703053535950885,-1.858554532772693,-0.5804082500221848,-0.016585487377992546,-0.5990297079625402,0.024837848858170596,-0.6876423712133758,0.11552342982327836,0.8686568515556573,0.32071172882136983,-0.636168892471097,-0.006986190900746646,-0.6087161148758821,0.0030472669053634893,-0.6823738376196543,-0.03477216171244021
0.36641405439646985,0.0,-1.2561468648652596,-0.1017431514240421,-1.3676091211328396,-0.5445024095137222,-1.1453710898649823,-0.44232558662725696,-0.8202697461043051,-0.2502118580723984,-0.7928581248344077,-0.4284429397329355,-0.6710672603350935,-0.18760717265594914,-0.6581428513432394,-0.49376509462090934,-0.6459508875726088,-0.2037049575312997,-0.8169089688367295,-0.04336315279886657,-0.5500211855201567,0.05379072120716628,-0.5741421824794409,0.041429869287864574,-0.627178425299216,0.08588019964312876,-1.1744034823002727,0.2898961395406598,-0.7714176333392861,0.0074451882618682946,-0.6087161148758821,0.0030472669053634893,-0.6831131634557801,0.21478363602230027
0.36641405439646985,0.0,-0.045904777588745775,-0.16747321542886834,-0.03820976257701074,-0.2807645420470391,0.08670258288055623,-0.35912987236215865,0.18861989648175265,-0.36988080551889063,0.25015195466740586,-0.451943557477155,0.4157845048547986,-0.04077097300483025,0.401406031333765,-0.33970576390248064,0.45985126602737464,0.17433729564057449,0.47892038096068545,0.06053643203586897,0.39444118325425,0.177299145050131,0.22116089485770576,0.08330229922361254,0.4473689903890345,0.38741075080459836,0.08624231823851372,0.16325865797863184,0.24811935040599084,0.08078498400630488,0.46727883393517994,-0.015122434560858378,0.48105962942410796,-0.2248010790450467
0.36641405439646985,0.0,-0.6409804770578019,-0.031159314576899494,-0.882923241591553,0.16050307096218114,-0.8295177691300785,1.1942635878468648,-1.6614169936582603,1.5569917196236858,-1.0434905900343696,0.0923015511273271,-1.6658832998697695,0.3368136367905538,-2.062561491664698,-0.2744318906427755,-0.8541321749346054,-0.28448505433407895,-1.125380978480716,-0.7956660019134709,-0.7690295878370045,-1.6584476640647843,-0.555316792894134,-0.4009119005911615,-0.20671906442901686,-0.006042781241243932,-0.442649879384826,-0.08099839453446904,-0.16020828346339772,-0.2319146128492082,-0.3459093204843379,0.2539136746882149,-0.45115442163952063,0.39049701387948954
0.36641405439646985,0.0,0.7138500178589342,2.1798022586427215,-3.102846215153545,1.830814607785369,-3.144117167518958,-1.7891694303064742,-0.40517028163908364,0.05383247509443848,-0.041440731827825844,-0.15835818705562463,-0.3012542238624869,-0.07164318229435912,-0.035672793172800414,0.592812160779205,0.5461941860558589,-0.08156732749970823,-0.2509599487951314,1.0789980070597727,-0.5804082500221848,-0.016585487377992546,-1.0876870137778385,-0.27837758755294856,1.0335061034282351,-1.1719197144243,0.8686568515556573,-1.6301101970292156,1.0847719507429148,-0.4912062778037324,0.002861335821193163,0.38370534279427954,0.8890727056018908,0.12926439004143342
-2.729152956884052,0.0,-1.3032873655147015,-0.08831589197240057,-1.1764317495681444,-0.29097032758617625,-1.130003401832797,-0.21686005248319953,-1.1263647530955074,-0.3901912031908984,-0.8601651551399159,-0.30065959803830994,-0.6710672603350935,-0.18760717265594914,-0.5863845783741207,-0.1573286135410357,-0.6403609250264084,-0.004422628230274487,-0.6263772979920579,0.06053643203586897,-0.5804082500221848,-0.016585487377992546,-0.5990297079625402,0.024837848858170596,-0.6876423712133758,0.11552342982327836,0.8686568515556573,-1.6301101970292156,-0.636168892471097,-0.006986190900746646,-0.6087161148758821,0.0030472669053634893,-0.6823738376196543,-0.03477216171244021
-2.729152956884052,0.0,-1.3032873655147015,-0.08831589197240057,-1.1764317495681444,-0.29097032758617625,-1.130003401832797,-0.21686005248319953,-1.1263647530955074,-0.3901912031908984,-0.8601651551399159,-0.30065959803830994,-0.6710672603350935,-0.18760717265594914,-0.5863845783741207,-0.1573286135410357,-0.6403609250264084,-0.004422628230274487,-0.6263772979920579,0.06053643203586897,-0.5804082500221848,-0.016585487377992546,-0.5990297079625402,0.024837848858170596,-0.6876423712133758,0.11552342982327836,0.8686568515556573,1.8856444271248096,-0.636168892471097,-0.006986190900746646,-0.6087161148758821,0.0030472669053634893,-0.6823738376196543,-0.03477216171244021
0.36641405439646985,0.0,-1.12787709865653,-0.07275660145918084,-0.9075235543170785,-0.37836664907413026,-0.9179977868566714,-0.37394606992896623,-0.8643960493017313,-0.520489891475077,-0.44521180216557127,-0.32385606628627117,-0.4706998428013538,-0.02938201569117007,-0.3565289555323134,-0.4496213375474304,-0.1667297544209329,-0.09833706450836649,-0.31374075161168236,0.20107146338879997,-0.38747188291736,-0.016585487377992546,-0.4153142219572782,0.020559050796909423,-0.4276973170882533,-0.08332760676629844,-0.9427286728422005,0.15190277054261436,-0.4431997957215098,-0.13781492330937062,-0.44119813497820787,-0.13512170904182522,-0.4611447989635782,-0.17740812470045067
0.36641405439646985,0.0,0.6651966641719621,-0.3287817783006158,0.6459755990203001,-0.7323015941434576,0.7392150195499018,-0.7574510447856376,0.6635812703789539,-0.9668546436353804,0.5579047284705368,-1.2724983451157,0.5973426479417357,-1.2200161531392455,0.584913845759604,-1.487400148394518,0.3039842054097033,-1.3351735769150137,-0.0033099282458368996,-1.3527013453588042,0.02012479185576343,-1.4851445720596304,-0.07640805696852898,-1.4653236436298738,-0.2953582108730598,-1.460955692343713,-0.8399819733712591,-1.3226574551469459,-0.5569023572326596,-1.6314035216434488,-0.6830019987926322,-1.5312453435102438,-0.9445880674989041,-1.7172116523102763
0.36641405439646985,0.0,0.7138500178589342,0.1699093594751311,0.17242439509009694,-0.5486398901376968,0.5133925841411694,-0.032334513417566615,0.3547179622909321,-0.3661688325279525,0.13836468404906557,-0.4584118034309135,0.44889531383787673,0.06709872269455125,0.3338854516502241,-0.0710545223503474,0.22552916256011407,-0.0711888538964477,0.5168127270759714,0.3846325141727389,0.621120748753329,0.12173090403862782,-0.0736227512857594,0.1347412994972021,0.23009120695027752,0.8374085030246933,-0.1388228229562121,0.4433236713387415,-0.37493007247120996,0.6327260919797583,0.1606534773271388,0.3595922810353683,0.38238806591040814,0.28062680670096085
0.36641405439646985,0.0,-0.8710349956315652,-0.3043314646369848,-0.534300015754563,-0.13941122965258682,-0.7463550117448969,0.14635607525496067,-0.6307764138829054,-0.18932284656763573,-0.1405879341558289,-0.2523809346655864,-0.1691839304407576,-0.2844539846696096,-0.10058797624372669,-0.2604245287857177,-0.17473171246811778,-0.23710761551241505,-0.07769546781793805,0.1519235437800527,-0.06868876119368975,-0.016585487377992546,-0.24793373457390558,-0.197603596204337,-0.07295140497987083,0.023561825837693746,-0.6727613241937833,0.08751172460123338,-0.30836408065569193,-0.006986190900746646,-0.3124614999221033,-0.035329859556002326,-0.40381861105475436,-0.07377109871586272
0.36641405439646985,0.0,0.3558888178054489,-0.2600577983369776,0.3735998577311803,-0.286069004385468,0.6326281190697902,-0.2400091694022528,0.6807530628968204,-0.5486671409971978,0.434632951360554,-0.5385856106445838,0.7011017403426745,-0.08533026849452574,0.7182128423315035,-0.3175148119651016,0.5786420444508593,0.12662758930242204,0.662884264620301,0.18255223557839734,0.8540166016586989,-0.06204518057690952,0.6927622994038096,-0.08749461378070349,0.59376987964205,0.06975505488715163,0.4078996474374123,0.07975948565497376,0.6381189642951502,-0.15741163217226578,0.612382068005322,-0.07657489320622143,0.8045999895563488,-0.009548555147626705
0.36641405439646985,0.0,0.5309359999346129,0.11107437464817481,0.4904561592135908,0.0673567122993703,0.8841103638533642,0.09963833517944128,0.022313687732962467,1.0472281560386105,0.38796603256711526,0.4438780921687606,-0.4069915330586928,0.6815939820378417,0.31797055908883176,0.8404198849819408,0.19189160368152,0.9653685266597086,-0.10557975727028136,0.3093849574425952,0.04492381076383862,1.0280667535500312,-0.08663176723940055,1.0679303404213416,-0.259833706356457,1.207147450926416,-0.7416878947364044,1.1228135675489899,-0.4187280169310066,1.0990449599214676,-0.48797976623877987,1.041927778257017,-0.45229184600279093,1.372659374608731
0.36641405439646985,0.0,0.707818777082647,0.4033440795364394,0.5952145778521248,0.7069051275190615,0.4188903662551748,0.9732982115223268,-0.016713113444006267,1.257418626650479,-0.20640162305994714,1.4895846135707334,-0.5071833492714448,1.5067442768362969,-0.6935354378579731,1.7754275262224541,-1.1010683629813387,1.404254825645048,-1.3458215949776355,1.2443852664069746,-1.5024192403451475,0.9064189163063472,-1.6639995278450008,0.6887802519536048,-1.8005025519471485,0.4227315768629003,-2.429270770465116,0.16779398144379054,-1.7525776362808907,-0.27238950550064056,-1.560645619829734,-0.4299501151801252,-1.5771666271316895,-0.7626415069995461
0.36641405439646985,0.0,0.7138500178589342,-0.45838204942676386,0.7499827160172559,-0.5067346376641088,0.8840902227157075,-0.506643520208778,0.955064643009499,-0.7967576994767692,0.8119327675712784,-1.0134035275698532,0.8812654027378659,-0.7933573397762504,0.8845501513705936,-0.9023384067791701,0.8995026351493868,-0.5537585587260192,0.8573335629086902,-0.7720228012270295,0.842113072582823,-0.9240146712827877,0.76064183730801,-0.9321928790798084,0.7594992662652906,-0.7947651310898888,0.39814346044989807,-0.8983058720115553,0.49488505791444803,-1.3632598222025667,0.5889563927392234,-1.2146246162987493,0.5446606084036396,-1.4315449581919726
0.36641405439646985,0.0,0.6307843004116079,0.14142179550340514,0.7499827160172559,-0.33166616264660254,0.8501322646262386,-0.1681401235473008,0.8920805894833617,-0.5866726826430525,0.8990443493190309,-0.355730933494134,0.9176678347491344,-0.2505718366614705,0.9831314533213885,-0.2730030098351003,0.9893657648279564,-0.10564694987111496,0.9182872369594737,0.09041667835793828,1.033511900515347,-0.1946647243648049,1.0047984566293706,-0.07452742664308229,0.888361652561708,-0.1871851259251548,0.7831071632249794,0.004803597068009954,0.9295086678681467,0.018781312604086317,1.134265675756457,-0.20066848255548542,1.0833637439211816,-0.17788600192531945
0.36641405439646985,0.0,0.6170677662046671,-0.037192508857535715,0.6297166609307594,-0.31795943196410237,0.7537166386628421,-0.19371093556414629,0.886481544407839,-0.42676257345389057,0.8631508220641916,-0.29011574883469116,0.880130360314352,-0.24992103910068988,0.9087363934190213,-0.16609674576995132,0.9808911860407137,-0.0563931768386921,1.0158822500426752,0.09492654212523839,0.9667860069733529,-0.11193575526483486,0.938049425149353,-0.019444908369728862,0.9827666463958005,0.02956771807614751,0.7937538743797109,0.09881487571788858,1.0400102794109185,0.03063002691656115,1.0546811271961845,-0.061291966739305835,1.1344340978320187,-0.017963349759446693
0.36641405439646985,0.0,-1.7168005291062969,0.5637680763294469,-0.7333564224835025,-0.07879183404902172,-0.5610162630264564,0.3885637219648573,-0.4551037728516428,0.34798524387065055,-0.21509500336089632,-1.00257580550306,-0.5210795115136083,0.3716719811398639,-0.7354886013851941,0.2973152798101448,-0.7829620103886653,0.4548883504450974,-1.1891164972289292,0.6632845222629421,-1.37397685508059,-0.17003592855577138,-0.10901251760800734,0.6447217112179986,-1.6859084865055098,-0.34795378471977717,-0.4732641213111638,-0.37278844956613233,-1.4450110887816825,0.35774128793583315,-1.081133899408871,-0.586156717920365,0.08434496858814336,0.02859851375929058
-2.729152956884052,0.0,0.7138500178589342,2.1798022586427215,0.7499827160172559,-2.4127552629577216,-1.130003401832797,-0.21686005248319953,-1.1263647530955074,-0.3901912031908984,-2.637952537747108,-2.32832290642653,-0.6710672603350935,-0.18760717265594914,-0.5863845783741207,-0.1573286135410357,-2.270087614880773,1.9500921746436486,1.019684653149813,1.9796273968444311,-2.233676177227196,1.901545027344243,-2.237444815474018,1.8933086179678522,1.0335061034282351,-1.8156316307727864,0.8686568515556573,1.8856444271248096,-2.3571097356851087,1.9645136947023873,1.134265675756457,1.8898283122035844,-0.6823738376196543,-0.03477216171244021
0.36641405439646985,0.0,-0.4230892969057818,-0.3769792890011871,-0.05560528520124687,-0.5995839464359676,-0.7637972369557391,-1.499652921095613,-0.40733496821103293,-0.46687719066277816,-0.3429890276656577,-0.4112686315108874,-0.19935984401446397,0.40402882236492343,-0.01564576860836573,-1.0626761531676865,-0.3144155870555354,-0.03995570734652241,-0.027803330078827945,0.16522284416617602,-0.36999684092680307,0.9250439636043001,0.4138057431989052,0.33059440551527897,-0.12436210991741577,0.4315376439392184,-0.2969799150540094,0.0042410763281453085,-0.041669878182816596,-0.11453150966039762,-0.38688682238210426,-0.6830617924068816,-0.13089363508804241,-0.6392037420888731
0.36641405439646985,0.0,0.6271937958692029,-0.3626447822892996,0.04333536175121922,-0.5602248358848254,0.8108973284706723,-0.5647069971597808,0.8931629327693362,-0.21176341055830686,0.7754525704801789,-0.32345053362459353,0.6835734423452663,-0.6903279509351746,0.9831314533213885,-0.8370212341010506,0.9775176517927151,-0.419092488808006,0.9979237141557173,-0.34281810694759457,1.0728596771828265,-0.5376456417022878,0.9267607450585987,-0.7124233472171276,1.0335061034282351,-0.2558956229811628,0.6468767550666665,-0.42710685850931196,0.7651588173412086,-0.4747836837566583,0.9441935114880006,-0.5980245706952908,0.6357303857561495,-0.8985456342981005
0.36641405439646985,0.0,0.5580664977409883,0.08868804850160354,0.6089499129917487,0.05384094226105353,0.6766969282630034,0.2525674271817536,0.6243463262623746,0.35214012272982564,0.5407490802283773,0.5549332115691833,0.4755850256822189,0.7679060085363666,0.524769991425032,1.065360363644739,0.3449555343926419,1.2503758752147842,0.21718007010961662,1.3064870500281798,0.07929525097043076,1.2680824248572244,-0.038167448359211036,1.3018068265908005,-0.2798506631165389,1.5860207622647577,-0.7389371645309998,1.4265747670758975,-0.46934088712993066,1.3935278978340078,-0.5610455629020875,1.4572271541376083,-0.758638141176929,1.409435143652981
0.36641405439646985,0.0,-1.193151664382501,-0.05572303414806126,-1.2262488276481829,-0.19341065625779263,-1.1010605870198866,-0.12918324886391874,-1.287862859939295,-0.372010971837554,-0.829516100663768,-0.4346678660896874,-0.7316460959672089,-0.09995287618831446,-0.7171723492953076,-0.25687397647573706,-0.7949079070252977,0.15283763280896134,-0.6925983702864953,0.15979181673576778,-0.547161032006092,0.027512333155471646,-0.660240896379169,0.0033691197211003503,-0.6332368679299545,0.09887687320094027,-1.0932272571019288,0.15807291990800465,-0.5916653622655826,0.015666342784833365,-0.5636426057701297,0.024726381115840045,-0.7695384579916028,-0.046719092334159947
0.36641405439646985,0.0,0.04147761385900017,-0.11929838590980313,0.6999729964906589,-0.14603119865094602,-0.13120438542902954,0.7391755941152957,0.44892345675864465,-0.3959489794779785,0.2983122148622346,-0.5859721021616164,-0.019812347506322985,-1.1822495571901974,0.0289912673330545,1.1144402544174592,0.6108780383761787,0.6177189786725239,0.6666372858689045,0.27814215653551183,0.20557185525034952,-0.8786892472199013,1.0393853995489377,0.03759950421118972,0.3563374475652397,0.25006700289500616,0.24837708494988164,0.42815319013551684,0.8708245851145489,0.1465345051911694,0.35564085024517855,0.467006725944196,-0.418225986322845,0.9643444518643199
0.36641405439646985,0.0,0.7138500178589342,1.4491053152405537,0.3899165882546886,1.4493388942549188,-0.26355180097226716,1.6899864812114676,-0.6971948259126162,1.3084793460315078,-1.6401160356373432,1.72700371034991,-1.9542327201176037,1.3802455009595713,-2.15590061006963,0.7144618768144565,-1.2767040083469436,-1.1504328377473703,-2.2379871724965295,-0.7612567009144534,-1.7886660492614233,-1.4808671410117997,-1.2162370631131891,-1.7967529886545492,0.024327906806873034,-1.8156316307727864,-0.2835231054160587,-1.5122621020275726,-0.19263080894954965,-1.9784860765038805,1.0221919466187976,-0.6615147528695758,1.190888260395669,0.036826312935292344
-2.729152956884052,0.0,0.7138500178589342,-2.3564340425875225,0.7499827160172559,1.830814607785369,0.8841103638533642,-2.1237065861778666,0.955064643009499,1.7188843598420989,0.917622227467276,-2.32832290642653,0.9504219161133939,1.8461352047833706,0.9831314533213885,-2.3222995342609427,0.9893657648279564,-1.9589374311041974,1.019684653149813,1.9796273968444311,1.0728596771828265,1.901545027344243,1.0393853995489377,-1.8436329202515112,1.0335061034282351,-1.8156316307727864,0.8686568515556573,-1.6301101970292156,1.0847719507429148,1.9645136947023873,1.134265675756457,-1.8837337783928574,1.2133334344975362,2.0429549029344707
0.36641405439646985,0.0,0.3811837205929543,0.09989255216564225,0.24408701320987383,-0.6030000201819157,0.5688814183858231,-0.32301419901398165,0.7561008070358216,-0.4876726757142835,0.729016764046479,-0.034427405646936644,0.6455333062657848,-0.05087867262070367,0.6583515008826368,-0.35063886705211617,0.9893657648279564,-0.04548698423865561,0.9643605109719345,0.1875418720868996,0.8679371176057652,0.005568920067049271,0.6710860675314326,0.14849324435784936,0.9539546209302999,0.03437629417703171,0.5417157456312693,0.12992930414165169,1.0847719507429148,0.24566151943929496,0.9017519048861031,-0.1991024542878879,1.0341132689915773,-0.12425986638678266
0.36641405439646985,0.0,-0.9565817920604409,-2.3564340425875225,-3.102846215153545,1.830814607785369,-1.130003401832797,-0.21686005248319953,-1.1263647530955074,-0.3901912031908984,-2.637952537747108,1.72700371034991,-0.6710672603350935,-0.18760717265594914,-1.5493454444605834,-1.6231871245420706,0.6719113029112246,0.7020562924165337,0.2292292435919751,0.33640575822709967,-0.5804082500221848,-0.016585487377992546,-2.237444815474018,-0.4812000895398046,-2.1470385858314907,1.9742601756469909,0.8686568515556573,1.8856444271248096,-2.3571097356851087,1.3278769516434235,-0.6087161148758821,0.0030472669053634893,-0.6823738376196543,-0.03477216171244021
0.36641405439646985,0.0,0.7138500178589342,1.0801051733169795,-0.3007800542363008,0.41628424492122096,-1.0079279664945586,0.47654562102952924,-1.7945868464210586,1.1507415846722702,-1.668258409904015,0.6824529570337184,-1.6046558685670744,-0.18760717265594914,-1.4900491287831272,-0.41974473884149566,-1.1835977225555638,-0.9520691304036961,-0.7760207899703653,-1.5677738697848997,0.22117870448316482,-1.120968312534467,0.34430417433826843,-0.7678421902289209,1.0335061034282351,-0.6452357947479355,0.33357056361367265,0.34453096640001335,1.0326274431935303,1.1281245832341138,-0.18618246919079037,0.6891563262176086,-0.5100350895114806,0.6577966007463146
0.36641405439646985,0.0,-0.6772889499585274,-0.322952714653535,-0.7114338258651405,-0.5104689791503627,-0.7132832637123302,-0.34837525791212076,-0.9722349063139316,-0.5047350970192205,-0.7952936935485795,-0.3754600974847514,-0.6433884400931178,-0.23607125351032812,-0.5747544645792569,-0.18941348258610471,-0.6357813930279176,-0.02187644541993862,-0.6250933696701672,0.0504995862899202,-0.5804578480600009,-0.02232069761701203,-0.5994884641926435,0.021736187381448523,-0.6881759272405147,0.1137853902687419,-1.1107804779090793,0.126923333938,-0.6364786618228755,-0.007459350873291399,-0.6089252726907579,0.0028208531799277024,-0.6825254942014237,-0.03489682533631902
-2.729152956884052,0.0,0.7138500178589342,2.1798022586427215,0.7499827160172559,-2.4127552629577216,0.8841103638533642,1.6899864812114676,0.955064643009499,1.7188843598420989,0.917622227467276,1.72700371034991,0.9504219161133939,1.8461352047833706,0.9831314533213885,2.0076423071788714,0.9893657648279564,-1.9589374311041974,-2.2724392491339285,1.9796273968444311,-2.233676177227196,1.901545027344243,-2.237444815474018,1.8933086179678522,1.0335061034282351,-1.8156316307727864,0.8686568515556573,1.8856444271248096,-2.3571097356851087,1.9645136947023873,-2.351697905508221,-1.8837337783928574,-2.578081109736845,2.0429549029344707
0.36641405439646985,0.0,-0.037634514316913885,-0.26620439852514455,0.22116268106940754,-0.29097032758617625,0.09425550950187939,-0.36641402612087226,0.1796281214905788,-0.6383239431817305,0.35987699192192174,-0.539214186270184,0.40993092892781957,-0.46673831395949583,0.4291864650947754,-0.36958236260841537,0.2543916222374349,-0.23437129478839155,0.27734363442385196,-0.3533922981636898,0.3921100754768909,-0.39269251870472843,0.4932524917621368,-0.41479463840564645,0.08856116788049789,-0.3767279951226586,-0.07314171826744979,-0.30586606029536045,0.34240969920568654,-0.625504850011018,0.14315394014919006,-0.40391253675500977,0.2097270475659744,-0.6051290182286637
0.36641405439646985,0.0,0.6048842564090905,-0.14921486431641662,-3.102846215153545,0.2634732938757622,-1.8629998245789614,0.46272098366024284,0.31519161805889795,-1.7279145605558377,0.917622227467276,-0.36864714876856697,-1.1416234193404444,-0.1987927557318654,-1.4472955120797415,0.17720269312860434,0.8577001455546222,-0.9087766275200386,1.019684653149813,-0.9071459960592003,-1.0720074681765948,-0.6199142594787244,-1.8092286429748183,0.7229172129052388,0.7559192774380361,-0.7869825761956866,-0.07711939288102043,-0.8940869664625705,1.0847719507429148,-1.2173491156690788,-0.7766349805854015,0.38940342155108015,-0.7983342514550629,0.8360655828930196
0.36641405439646985,0.0,0.12625789808219412,-0.6504236132393463,0.06317743074674902,-0.1987151185962215,-0.21928158040248535,0.5127184997737171,0.23108105616229474,-0.005052914625442798,0.028728536163680034,0.2459376000039025,0.26657507083800885,-0.6562424286892916,0.20520083221150928,0.6615932869304764,-0.009721885120363347,-0.8372218405868244,-0.03236292168349092,-0.44009682795374055,-0.13473681488553002,0.20858385374525065,0.27336080018302145,-0.04700485221409667,-0.14885405271156593,-0.11957538725368656,-0.12219970516815529,0.052811226460833166,0.19587158640601354,-0.09467850581237405,0.5128578077602156,-0.4727423092874889,0.27372612507265065,0.2723782302543126
0.36641405439646985,0.0,0.23570777250404754,-0.26473012172724475,0.7499827160172559,-0.9196552039367653,0.8841103638533642,-1.851809338938344,0.5387787637884979,-0.26130559553395194,-0.050276335119383536,-1.1680534081006226,0.9504219161133939,-0.44347230116159,0.9831314533213885,-1.965490676817095,0.16242614512895312,0.03177498591895057,0.727047759475811,-0.053188898538686406,1.0433488446822168,-0.3990223494033118,1.0393853995489377,0.4365927522468712,0.510793311679578,-0.3958657417731656,0.7132702790892028,-0.3037741862939889,0.7214641293320048,0.03317326176898919,0.9162535133841642,-0.5083647354227193,1.2133334344975362,-1.219845347575099
-2.729152956884052,0.0,-1.3032873655147015,-0.08831589197240057,-1.1764317495681444,-0.29097032758617625,-1.130003401832797,-0.21686005248319953,-1.1263647530955074,-0.3901912031908984,-0.8601651551399159,-0.30065959803830994,0.9504219161133939,1.8461352047833706,0.9831314533213885,2.0076423071788714,0.9893657648279564,-1.9589374311041974,-0.6263772979920579,0.06053643203586897,1.0728596771828265,1.901545027344243,1.0393853995489377,-1.8436329202515112,1.0335061034282351,2.046678490419343,0.8686568515556573,0.12776711504779698,1.0847719507429148,1.9645136947023873,1.134265675756457,-1.8837337783928574,-0.6823738376196543,-0.03477216171244021
-2.729152956884052,0.0,0.7138500178589342,-2.3564340425875225,0.7499827160172559,1.830814607785369,0.8841103638533642,-2.1237065861778666,0.955064643009499,1.7188843598420989,0.917622227467276,-2.32832290642653,0.9504219161133939,-2.221349550095269,0.9831314533213885,-2.3222995342609427,0.9893657648279564,1.9500921746436486,1.019684653149813,1.9796273968444311,1.0728596771828265,1.901545027344243,1.0393853995489377,-1.8436329202515112,1.0335061034282351,2.046678490419343,0.8686568515556573,1.8856444271248096,1.0847719507429148,1.9645136947023873,1.134265675756457,1.8898283122035844,1.2133334344975362,-2.1124992263593514
-2.729152956884052,0.0,0.7138500178589342,-2.3564340425875225,-3.102846215153545,1.830814607785369,-3.144117167518958,1.6899864812114676,0.955064643009499,1.7188843598420989,0.917622227467276,1.72700371034991,-2.2925564367835807,-2.221349550095269,-2.15590061006963,-2.3222995342609427,0.9893657648279564,1.9500921746436486,1.019684653149813,-1.858554532772693,-2.233676177227196,-1.934716002100228,-2.237444815474018,-1.8436329202515112,1.0335061034282351,0.11552342982327836,0.8686568515556573,-1.6301101970292156,1.0847719507429148,-1.9784860765038805,-2.351697905508221,1.8898283122035844,-2.578081109736845,2.0429549029344707
0.36641405439646985,0.0,0.7138500178589342,0.2927506385124461,0.7374995502802624,0.05560202375741197,0.7756704787088213,0.4190160611079611,0.7835340464764855,0.08667078161086225,0.764874735553666,0.45174542580530685,0.6950373708227572,0.7661976649393175,0.6850960540627282,0.9083783221833387,0.6385345003030073,0.9398230181861464,0.4450608866256972,1.1539768910548431,0.3545643608500651,1.0972920838263567,0.31169971369879,1.2341121306259568,0.14386166837073283,1.1822162390941207,-0.2530671788972261,1.3429701221135149,-0.02206836197860898,1.4942518269894718,-0.017479261675486257,1.2642471888245064,-0.26340357340903403,1.6000873791049819
0.36641405439646985,0.0,0.6152725139334647,-0.0788124769213232,0.657187331210007,-0.3487465313763435,0.7519442185490383,-0.2534715059301372,0.8424593126802181,-0.35631944964858847,0.8555774478142849,-0.23413196489009241,0.8559053120182116,-0.03853385638964699,0.898769966617755,-0.18603612794978164,0.9432933913057734,-0.001686307506250994,0.9346490927538238,0.17641114449100995,0.9516751381186989,0.14476765152044188,0.9267279767564485,0.2133104953382642,0.9391871670178749,0.1418064501979908,0.7404609503282387,0.21434257266758985,0.9670423876586445,0.15404591975531734,1.0308371363003341,0.0023868935395091116,1.051876046131315,0.06313033757372224
0.36641405439646985,0.0,-0.7990030196712926,0.2897113601906219,-0.2774319109134058,0.2748460611293538,-0.7465967053967792,0.24013478778206437,-0.9647209461939925,0.03033737332225093,-0.841142830146019,0.0019083208393802387,-0.7094479091416291,0.01959050075756876,-0.6442212441421002,-0.02056740047915915,-0.7017364321663238,0.06316449365310577,-0.6795450990139403,0.08993690561673613,-0.6213100985412368,-0.009737761440434166,-0.6273087527181883,0.019736923658501163,-0.7065233699801943,0.10511450404666557,-1.1225749757682244,0.11746595399902567,-0.6412284585501461,-0.017237990305882942,-0.6102673686695448,-0.004650799759453252,-0.6818999108016252,-0.04081834747056271
0.36641405439646985,0.0,0.20532968351044065,-0.06926369950723354,0.4285026700003642,-0.25576991550836237,0.534419931854933,-0.1697800115662782,0.675216460703181,-0.3547376429763137,0.2154673228327395,-0.18139244223891485,0.6114171739933086,-0.09139082077929492,0.6290643317311987,-0.04026863585771031,0.4141700269107568,0.37334599286919734,0.7568744020305018,0.14117663437712474,0.5981237918859074,0.12002376788052506,0.5297563803574925,0.1664118790336112,0.4549764666469504,0.2777983895651656,0.15085479392661524,0.2736006168577059,0.4195422677985387,0.026154722176242033,0.4054726996393571,0.1682726830421287,0.36652099604278726,0.14995855160531665
0.36641405439646985,0.0,0.7138500178589342,2.1798022586427215,-1.1764317495681444,-0.29097032758617625,-1.130003401832797,-0.21686005248319953,-1.1263647530955074,-0.3901912031908984,-0.011378347187938261,-2.1072670525460464,-1.5061990457731225,0.7375218974174231,-2.0850997418798456,0.46122522821784906,0.4134529471672209,1.9500921746436486,-0.6263772979920579,0.06053643203586897,-0.5804082500221848,-0.016585487377992546,0.41727918322682955,0.4041560996951271,-2.4087908458549867,-1.8156316307727864,0.8686568515556573,-1.6301101970292156,1.0847719507429148,1.9645136947023873,-0.6087161148758821,0.0030472669053634893,-0.6823738376196543,-0.03477216171244021
0.36641405439646985,0.0,0.03127089869912967,-2.3564340425875225,0.7499827160172559,1.830814607785369,0.8841103638533642,-1.5005682074317863,0.5573659282957155,-1.2432279054152244,0.917622227467276,-2.32832290642653,0.9504219161133939,-2.0052644224923415,0.9831314533213885,1.4316084943029257,-0.35370829754792416,1.3829310691456937,1.019684653149813,1.5581182573338783,1.0728596771828265,1.6189660399153631,1.0393853995489377,-1.8436329202515112,1.0335061034282351,1.7638994548962614,0.8686568515556573,-0.022900549370323757,1.015624547662576,-0.7216548994318828,1.134265675756457,1.2345115195506065,1.2133334344975362,0.686864002380725
0.36641405439646985,0.0,0.7138500178589342,0.4346667911964343,0.7499827160172559,-1.9567624624970228,0.8841103638533642,-0.41519116045278187,0.955064643009499,-0.06509829590499222,0.917622227467276,0.2634363343552929,0.9199379195961622,-0.32714223717206087,0.9831314533213885,-0.014224035681449816,0.92094983838787,-0.37488136396699784,0.7494671232503635,-0.2394750584926535,1.029874711075496,0.05492241821085239,1.0332249587446947,0.1975219173392874,1.0335061034282351,0.09132605691400966,0.7942090311762888,0.046957495011616716,0.9327268272449569,0.06960657965493511,1.134265675756457,-0.2558568281304584,1.1474196926460216,-0.2782194418771188
0.36641405439646985,0.0,-0.01603097294098225,2.1798022586427215,-0.7751018239527381,-2.4127552629577216,0.8841103638533642,1.6899864812114676,0.6994442988738433,0.2619560516545346,-2.0492560238705626,1.72700371034991,-0.7670756344726083,1.007663897412688,-0.5588552671781815,-0.04812748029992358,-1.480240574642855,-1.9589374311041974,-0.3917476274762956,-0.002582469796684634,-0.040202954807947465,-0.857877531135165,-2.237444815474018,1.8933086179678522,0.7051281859513622,-1.8156316307727864,0.8686568515556573,0.019833448086268402,1.0847719507429148,1.9645136947023873,-0.24941784855493165,-1.8837337783928574,1.2133334344975362,2.0429549029344707
0.36641405439646985,0.0,-3.320424748888337,-2.3564340425875225,-1.1764317495681444,-0.29097032758617625,-0.10655163293703089,-1.7137727183641873,0.13469006082867171,0.30367356629132736,-2.637952537747108,-1.1394633554523488,-0.6710672603350935,-0.18760717265594914,-0.5863845783741207,-0.1573286135410357,0.9893657648279564,-0.5264735320778994,-0.025860976976480606,-1.1584317669912334,1.0243858615571755,-1.934716002100228,-2.237444815474018,-1.8436329202515112,1.0335061034282351,-1.0356187902474299,-3.0892283360769075,-1.6301101970292156,-2.3571097356851087,-1.9784860765038805,1.134265675756457,-1.8837337783928574,-0.6823738376196543,-0.03477216171244021
0.36641405439646985,0.0,0.3230699925779598,0.20810446913148975,0.2310259231332048,0.22511142224424469,0.17141620786531614,0.14616539060159117,-0.35783857717165585,0.5710621661726507,-0.06384085284867647,0.6409669657440956,-0.26569496622297156,0.9778899090069764,-0.1909920996693881,0.6462003436841578,-0.39239800916506673,1.0095210160566306,-0.7878230541600526,1.164013736800792,-0.6376443856620223,0.8060047838606381,-0.7441277498837566,0.8548873033274557,-0.9448335877790717,0.8881013233653401,-1.504886895467592,0.7426022837198529,-1.0463035142258603,0.5754145903052752,-1.0729418849928993,0.45391246548982633,-1.1344241937287196,0.6125229280076584
0.36641405439646985,0.0,-1.3032873655147015,-0.08831589197240057,-1.1764317495681444,-0.29097032758617625,0.8841103638533642,1.6899864812114676,-3.207794149200514,-2.4992667662238954,-0.8601651551399159,-0.30065959803830994,0.9504219161133939,-0.41357628821323195,-0.5863845783741207,-0.1573286135410357,-0.6403609250264084,-0.004422628230274487,-2.2724392491339285,1.9796273968444311,1.0728596771828265,1.901545027344243,1.0393853995489377,-1.8436329202515112,-0.6876423712133758,0.11552342982327836,0.8686568515556573,-1.6301101970292156,-0.636168892471097,-0.006986190900746646,-0.6087161148758821,0.0030472669053634893,1.2133334344975362,2.0429549029344707
0.36641405439646985,0.0,-3.320424748888337,-2.3564340425875225,0.7499827160172559,1.830814607785369,0.8841103638533642,-0.4909692417018079,-1.1263647530955074,-0.3901912031908984,-2.637952537747108,1.72700371034991,0.9504219161133939,1.8461352047833706,-0.30517439097523635,-2.3222995342609427,-2.270087614880773,-1.9589374311041974,-0.48234687726714415,-1.858554532772693,1.0728596771828265,-1.934716002100228,-2.237444815474018,1.8933086179678522,-2.4087908458549867,-1.8156316307727864,0.8686568515556573,-1.6301101970292156,-2.3571097356851087,-1.9784860765038805,1.134265675756457,1.8898283122035844,-0.6823738376196543,-0.03477216171244021
0.36641405439646985,0.0,-1.3162172161421266,-1.2223749672799615,-1.1764317495681444,-0.29097032758617625,-1.1687348095469416,1.6899864812114676,-1.1263647530955074,-0.3901912031908984,-0.8601651551399159,-0.30065959803830994,-0.6710672603350935,-0.18760717265594914,-0.5863845783741207,-0.1573286135410357,-0.6403609250264084,-0.004422628230274487,-0.10934923913839627,1.8443122929157791,-1.1632843904375834,1.4097171820643144,-1.1661670974276384,-1.4843073066440282,-0.6876423712133758,0.11552342982327836,-2.328087435643289,-0.7737075281315366,-0.636168892471097,-0.006986190900746646,-0.6087161148758821,0.0030472669053634893,-0.6823738376196543,-0.03477216171244021
0.36641405439646985,0.0,0.4538611805159064,0.009802899223209609,0.3636595590887596,0.09725266203875536,0.8641504964354144,0.3416934341666424,0.735577913190226,-0.5660248328809594,0.7149189101024039,-0.34178060993242304,0.7955048401955055,-0.7311044856028329,0.8169197055648341,0.27488618107148655,0.8042940019280947,-0.095151205379682,0.7637549409862749,0.041518240574616117,1.0378434624846242,-0.6692102137070859,0.6945645560220722,-0.44416699889605066,0.8039221083957906,-0.062007654897317875,0.5909518373654185,0.07664804281259745,0.7194850473623087,-0.08783740120933117,0.7148171078407846,0.41459194850581144,0.9903603451511125,0.1562332873405503
0.36641405439646985,0.0,0.4453488607580697,0.7270725831737357,0.2108563636785257,1.1235600352779718,-0.38073293985988804,1.3667569252848843,-0.9464043675082685,1.421357070165034,-1.2889319160771187,1.445584319778709,-1.510398702740124,1.1867349137462198,-1.6648618243933728,0.7416539115786985,-1.8955601242853415,0.1890352469581864,-1.768694910225982,-0.2014578664797959,-1.3985774818374006,-0.8261708337268064,-1.1321208314935498,-1.0528774060566028,-0.7365918338321832,-1.0422812752064863,-0.8063201598504443,-0.8061403645393574,-0.08015011543708188,-0.738176068473237,0.19634974439928912,-0.3682901106197794,0.0940320327486622,0.003042470864133579
-2.729152956884052,0.0,-1.3032873655147015,-0.08831589197240057,-3.102846215153545,-2.4127552629577216,0.8841103638533642,1.6899864812114676,-3.207794149200514,1.7188843598420989,-2.637952537747108,1.72700371034991,0.9504219161133939,-2.221349550095269,0.9831314533213885,2.0076423071788714,-2.270087614880773,-1.9589374311041974,-2.2724392491339285,1.9796273968444311,1.0728596771828265,-1.934716002100228,-2.237444815474018,1.8933086179678522,-2.4087908458549867,2.046678490419343,0.8686568515556573,-1.6301101970292156,-2.3571097356851087,1.9645136947023873,-2.351697905508221,-1.8837337783928574,1.2133334344975362,-2.1124992263593514
0.36641405439646985,0.0,0.7138500178589342,-0.41120519189396926,0.7499827160172559,-0.6358876866801747,0.8841103638533642,-0.66794366849401,0.955064643009499,-0.5486671409971978,0.917622227467276,-0.8077781914662038,0.9504219161133939,-0.7196545160178496,0.9831314533213885,-0.6330809733692353,0.9893657648279564,-0.7589826130277812,1.019684653149813,-0.8253543391390593,1.0728596771828265,-0.6978862649021833,1.0393853995489377,-1.0899104967003566,1.0335061034282351,-0.8045367756965048,0.8453053289486251,-0.7456693850039081,1.0847719507429148,-1.501777404165043,1.134265675756457,-1.4263969208230216,1.2133334344975362,-1.7891425632883524
0.36641405439646985,0.0,0.41549522748413975,0.801965844507047,-0.4273069563359499,1.3307523342170031,-0.9515932044683167,1.669068374736837,-2.0135740331852663,1.4814868144671047,-2.2153546990275523,0.7127665234941224,-2.180543964474519,0.03138620654671681,-1.934598849600563,-0.8294221861693236,-1.716469458337245,-1.0845265985944617,-0.9434088297819822,-1.5910908250073237,-0.11015272080799142,-1.5606038265088031,0.46018927489255523,-0.6334244030991704,0.6516521028442475,-0.33489917651014783,0.30857651865377295,0.5029508697643937,0.014863028516763773,1.1425953923944407,-0.26592388611221984,1.2542661170948788,-0.8949774081875973,1.3143583531747385
0.36641405439646985,0.0,0.7138500178589342,-2.1852591657605993,0.7499827160172559,1.3103831988374361,-0.14193961180013678,-0.3247875662903177,0.16961644609531376,-0.3901912031908984,0.917622227467276,-0.3017545362248396,0.0631916834360751,-0.03412063543060368,0.3908588836007711,-0.2798659676537824,0.9710802313677903,-0.006083965812717321,0.24323723079619244,0.06053643203586897,0.2930131959202225,0.12817582256809454,0.9605776328776356,0.022745161596767753,1.0335061034282351,1.6458672575926299,0.7141410138304819,0.1255170320883384,0.9873666990170017,-1.9784860765038805,1.134265675756457,0.8218347693229794,0.14028729018832173,-0.26999164270111703
0.36641405439646985,0.0,-0.27037182561056383,2.1798022586427215,0.7499827160172559,0.8507621461372522,0.3036024943072988,1.3245012060982106,-0.1767750340044813,0.5889893084584312,-0.27205531109963077,1.72700371034991,-0.32651702523155435,1.8461352047833706,-0.8597314904542106,2.0076423071788714,-1.1794908112971307,1.9251134754629198,-1.636763044841961,1.9796273968444311,-1.4512505979981523,1.358694910372703,-2.0490270781101985,0.9197232390155615,-2.4087908458549867,0.7948072223879441,-3.0892283360769075,0.2959783950404463,-2.3571097356851087,-0.33648296678159845,-2.351697905508221,-0.7936648972822633,-2.4245856919135162,-1.3968676934830158
0.36641405439646985,0.0,0.20787127661349153,-0.03050156031322111,0.7306029864934668,-0.08320514671459457,0.3978025951284405,0.02868457566066273,0.42040787403200597,-0.5839730659223702,0.843701828098469,-0.2503329947241143,0.9167111561350298,-0.19714542440613955,0.9220772796884331,0.06339017182635884,0.8505456453861615,0.06898894776567006,0.5427546634259672,0.11202564262168269,0.7623924931329973,-0.17095663120283805,1.0393853995489377,0.024837848858170596,0.5475226201284298,0.09221438824188385,0.5178101190979687,0.17262814405200233,0.6103946073109726,-0.028140384673268275,0.9670962922169093,0.21183845737806462,0.6984024681723437,0.022365332565349852
0.36641405439646985,0.0,0.7138500178589342,0.10175240904914665,0.7499827160172559,0.0779444191268743,0.8841103638533642,-0.47062318918728585,0.9170161136486996,0.9705843500779914,0.917622227467276,0.670672233211983,0.9504219161133939,1.0145989589197562,0.9831314533213885,1.3745615105419562,0.9893657648279564,1.613466090144673,1.019684653149813,1.8855727486591631,1.0728596771828265,1.901545027344243,1.007305231743863,1.8933086179678522,0.889342707192254,2.046678490419343,0.5500273045252977,1.8856444271248096,0.6514734652384909,1.9645136947023873,0.5130321059392788,1.8898283122035844,0.3124743817147261,2.0429549029344707
0.36641405439646985,0.0,0.406902222230968,0.15205926962979005,0.7499827160172559,0.5392841176247093,0.8841103638533642,-2.1237065861778666,0.2669024560692618,-0.21252267776099873,0.917622227467276,0.247580007283697,0.9504219161133939,1.0448000332247296,0.9831314533213885,0.6113876112789818,0.9893657648279564,0.04780200730251674,0.33531793634306867,-0.7651524555730148,1.0728596771828265,1.201350664250038,0.8612896773624401,0.5215708028259795,0.8791707197071219,-0.528188486525208,0.8686568515556573,0.40800791613911436,0.012298826660374814,-0.04537129367343967,1.134265675756457,0.42689376092115583,1.2133334344975362,0.7424847559013227
0.36641405439646985,0.0,0.4738711833589727,-0.10775366452317217,0.5538351951313504,-0.34327232624308485,0.7653783573661651,-0.25160279632711635,0.7297499108811322,-0.6592037912557572,0.6013182963538044,-0.5223237509113101,0.7696745176146811,-0.16362935002593956,0.8384534655196964,-0.4543409741545998,0.779750317978888,-0.12382393753784243,0.8679506624935552,0.015284267085683081,0.8744013952011366,-0.2961913725090528,0.7584135927617944,-0.20746912186523614,0.863783652343826,-0.26118698784719596,0.6360321496525533,-0.1342093407710402,0.8154791275967864,-0.26056050618702176,0.9324981036728576,-0.34679967451383265,1.0568807133297045,-0.38439129488057594
0.36641405439646985,0.0,0.3633522261239312,0.09667182439176876,0.34693828152747846,-0.4640231069150795,0.6912791119265711,-0.250668441525606,0.8074496702377321,-0.36775063920022727,0.5645892090291399,-0.12090724574969422,0.8641749068180989,-0.2020264061119939,0.8940771136829853,-0.1573286135410357,0.8795547804655692,0.39064344887463154,0.9379576772756191,0.04693007709537627,0.9321500438984078,-0.0029859420286118972,0.7198289169798991,0.15734979580342923,0.8809262911512564,0.42367784284259236,0.6614021937052781,0.27129779757888506,0.7003137663689045,0.12585347139119252,1.0044658218080667,0.3442716189475467,1.0721601139429688,-0.03477216171244021
-2.729152956884052,0.0,0.7138500178589342,2.1798022586427215,0.7499827160172559,-2.4127552629577216,0.8841103638533642,1.6899864812114676,0.955064643009499,1.7188843598420989,0.917622227467276,1.72700371034991,0.9504219161133939,-2.221349550095269,0.9831314533213885,2.0076423071788714,0.9893657648279564,-1.9589374311041974,1.019684653149813,-1.858554532772693,1.0728596771828265,1.901545027344243,1.0393853995489377,1.8933086179678522,1.0335061034282351,-1.8156316307727864,0.8686568515556573,1.8856444271248096,1.0847719507429148,1.9645136947023873,1.134265675756457,1.8898283122035844,1.2133334344975362,2.0429549029344707
0.36641405439646985,0.0,0.6349194320475239,0.10719589261062294,0.6875668873322889,0.11808859010410393,0.8040694828049961,0.3065883894813235,0.9143518840216851,0.34908196316342777,0.790812653465905,0.6377632577168422,0.7277103777281941,0.8804533117038585,0.7134885990761001,1.1155443895870265,0.5532834971567254,1.3454630203746005,0.5094548301543673,1.4641595636968512,0.32017638796420095,1.30347193285385,0.19296377085743313,1.448556520796675,0.011402081762314506,1.5578838330318732,-0.4492991265000487,1.6007979874758502,-0.20689740853979385,1.6897063256481666,-0.36895153975649747,1.6414335875900736,-0.510850243638491,1.757994636018147
0.36641405439646985,0.0,0.7138500178589342,0.059973672714816094,0.7499827160172559,0.14921517510600454,0.8841103638533642,0.2842782850370959,0.810426114274162,0.289205307928921,0.6824742903698228,0.4909198809233673,0.5527354806976378,0.8309316848132111,0.6622439006412416,0.9754058218888269,0.43450901600013936,1.1830623854038063,0.3220671376363766,1.269544548955615,0.20996954793671482,1.27115143368078,0.06539677058658948,1.3110931263132757,-0.09584267969260432,1.5075386206021337,-0.5618811706622571,1.400224186167863,-0.30409614736452123,1.3865093582412606,-0.4105042256451724,1.3745106731117342,-0.5498638992986626,1.449639162353899
0.36641405439646985,0.0,-0.2947186738278837,-0.08831589197240057,-0.430986407965218,-0.06956206958015552,-0.14046930875118588,-0.09249552155563336,-0.14898795156647954,-0.4727193299723796,-0.22634839749279986,-0.5563276645929806,0.06917497849716997,-0.09033327474302648,0.20520083221150928,-0.10084452221945331,-0.05933076555953024,0.3779781929520085,0.06783286928251472,0.3442356493635187,0.11684096559725657,-0.06662951250709567,-0.07188603127179723,-0.18637408688198784,0.12802710240403004,0.0987223807960926,-0.2833054217307389,0.24920127976607698,0.029766376218997116,0.07015859962290398,0.005109782331108807,0.28197010883179946,0.16658075005258713,0.32656535210030413
0.36641405439646985,0.0,0.7138500178589342,-0.9465264378021504,0.07313699353382533,0.33983633369978417,0.1764514922795314,-0.6806814033390903,0.6737802744198684,0.008824802579314329,0.917622227467276,-0.8486761603963943,0.16158364666296932,-0.18760717265594914,0.38925797724844163,-0.2743452918059467,-0.1118079649728408,-0.4270278189076741,0.5560383833716822,-0.2784901778072116,0.4472961588869941,0.08708946694274428,0.6408573087978459,0.27734298859565304,-0.0829168546480458,-0.45860896969193177,0.09748271217139023,-0.2618312336278313,0.37020289382359284,-0.4609634695585803,0.6631899872022547,-1.1188138748185055,0.29109080368524426,-0.5401584929171549
0.36641405439646985,0.0,0.6035327743622301,-0.16806292614802823,-3.102846215153545,-0.9954665796775903,-3.144117167518958,-0.24666406380484718,0.8981583633199881,-0.36547283759215166,0.7995593673883324,-0.3402598624511318,-2.2925564367835807,0.1460486017867457,-2.15590061006963,-0.16579364984105052,0.9129804748744823,-0.07314336869932161,0.8910942935266101,0.00806848505800289,-2.220764154715725,0.20820022764230622,-2.128637668184181,0.6744303964468426,0.9595483534728851,0.10797261353634775,0.5132585511321911,0.36961587564335235,0.9167048679946347,-0.13791349830365077,-2.351697905508221,-0.3507241790880529,-2.578081109736845,-0.7489908401848159
0.36641405439646985,0.0,0.3783395568823974,0.6251433534850922,0.08615955532118283,0.9326842624919475,-0.42582894707360125,1.1308418721361801,-0.7664231676270685,1.2748606815567618,-1.1975180888634567,1.3191595125007034,-1.3476984787752826,1.1656653427159485,-1.6602631424205052,0.8763151028474767,-1.8581741940200822,0.37655139714591057,-1.81450481432626,-0.03324954341432544,-1.6059303452674532,-0.5574023860039268,-1.4045564955705583,-0.9741026784309387,-1.1450720013188767,-1.1593092718786078,-1.1405635639460143,-1.0975788441086054,-0.24537764579405913,-1.2771841371971338,0.14250903688665612,-0.9630978351500433,0.5434283986767634,-0.6596485764049987
0.36641405439646985,0.0,0.0713514185067637,0.14688796024638756,0.30762016228488037,-0.21762022237038198,0.18289665632972732,-0.061490196917758075,0.1430574070010139,-0.4006100364722814,0.5445002116056786,-0.0603409427281381,0.2978211672681712,-0.08718097405799552,0.39407639146574686,0.05115808612429136,0.6352587496564,-0.34706861832210195,0.5888608586774511,-0.1479536103809332,0.2237743351288767,0.0023656421074631393,0.40020689780656,0.17708084712522748,0.4597956823759469,-0.13243687995725634,0.1517453180938327,0.0846815421287894,0.6810908571502042,0.03682053655735499,0.4585987846178307,-0.1320462559379891,0.29122350319429247,-0.1322383383150268
0.36641405439646985,0.0,0.605912996474611,-0.06808427806891368,0.6977190915659239,-0.29648696841814226,0.8623982174592674,-0.20976658337785536,0.8676654226670499,-0.3564881756936311,0.8119149896974525,-0.22908308325220578,0.9052310127657746,-0.09163486986458763,0.9615506078855752,-0.11710345383405982,0.8960965063675911,0.1350320029547799,0.9958332154777672,0.04698764982432052,1.0359918024061547,0.07893741225517477,0.9797143213333698,0.15746190404957583,0.9177416570238405,0.2719663012821656,0.7745185523678167,0.20434025076187165,1.041283775634897,0.00914067816348699,1.0967044181683303,0.13627287651387088,1.2133334344975362,-0.04017425208052217
0.36641405439646985,0.0,0.7138500178589342,0.17852820844746856,0.7499827160172559,0.20826444985739462,0.8841103638533642,0.5683030762309166,0.955064643009499,-0.26613537857329755,0.917622227467276,0.17642930179235436,0.9504219161133939,0.05166261804978684,0.9831314533213885,0.8614850520405455,0.9893657648279564,-0.11938718893531863,1.019684653149813,-0.16524461997385834,1.0728596771828265,0.6603994964880732,1.0393853995489377,0.7941993727467732,1.0335061034282351,-0.11167696305584868,0.8686568515556573,0.48329780141537276,1.0847719507429148,0.10897743237042969,1.134265675756457,0.6689677690329174,1.2133334344975362,0.4540962393283315
0.36641405439646985,0.0,0.7138500178589342,0.4423103493640072,0.5843881285555348,0.8126336708486255,0.441408158155546,1.1588153107854808,-0.13435550291186127,1.3861144175067526,-0.3688025004611141,1.559315954746204,-0.5175608800007151,1.6071298005867019,-0.9313642021407936,1.821541406833788,-1.1972059404158477,1.471568315456026,-1.4717947160985225,1.2988682588978897,-1.6472124454097623,0.8391692604601855,-1.8131280709306956,0.5697212945459359,-1.9068695276800003,0.18487120804928303,-2.529801054230983,-0.08217617233356062,-1.7541264830397831,-0.5626140036602779,-1.5020117123928622,-0.8366646373046097,-1.3919749837185613,-1.1425954553115267
0.36641405439646985,0.0,0.4054902260626066,-0.16536386554879626,0.48822151843351164,-0.47117352214728164,0.5206232525599827,-0.21686005248319953,0.407086725896934,-0.5513878484735104,0.41939731349161047,-0.5761784883821013,0.5441902327377544,-0.4250872700695385,0.6299118703883142,-0.5618317803683431,0.6329771322906039,-0.4193856660284371,0.3941152692378563,-0.13503812818777158,0.7288642195692797,-0.3179429725460029,0.8654512517355193,-0.0386341031684853,0.7740601823607587,-0.388797714251384,0.35640756114631256,-0.28202924394359613,0.5038167408907288,-0.4464926603982533,0.6568803931201658,-0.7100050257337401,0.5653238176697171,-0.5509003418413793
0.36641405439646985,0.0,0.3069934076324719,0.12527279427102547,0.328656608249073,0.1473055686641701,0.31266600625288665,0.3183536325942196,0.31648210428448315,0.4798446480714736,0.31169895385326685,0.7156458053920336,0.26774254304505185,1.0491929167599987,0.18597426082323934,1.107988641073714,-0.09678188489238354,1.3219306621479985,-0.13935694850771252,1.2800803583524138,-0.4217110616897758,1.2897381183684387,-0.5651800518413531,1.3745463936322404,-0.8382084397750239,1.3356851317596898,-1.3462746465732167,1.1947283283860606,-0.9498275705552828,1.097349470019849,-1.0534553485736298,0.9785319351349967,-1.2006412487437732,0.8475761908311635
0.36641405439646985,0.0,0.5477790970857828,0.32443624907653934,0.4820184638543267,0.4631756919929321,0.33774172263567925,0.6554650312860998,0.13133895950094265,1.0833144389221052,0.03541301672228305,1.2185063058723122,-0.08570966763718953,1.4758924049705422,-0.3405355871693362,1.6516777883941043,-0.633907207334585,1.6610194352985954,-0.8961668517842104,1.5546063208682788,-1.1755185730989006,1.4448956957043202,-1.3049736253360107,1.2465374612405362,-1.6022606706379277,1.1561456457760737,-2.3041422302581123,0.8480046073519905,-1.746365039836888,0.5319824478254381,-1.754029449500392,0.26091363236627135,-1.896688087847042,0.07730043615461417
0.36641405439646985,0.0,-0.2853188136213625,-0.4716278594263562,0.1998372729353773,-0.2588677215140048,0.30128626347675974,-0.17380345775237396,0.29036016536336523,-0.36315285447281537,-0.24478405265043643,-0.18723211256707292,0.4485710160025871,-0.09826487001503982,0.482471534370838,-0.047824384371022786,0.45193079431468247,0.1068283543493092,0.41727536089042244,-0.02893158874350619,0.4859991610628635,0.1149215407113639,0.4344333894024749,0.16274967632615622,0.7586903264822091,0.4643865915199575,0.07579350134316384,0.2737412470426721,0.02171237307275551,0.1262872013660252,0.3754759830225747,0.17372548026304055,0.3532889592834093,0.1594122097494601
0.36641405439646985,0.0,0.7138500178589342,-0.21372014451991067,0.7499827160172559,-2.4127552629577216,-0.12294651898971631,-0.428729770842014,-0.37473978386802853,-0.8588699748080911,0.917622227467276,-0.8220123878910891,-0.400813659296424,-0.41357628821323195,0.9831314533213885,-0.9077075346625555,0.9893657648279564,-0.7638102645908798,1.019684653149813,-0.7620243373003769,-0.5804082500221848,-0.4961181160585514,1.0393853995489377,-0.9156195433578057,1.0335061034282351,-0.4209128229090966,0.8686568515556573,-0.8758401999632109,1.0847719507429148,-0.5546294291235853,1.134265675756457,-1.1885681700631807,1.2133334344975362,-1.404721501787381
-2.729152956884052,0.0,-1.3032873655147015,-0.08831589197240057,-3.102846215153545,1.830814607785369,0.8841103638533642,1.6899864812114676,-3.207794149200514,-2.4992667662238954,-0.8601651551399159,-0.30065959803830994,-2.2925564367835807,-2.221349550095269,-2.15590061006963,-0.8338820262660066,-2.270087614880773,-1.9589374311041974,1.019684653149813,-1.858554532772693,1.0728596771828265,-1.934716002100228,-0.5990297079625402,0.024837848858170596,1.0335061034282351,-1.8156316307727864,-3.0892283360769075,-1.6301101970292156,-0.636168892471097,-0.006986190900746646,1.134265675756457,-1.8837337783928574,-0.6823738376196543,-0.03477216171244021
0.36641405439646985,0.0,0.15740249928148306,-0.11290229272506849,0.35899763608204294,-0.26797017888674873,0.4812876107161321,-0.21310356481182105,0.5182766842368635,-0.36732882408762074,0.5340468217959483,-0.3206320816259339,0.6804439682347208,-0.12149020796539685,0.7496345532860477,-0.12106535061897725,0.6650338562800392,-0.019824204876921,0.6758716934148103,0.0038081031161278827,0.6754306001620137,0.047671884865202345,0.6261443411323928,0.12792138118995175,0.5621007477086444,0.08698095802766852,0.43410084737953997,0.1385253241977083,0.6388589688577324,-0.10605406015230415,0.8371918593610811,0.0588205146043789,0.8155192634437438,-0.018399672443022545
0.36641405439646985,0.0,0.7138500178589342,-0.11505700496815285,0.7499827160172559,-0.29824804991450066,0.8841103638533642,-0.2467022007355211,0.955064643009499,-0.4231982357523648,0.917622227467276,-0.35761666037093504,0.9504219161133939,-0.23208511845054705,0.9804318857468721,-0.22416126586365923,0.9816734548518439,-0.06770981754733212,1.0083926681649797,-0.005710588069322589,1.0728596771828265,-0.09102813265436249,1.0393853995489377,-0.06931439319726627,1.0335061034282351,0.020298173785286405,0.8655301222574275,0.030609236009300496,1.0744463056836306,-0.1312695436891682,1.117829357470794,-0.11953689760766191,1.1938266066674506,-0.17331500238309624
0.36641405439646985,0.0,0.5834824287714963,0.2211688296790328,0.6289268309998693,0.24709311417469387,0.5961928010485275,0.5225959648182554,0.5187762272919287,0.6037528373996622,0.42609957192403963,0.9147623422757567,0.3871165762151893,1.3376996104235406,0.21140042053670657,1.435786888179915,0.038077998693065114,1.6127820099636672,-0.20598953628993547,1.710033498108124,-0.3537121518438337,1.6256219528014493,-0.5909359373314335,1.6853291366582537,-0.8143361104317448,1.6561989371668187,-1.5257647398323537,1.4989817335603497,-1.2069877607567525,1.4017293373581166,-1.2803218584423348,1.2174361510906575,-1.5812992689849048,1.1253267448331625
0.36641405439646985,0.0,0.7138500178589342,0.4577789151512024,0.7464188492559228,-0.28314094117465527,0.48620204830440633,-0.7914501184814136,0.7452357455881534,-0.8855286899248281,0.3957171855552827,-0.7888600927989416,0.5264835709309369,-0.8086917573021429,0.5356938230056327,-0.9384068223183637,0.12877228898346058,-1.2003706909607992,0.03983335549359146,-0.9960958622780772,0.428763025423026,-0.7709478562079533,0.27221390960776337,-0.5857970831945646,-0.2751519277807673,-0.8914194418727217,-0.5322761894587654,-0.7228697162662693,-0.41628428093364267,-0.7786903911223814,-0.3358174559165767,-0.9654185758357603,-0.33445468196798633,-1.0030553056498401
0.36641405439646985,0.0,0.07235998719845063,-0.48101786856990275,0.4096238082376274,0.17387031605502187,-0.1905603181038007,0.409767855419542,-0.5894600403702209,0.8394842130798603,0.917622227467276,-0.6087427611148161,-0.6538794750647394,0.7178759460513593,-0.5697477084381484,0.684173933633585,-0.3359116820947145,0.8002120258168621,-0.4524379316148964,0.7581835704727254,-0.508904412170568,0.5731437393733587,-0.6003895925017747,0.49075971984336086,-0.7369016405576186,0.4902640693319447,-1.1956573257578595,0.38232532860966917,-0.7184126553682946,0.1970443322603217,-0.6886318299763747,0.13632947994522981,-0.7584485704497173,0.060512401472267136
0.36641405439646985,0.0,0.7138500178589342,-2.0547970097372175,0.7499827160172559,0.18176335601460403,0.591902738727616,-0.9776155455660239,0.955064643009499,-0.6451784387615878,0.917622227467276,0.41200322496089775,0.9504219161133939,-0.02954471508136521,0.9831314533213885,-0.4770298694037444,0.9893657648279564,-1.9589374311041974,1.019684653149813,-1.858554532772693,0.44182384204794567,0.28653667786356235,1.0393853995489377,1.189810688690366,1.0335061034282351,-0.21300466908532417,0.8686568515556573,0.759266960638343,1.0847719507429148,-1.3179153248336946,1.134265675756457,1.6714900096416743,1.2133334344975362,-0.4259250589028677
0.36641405439646985,0.0,0.6771784602292016,-0.08831589197240057,0.5308915988462283,-0.22453724125969318,0.6071495799338602,-0.12967902896267935,0.5387787637884979,-0.3901912031908984,0.3681259253772191,-0.20850230067206535,0.6154708969344298,-0.01604066569516811,0.623994794948822,0.050053950954724216,0.381917735718539,0.4930991148412826,0.49594066153549243,0.3047791391270546,0.5880223248506848,0.22525240791818688,0.5249885923946341,0.27695060973414,0.595387759208213,0.554417040444946,0.1677351742518682,0.39299564389397657,0.5215596409842653,0.046776610979650815,0.4495352793065426,0.3137057660137155,0.43306032129410066,0.3200412891173128
0.36641405439646985,0.0,0.4054297119411052,0.2186285373503439,0.2421413345996327,-0.42148131896088004,0.6398587874886035,-0.059354528800020026,0.7246087802727527,-0.582939618896484,0.5395757405558567,-0.1652522423041446,0.6369556285223722,-0.19474560840076113,0.6576452186683738,-0.18014740704542354,0.7573578732602889,-0.09372440957358404,0.808494904818311,-0.00691961537715198,0.7706753654482943,-0.1986160732251327,0.5642777866727594,0.10693845445285001,0.800583080354986,-0.17635134603521085,0.49556680434347367,0.04300227105944343,0.7097273127812853,-0.020845835096536678,0.7115403020743958,-0.1229519712996517,0.9434605472389329,-0.1625731534588717
0.36641405439646985,0.0,0.634596690066184,0.07244832254319927,0.7499827160172559,-0.19981844676261468,0.8841103638533642,-0.039275434800215184,0.7504393190784159,-0.49868205015331574,0.7267411961967418,-0.24834588468189384,0.6788224790582723,-0.31251962947827217,0.7874755848102263,0.05550967767493837,0.6070970724557165,0.0010500132177724982,0.6115600529836974,-0.04107943455074437,0.5101038074415126,-0.16821370456678525,0.4521446567146739,-0.08594378304234244,0.2706414650128339,-0.03327206759564842,0.038510222875664926,0.08900592031649884,0.21851916790270992,-0.03164965446964186,0.28560784189757116,0.0027642497485687563,0.3052706940806807,-0.03855362497009758
0.36641405439646985,0.0,0.43717945435540645,0.3496577229113795,0.3824228359835615,0.5821229554698609,0.223541472121274,0.8468742863383705,0.009242311125423125,1.0853602422182471,-0.20762829635394614,1.3525551271898575,-0.35297972859119364,1.5547202595200904,-0.6501226244212753,1.710694895692929,-0.9213421036241993,1.4768064151277283,-1.1876844233314356,1.322281168668554,-1.3772668582557281,1.0593322809400036,-1.5858471272167034,0.7908361253623757,-1.7071474586825874,0.612737923274947,-2.3577715745505334,0.28277673642674794,-1.6212526405352292,-0.1610786219594876,-1.5650205041242213,-0.37285612074940105,-1.4958597422305833,-0.6986890679497142
0.36641405439646985,0.0,0.4522676419830411,0.9770645657345345,-0.13722746610810033,1.4523093931644389,-0.9209383929545732,1.5998879824943943,-1.9179947953161243,1.4640236688051913,-2.1746433679658472,0.879967639903815,-2.1644425769523856,0.15265826451342343,-1.8799326062166086,-0.697315660586995,-1.6081415252626257,-1.2424513946666746,-1.0216296937002438,-1.5300253505071153,-0.26921362808438554,-1.5261350211592444,0.24568796901715248,-1.0482249138415196,0.5046660231098538,-0.364233421880602,0.2571042217886115,0.31206297244595094,0.272453453929037,0.7769215936127715,-0.15599402457703823,1.070455907661926,-0.8101255506876318,1.16100131853315
0.36641405439646985,0.0,-0.3863975679022154,0.11787872910002019,0.04946135975178093,-0.09807885911154908,-0.5806941545172102,0.12984278427316484,0.19817365740987458,-0.3901912031908984,-0.21369055132863662,-0.484994469403883,0.0659806448195665,-0.3724946921889577,0.1765885549537002,-0.18640417300630405,0.3967319513293152,-0.3597925096888112,0.12184016189947951,0.06053643203586897,0.020786099026645452,-0.19096273247139098,-0.15218475569093487,0.36456320409769294,-0.06176393989470036,-0.0600378767355099,-0.4286983340984212,0.09668784417027539,-0.16681669630133955,-0.006986190900746646,0.025101783469661798,0.0030472669053634893,-0.13290308479648666,-0.07283612153677162
0.36641405439646985,0.0,0.7027355908765455,-0.07638559050016502,0.44333606138537185,-0.5310078573247592,0.6471901615957011,-0.5301740064345702,0.935520020980073,-0.5221560611698731,0.8551152230948071,-0.4526532396350909,0.7107820307260719,-0.12728637374109888,0.7816212900120021,-0.6086817510927219,0.8896427886757678,-0.2580600141992235,0.9916686787413782,-0.11093434566977603,0.9054828322325911,-0.015146889491950869,0.8400885858712417,-0.08506560178086088,0.9193595365900035,-0.2682357038183717,0.6228523919777368,-0.18524051914063586,0.9865750662291235,-0.3338805869326023,0.790079061560289,-0.4826290419648516,0.7694725338040173,-0.6122556220604027
-2.729152956884052,0.0,0.7138500178589342,2.1798022586427215,-1.1764317495681444,-0.29097032758617625,0.8841103638533642,-2.1237065861778666,0.955064643009499,-2.4992667662238954,0.917622227467276,1.72700371034991,0.9504219161133939,1.8461352047833706,0.9831314533213885,-2.3222995342609427,0.9893657648279564,1.9500921746436486,1.019684653149813,1.9796273968444311,1.0728596771828265,-1.934716002100228,-2.237444815474018,-1.8436329202515112,1.0335061034282351,-1.8156316307727864,0.8686568515556573,-1.6301101970292156,1.0847719507429148,1.9645136947023873,-0.6087161148758821,0.0030472669053634893,1.2133334344975362,-2.1124992263593514
0.36641405439646985,0.0,0.6627559279380801,0.20839932449106968,0.6367095454408344,0.13415050206486656,0.6581872227563476,0.3980598177026567,0.7262947380835979,0.29970850423282536,0.6607319506805368,0.6161889201155916,0.5012369844536338,0.8757146919644248,0.5114291051556201,1.1161072820264135,0.3138114573495251,1.303010958856179,0.178036716911463,1.4115380894418004,0.15108014436967238,1.2907930901515359,-0.020849400672814766,1.4378128138742943,-0.22582381249753875,1.5872567015035393,-0.7775661239622936,1.5084215347262033,-0.5071499574553425,1.5788686020795584,-0.6603432355144119,1.4691138747229873,-0.8774231588477921,1.5077739656227194
0.36641405439646985,0.0,0.7138500178589342,1.223110022713263,0.7499827160172559,-2.4127552629577216,0.8841103638533642,-2.1237065861778666,0.955064643009499,-2.4992667662238954,0.917622227467276,-2.32832290642653,0.9504219161133939,-2.221349550095269,0.9831314533213885,-2.3222995342609427,0.9893657648279564,-1.9589374311041974,1.019684653149813,-1.858554532772693,1.0728596771828265,-1.2210947254029674,1.0393853995489377,-1.8436329202515112,1.0335061034282351,-1.8156316307727864,0.8686568515556573,-1.6301101970292156,1.0847719507429148,-1.9784860765038805,1.134265675756457,-1.8837337783928574,1.2133334344975362,-2.1124992263593514
0.36641405439646985,0.0,-1.0988504917097834,0.15689036129060024,-1.1764317495681444,-0.29097032758617625,-1.130003401832797,-0.21686005248319953,0.012801555392762664,1.3483619649284617,-0.30761105875177464,1.72700371034991,-0.6710672603350935,-0.18760717265594914,-0.5863845783741207,-0.1573286135410357,-0.03472189254272934,-1.9589374311041974,-0.08139910720800732,-1.858554532772693,-0.5804082500221848,-0.016585487377992546,-0.5990297079625402,0.024837848858170596,-1.4203008538988167,-1.8156316307727864,0.8686568515556573,-1.6301101970292156,0.3173183817116264,-0.4732261988470318,-0.6087161148758821,0.0030472669053634893,-0.6823738376196543,-0.03477216171244021
0.36641405439646985,0.0,0.6539813803204046,-0.4145620067568797,0.5828469969830666,-0.2958079972388234,0.8151269673786132,-0.5433693844477373,0.9265490602828603,-0.004968551602921451,0.7715058824907909,-0.2960365256951848,0.846760113063042,-0.3593973912782485,0.8469602424114862,-0.1622647472402771,0.7735573565574414,-0.17399633252761607,0.9708295344399221,-0.34694415252193295,1.0728596771828265,0.1804832417045699,0.9084596483076955,-0.07327555122777879,0.9038347773487362,0.2477882399235028,0.7507712412420213,-0.03487169386556823,1.033694426516323,-0.4030802329172723,0.8795811765092596,-0.16064985658471015,1.1484054604275227,-0.4901683797417502
0.36641405439646985,0.0,0.13398353426051512,-0.14717355798086296,-0.38107300916190023,-0.7804024586283306,0.8442107701551214,-0.39749562462009536,0.9490076834668335,-0.606076177822956,0.917622227467276,-0.522709006939904,0.2850438325577571,1.8461352047833706,0.7277084143232614,-2.3222995342609427,0.7004152227167775,-0.35355760746764336,0.702982333750117,-0.48174110189008634,-1.0088361006780913,1.7620969389239363,0.2518484098213956,0.12678161402079483,0.4395893992836545,-0.2782777101334712,0.7325847588048496,-0.5983592662518545,0.4619806689921961,-0.43876438084668906,0.8926186803031896,-1.6451314474044443,-1.1219125257327462,-2.1124992263593514
0.36641405439646985,0.0,0.45259038396438095,0.7741813971620118,0.058380658727441165,1.1775594618831775,-0.49863915970315587,1.4349457573298057,-1.2082273712443172,1.5235839627052434,-1.609911428006847,1.3082101306354073,-1.8152062381289102,0.8609903971517641,-1.858461626903014,0.3348775252846352,-1.9626559721066459,-0.2494992393626357,-1.7370411389055236,-0.6706756073754894,-1.2141719772369537,-1.222341510237537,-0.8122366659030088,-1.2973294367792225,-0.41996936043711247,-1.1671690729752338,-0.34752210890007723,-0.7787350572440769,0.26858133703180553,-0.5964055116995156,0.3715194143578391,-0.10898979156444487,0.29315712461185184,0.3110655081980381
0.36641405439646985,0.0,-1.3032873655147015,-0.08831589197240057,-1.1764317495681444,-0.29097032758617625,-1.130003401832797,-0.21686005248319953,-1.1263647530955074,-0.3901912031908984,0.917622227467276,-0.9765406086233553,-0.400813659296424,0.34202001727679854,-0.5863845783741207,-0.1573286135410357,-0.6403609250264084,-0.004422628230274487,-0.6263772979920579,0.06053643203586897,-0.9076230381746007,-0.4361765374734815,-0.8721043539314782,1.7181394833638197,-2.4087908458549867,1.0811009601213106,-1.0278232043763007,1.4461750991055562,-1.0305569055104522,-1.9784860765038805,-0.8265888387049244,-0.5079496435927537,-1.0575722209170888,-1.9826412848189192
0.36641405439646985,0.0,0.7138500178589342,0.13400504915089367,0.7499827160172559,0.24161890904143535,0.851683132225817,0.4132383161108663,0.546375981084281,0.7280406603291967,0.47276649071747845,0.921960547020535,0.25216003205938187,1.275507768521446,0.2817304339169824,1.446460194819064,-0.16037382033050085,1.6020517236958893,-0.27844918337920066,1.5915296310311953,-0.4198924669698503,1.5593889061280906,-0.6274398259267893,1.5171854521460735,-0.9482930962131013,1.5753994094314794,-1.5622564412623259,1.3439896909545195,-1.1819308620795566,1.1946035593766515,-1.3109809081395578,1.0317580284228596,-1.4940209061766294,0.8905228092574152
0.36641405439646985,0.0,0.5088080028390041,0.7090864062393578,0.12068090254447308,1.0294800912435975,-0.2458477409718859,1.5823068574537296,-1.2021912259956127,1.3078255326069677,-1.2661762375797465,1.2268602787028717,-1.0786609946189496,0.8051845063148292,-1.4869257918800531,0.45784787358152595,-1.7282034905041967,0.2025800345421027,-1.4059357774333363,-0.05831287141472526,-1.9204811010974785,-0.13188431261794611,-1.1429343712031255,-0.8644047595765092,-0.9096188899879043,-0.9199619136683316,-0.9686330313952557,-0.7850106792481917,-0.2176188699930171,-0.8641549111632773,0.02897120304486559,-0.5640625118799227,0.12908366021010906,0.24150320607365955
-2.729152956884052,0.0,-3.320424748888337,2.1798022586427215,0.7499827160172559,1.830814607785369,-1.130003401832797,-0.21686005248319953,0.955064643009499,-2.4992667662238954,0.917622227467276,-2.32832290642653,0.9504219161133939,-2.221349550095269,-2.15590061006963,-2.3222995342609427,-0.6403609250264084,-0.004422628230274487,-2.2724392491339285,-1.858554532772693,-0.5804082500221848,-0.016585487377992546,-0.5990297079625402,0.024837848858170596,-2.4087908458549867,-1.8156316307727864,0.8686568515556573,-1.6301101970292156,1.0847719507429148,1.9645136947023873,-2.351697905508221,-1.8837337783928574,-0.6823738376196543,-0.03477216171244021
